model,algo,attempt,config,bpp,zeroshot_mem_allot,zeroshot_mem_reserved,acc1_zeroshot_cls,acc5_zeroshot_cls,recall_zeroshot_cls,duration_zeroshot_cls
CLIP-ViT-B-32-laion2B-s34B-b79K,fp16,baseline,base,16,852.7548828125,932,0.66532,0.89882,0.6654800000000001,54.06568670272827
CLIP-ViT-B-32-laion2B-s34B-b79K,hqq,baseline,b2g16,3.02,356.20166015625,482,0.2082,0.42142,0.20824,55.585845947265625
CLIP-ViT-B-32-laion2B-s34B-b79K,hqq,baseline,b2g32,2.51,346.45166015625,472,0.03466,0.10196,0.0346599999999999,55.27143859863281
CLIP-ViT-B-32-laion2B-s34B-b79K,hqq,baseline,b2g64,2.25,341.57666015625,468,0.00432,0.01842,0.0043199999999999,55.39458394050598
CLIP-ViT-B-32-laion2B-s34B-b79K,hqq,baseline,b3g128,3.13,350.85791015625,478,0.48216,0.75936,0.48212,55.475133180618286
CLIP-ViT-B-32-laion2B-s34B-b79K,hqq,baseline,b3g32,3.51,358.17041015625,486,0.59646,0.85714,0.5963800000000001,55.75628423690796
CLIP-ViT-B-32-laion2B-s34B-b79K,hqq,baseline,b3g64,3.25,353.29541015625,480,0.55212,0.8225,0.5520999999999999,55.792211055755615
CLIP-ViT-B-32-laion2B-s34B-b79K,hqq,baseline,b4g128,4.13,360.51416015625,492,0.6336,0.88038,0.63378,54.87774586677551
CLIP-ViT-B-32-laion2B-s34B-b79K,hqq,baseline,b4g32,4.51,367.82666015625,498,0.65104,0.89042,0.65104,54.93807101249695
CLIP-ViT-B-32-laion2B-s34B-b79K,hqq,baseline,b4g64,4.25,362.95166015625,494,0.64332,0.8853,0.64356,54.83751654624939
CLIP-ViT-B-32-laion2B-s34B-b79K,hqq,baseline,b8g128,8.13,397.63916015625,530,0.66534,0.89942,0.6654200000000001,54.8525972366333
CLIP-ViT-B-32-laion2B-s34B-b79K,hqq,baseline,b8g32,8.51,404.95166015625,536,0.6654,0.89884,0.66546,54.72842717170715
CLIP-ViT-B-32-laion2B-s34B-b79K,hqq,baseline,b8g64,8.25,400.07666015625,532,0.66554,0.89904,0.6655399999999999,54.495078802108765
CLIP-ViT-B-32-laion2B-s34B-b79K,mxq,kurt-boost-1-1,2_25,2.25,341.70166015625,468,0.01932,0.05584,0.0192199999999999,56.08286595344544
CLIP-ViT-B-32-laion2B-s34B-b79K,mxq,kurt-boost-1-1,2_51,2.51,346.70166015625,472,0.0732,0.18552,0.07334,55.82830572128296
CLIP-ViT-B-32-laion2B-s34B-b79K,mxq,kurt-boost-1-1,3_02,3.02,356.06494140625,482,0.26516,0.51184,0.2649199999999999,56.04820227622986
CLIP-ViT-B-32-laion2B-s34B-b79K,mxq,kurt-boost-1-1,3_13,3.13,350.92041015625,478,0.457,0.73358,0.45686,56.08222246170044
CLIP-ViT-B-32-laion2B-s34B-b79K,mxq,kurt-boost-1-1,3_25,3.25,353.42041015625,480,0.5243,0.79824,0.52446,56.32216906547546
CLIP-ViT-B-32-laion2B-s34B-b79K,mxq,kurt-boost-1-1,3_51,3.51,358.18212890625,486,0.57196,0.83854,0.5720599999999999,56.56859731674194
CLIP-ViT-B-32-laion2B-s34B-b79K,mxq,kurt-boost-1-1,4_13,4.13,360.57666015625,492,0.63292,0.88094,0.6328600000000001,55.74461054801941
CLIP-ViT-B-32-laion2B-s34B-b79K,mxq,kurt-boost-1-1,4_25,4.25,363.07666015625,494,0.64286,0.88546,0.64288,55.695292711257935
CLIP-ViT-B-32-laion2B-s34B-b79K,mxq,kurt-boost-1-1,4_51,4.51,368.63916015625,500,0.65226,0.89102,0.65226,55.74473214149475
CLIP-ViT-B-32-laion2B-s34B-b79K,mxq,kurt-boost-1-1,8_13,8.13,397.70166015625,530,0.6655,0.89898,0.6654200000000001,56.49666166305542
CLIP-ViT-B-32-laion2B-s34B-b79K,mxq,kurt-boost-1-1,8_25,8.25,400.20166015625,532,0.66518,0.89902,0.66534,57.2969913482666
CLIP-ViT-B-32-laion2B-s34B-b79K,mxq,kurt-boost-1-1,8_51,8.51,404.95166015625,536,0.66554,0.899,0.6656,55.702006816864014
CLIP-ViT-B-32-laion2B-s34B-b79K,mxq,kurt-boost-1-2,2_25,2.25,341.70166015625,468,0.01932,0.05584,0.0192199999999999,59.73354148864746
CLIP-ViT-B-32-laion2B-s34B-b79K,mxq,kurt-boost-1-2,2_51,2.51,346.70166015625,472,0.0732,0.18552,0.07334,56.131890058517456
CLIP-ViT-B-32-laion2B-s34B-b79K,mxq,kurt-boost-1-2,3_02,3.02,356.06494140625,482,0.26516,0.51184,0.2649199999999999,56.1289701461792
CLIP-ViT-B-32-laion2B-s34B-b79K,mxq,kurt-boost-1-2,3_13,3.13,350.92041015625,478,0.457,0.73358,0.45686,56.99899482727051
CLIP-ViT-B-32-laion2B-s34B-b79K,mxq,kurt-boost-1-2,3_25,3.25,353.42041015625,480,0.5243,0.79824,0.52446,56.93271088600159
CLIP-ViT-B-32-laion2B-s34B-b79K,mxq,kurt-boost-1-2,3_51,3.51,358.18212890625,486,0.57196,0.83854,0.5720599999999999,58.46709322929382
CLIP-ViT-B-32-laion2B-s34B-b79K,mxq,kurt-boost-1-2,4_13,4.13,360.57666015625,492,0.63292,0.88094,0.6328600000000001,55.35943078994751
CLIP-ViT-B-32-laion2B-s34B-b79K,mxq,kurt-boost-1-2,4_25,4.25,363.07666015625,494,0.64286,0.88546,0.64288,55.82127690315247
CLIP-ViT-B-32-laion2B-s34B-b79K,mxq,kurt-boost-1-2,4_51,4.51,368.63916015625,500,0.65226,0.89102,0.65226,56.30464053153992
CLIP-ViT-B-32-laion2B-s34B-b79K,mxq,kurt-boost-1-2,8_13,8.13,397.70166015625,530,0.6655,0.89898,0.6654200000000001,55.887635707855225
CLIP-ViT-B-32-laion2B-s34B-b79K,mxq,kurt-boost-1-2,8_25,8.25,400.20166015625,532,0.66518,0.89902,0.66534,55.74659085273743
CLIP-ViT-B-32-laion2B-s34B-b79K,mxq,kurt-boost-1-2,8_51,8.51,404.95166015625,536,0.66554,0.899,0.6656,56.16912460327149
CLIP-ViT-B-32-laion2B-s34B-b79K,mxq,kurt-boost-1-3,2_25,2.25,341.70166015625,468,0.01932,0.05584,0.0192199999999999,56.4390664100647
CLIP-ViT-B-32-laion2B-s34B-b79K,mxq,kurt-boost-1-3,2_51,2.51,346.70166015625,472,0.0732,0.18552,0.07334,56.06730818748474
CLIP-ViT-B-32-laion2B-s34B-b79K,mxq,kurt-boost-1-3,3_02,3.02,356.06494140625,482,0.26516,0.51184,0.2649199999999999,55.40081739425659
CLIP-ViT-B-32-laion2B-s34B-b79K,mxq,kurt-boost-1-3,3_13,3.13,350.92041015625,478,0.457,0.73358,0.45686,56.26855707168579
CLIP-ViT-B-32-laion2B-s34B-b79K,mxq,kurt-boost-1-3,3_25,3.25,353.42041015625,480,0.5243,0.79824,0.52446,59.280118227005005
CLIP-ViT-B-32-laion2B-s34B-b79K,mxq,kurt-boost-1-3,3_51,3.51,358.18212890625,486,0.57196,0.83854,0.5720599999999999,56.589823484420776
CLIP-ViT-B-32-laion2B-s34B-b79K,mxq,kurt-boost-1-3,4_13,4.13,360.57666015625,492,0.63292,0.88094,0.6328600000000001,55.66573119163513
CLIP-ViT-B-32-laion2B-s34B-b79K,mxq,kurt-boost-1-3,4_25,4.25,363.07666015625,494,0.64286,0.88546,0.64288,58.4063766002655
CLIP-ViT-B-32-laion2B-s34B-b79K,mxq,kurt-boost-1-3,4_51,4.51,368.63916015625,500,0.65226,0.89102,0.65226,55.58545732498169
CLIP-ViT-B-32-laion2B-s34B-b79K,mxq,kurt-boost-1-3,8_13,8.13,397.70166015625,530,0.6655,0.89898,0.6654200000000001,55.53647494316101
CLIP-ViT-B-32-laion2B-s34B-b79K,mxq,kurt-boost-1-3,8_25,8.25,400.20166015625,532,0.66518,0.89902,0.66534,55.61443519592285
CLIP-ViT-B-32-laion2B-s34B-b79K,mxq,kurt-boost-1-3,8_51,8.51,404.95166015625,536,0.66554,0.899,0.6656,55.9664990901947
CLIP-ViT-B-32-laion2B-s34B-b79K,mxq,kurt-boost-2-1,2_25,2.25,341.95166015625,468,0.01748,0.05446,0.01738,55.22075891494751
CLIP-ViT-B-32-laion2B-s34B-b79K,mxq,kurt-boost-2-1,2_51,2.51,346.56494140625,472,0.0762,0.1921,0.07612,56.08037257194519
CLIP-ViT-B-32-laion2B-s34B-b79K,mxq,kurt-boost-2-1,3_02,3.02,356.12744140625,482,0.26514,0.5117,0.26496,55.42599558830261
CLIP-ViT-B-32-laion2B-s34B-b79K,mxq,kurt-boost-2-1,3_13,3.13,351.04541015625,478,0.45674,0.73418,0.4567,56.0308883190155
CLIP-ViT-B-32-laion2B-s34B-b79K,mxq,kurt-boost-2-1,3_25,3.25,353.43212890625,480,0.52616,0.79988,0.52616,56.10409045219421
CLIP-ViT-B-32-laion2B-s34B-b79K,mxq,kurt-boost-2-1,3_51,3.51,358.24462890625,486,0.57198,0.8387,0.57224,56.07775783538818
CLIP-ViT-B-32-laion2B-s34B-b79K,mxq,kurt-boost-2-1,4_13,4.13,360.70166015625,492,0.63378,0.88078,0.6333200000000001,55.72699952125549
CLIP-ViT-B-32-laion2B-s34B-b79K,mxq,kurt-boost-2-1,4_25,4.25,363.88916015625,494,0.64354,0.88564,0.64354,55.19413757324219
CLIP-ViT-B-32-laion2B-s34B-b79K,mxq,kurt-boost-2-1,4_51,4.51,368.70166015625,500,0.65204,0.8911,0.6522,55.96046233177185
CLIP-ViT-B-32-laion2B-s34B-b79K,mxq,kurt-boost-2-1,8_13,8.13,397.82666015625,530,0.66552,0.89896,0.6655,54.87480521202088
CLIP-ViT-B-32-laion2B-s34B-b79K,mxq,kurt-boost-2-1,8_25,8.25,400.20166015625,532,0.66518,0.89902,0.66534,55.44998025894165
CLIP-ViT-B-32-laion2B-s34B-b79K,mxq,kurt-boost-2-1,8_51,8.51,404.95166015625,536,0.66554,0.899,0.6656,54.904388427734375
CLIP-ViT-B-32-laion2B-s34B-b79K,mxq,kurt-boost-2-2,2_25,2.25,341.95166015625,468,0.01748,0.05446,0.01738,56.738608837127686
CLIP-ViT-B-32-laion2B-s34B-b79K,mxq,kurt-boost-2-2,2_51,2.51,346.56494140625,472,0.0762,0.1921,0.07612,55.65191960334778
CLIP-ViT-B-32-laion2B-s34B-b79K,mxq,kurt-boost-2-2,3_02,3.02,356.12744140625,482,0.26514,0.5117,0.26496,55.247875690460205
CLIP-ViT-B-32-laion2B-s34B-b79K,mxq,kurt-boost-2-2,3_13,3.13,351.04541015625,478,0.45674,0.73418,0.4567,56.20130062103272
CLIP-ViT-B-32-laion2B-s34B-b79K,mxq,kurt-boost-2-2,3_25,3.25,353.43212890625,480,0.52616,0.79988,0.52616,56.08432197570801
CLIP-ViT-B-32-laion2B-s34B-b79K,mxq,kurt-boost-2-2,3_51,3.51,358.24462890625,486,0.57198,0.8387,0.57224,55.82920718193054
CLIP-ViT-B-32-laion2B-s34B-b79K,mxq,kurt-boost-2-2,4_13,4.13,360.70166015625,492,0.63378,0.88078,0.6333200000000001,55.25337433815002
CLIP-ViT-B-32-laion2B-s34B-b79K,mxq,kurt-boost-2-2,4_25,4.25,363.88916015625,494,0.64354,0.88564,0.64354,55.01493573188782
CLIP-ViT-B-32-laion2B-s34B-b79K,mxq,kurt-boost-2-2,4_51,4.51,368.70166015625,500,0.65204,0.8911,0.6522,55.329487323760986
CLIP-ViT-B-32-laion2B-s34B-b79K,mxq,kurt-boost-2-2,8_13,8.13,397.82666015625,530,0.66552,0.89896,0.6655,55.35147309303284
CLIP-ViT-B-32-laion2B-s34B-b79K,mxq,kurt-boost-2-2,8_25,8.25,400.20166015625,532,0.66518,0.89902,0.66534,54.62213826179504
CLIP-ViT-B-32-laion2B-s34B-b79K,mxq,kurt-boost-2-2,8_51,8.51,404.95166015625,536,0.66554,0.899,0.6656,55.4985876083374
CLIP-ViT-B-32-laion2B-s34B-b79K,mxq,kurt-boost-2-3,2_25,2.25,341.95166015625,468,0.01748,0.05446,0.01738,58.016769886016846
CLIP-ViT-B-32-laion2B-s34B-b79K,mxq,kurt-boost-2-3,2_51,2.51,346.56494140625,472,0.0762,0.1921,0.07612,55.65753865242005
CLIP-ViT-B-32-laion2B-s34B-b79K,mxq,kurt-boost-2-3,3_02,3.02,356.12744140625,482,0.26514,0.5117,0.26496,55.61212491989136
CLIP-ViT-B-32-laion2B-s34B-b79K,mxq,kurt-boost-2-3,3_13,3.13,351.04541015625,478,0.45674,0.73418,0.4567,56.25815677642822
CLIP-ViT-B-32-laion2B-s34B-b79K,mxq,kurt-boost-2-3,3_25,3.25,353.43212890625,480,0.52616,0.79988,0.52616,56.23059415817261
CLIP-ViT-B-32-laion2B-s34B-b79K,mxq,kurt-boost-2-3,3_51,3.51,358.24462890625,486,0.57198,0.8387,0.57224,56.32101893424988
CLIP-ViT-B-32-laion2B-s34B-b79K,mxq,kurt-boost-2-3,4_13,4.13,360.70166015625,492,0.63378,0.88078,0.6333200000000001,55.20839405059815
CLIP-ViT-B-32-laion2B-s34B-b79K,mxq,kurt-boost-2-3,4_25,4.25,363.88916015625,494,0.64354,0.88564,0.64354,55.60943412780762
CLIP-ViT-B-32-laion2B-s34B-b79K,mxq,kurt-boost-2-3,4_51,4.51,368.70166015625,500,0.65204,0.8911,0.6522,55.58384251594544
CLIP-ViT-B-32-laion2B-s34B-b79K,mxq,kurt-boost-2-3,8_13,8.13,397.82666015625,530,0.66552,0.89896,0.6655,55.19412541389465
CLIP-ViT-B-32-laion2B-s34B-b79K,mxq,kurt-boost-2-3,8_25,8.25,400.20166015625,532,0.66518,0.89902,0.66534,55.250081062316895
CLIP-ViT-B-32-laion2B-s34B-b79K,mxq,kurt-boost-2-3,8_51,8.51,404.95166015625,536,0.66554,0.899,0.6656,55.41306519508362
CLIP-ViT-H-14-laion2B-s32B-b79K,fp16,baseline,base,16,5556.08984375,5768,0.77952,0.9523,0.7793000000000001,213.8021674156189
CLIP-ViT-H-14-laion2B-s32B-b79K,hqq,baseline,b2g16,3.02,2124.37158203125,2678,0.74628,0.93934,0.74646,234.91789937019348
CLIP-ViT-H-14-laion2B-s32B-b79K,hqq,baseline,b2g32,2.51,2050.37158203125,2582,0.71986000000000006,0.9277,0.7203,233.6767327785492
CLIP-ViT-H-14-laion2B-s32B-b79K,hqq,baseline,b2g64,2.25,2013.37158203125,2546,0.67266,0.90354,0.6725,234.00782084465027
CLIP-ViT-H-14-laion2B-s32B-b79K,hqq,baseline,b3g128,3.13,2086.72265625,2616,0.7645,0.94732,0.7647600000000001,237.69532561302185
CLIP-ViT-H-14-laion2B-s32B-b79K,hqq,baseline,b3g32,3.51,2142.22265625,2672,0.77086,0.9504,0.7711600000000001,238.15288925170896
CLIP-ViT-H-14-laion2B-s32B-b79K,hqq,baseline,b3g64,3.25,2105.22265625,2634,0.76832,0.94776,0.76828,237.7055759429932
CLIP-ViT-H-14-laion2B-s32B-b79K,hqq,baseline,b4g128,4.13,2142.18212890625,2684,0.77672,0.95176,0.77676,232.67711782455444
CLIP-ViT-H-14-laion2B-s32B-b79K,hqq,baseline,b4g32,4.51,2197.68212890625,2740,0.77814,0.95144,0.7782,233.6429190635681
CLIP-ViT-H-14-laion2B-s32B-b79K,hqq,baseline,b4g64,4.25,2160.68212890625,2702,0.77722,0.95152,0.77734,232.7279989719391
CLIP-ViT-H-14-laion2B-s32B-b79K,hqq,baseline,b8g128,8.13,2438.18212890625,2996,0.77934,0.95236,0.77934,233.09771299362183
CLIP-ViT-H-14-laion2B-s32B-b79K,hqq,baseline,b8g32,8.51,2493.68212890625,3052,0.7798,0.95234,0.7796000000000001,233.1884293556213
CLIP-ViT-H-14-laion2B-s32B-b79K,hqq,baseline,b8g64,8.25,2456.68212890625,3014,0.7796,0.95236,0.7794800000000001,233.69635581970212
CLIP-ViT-H-14-laion2B-s32B-b79K,mxq,kurt-boost-1-1,2_25,2.25,2013.58837890625,2548,0.65188,0.89106,0.65152,233.8745872974396
CLIP-ViT-H-14-laion2B-s32B-b79K,mxq,kurt-boost-1-1,2_51,2.51,2051.86962890625,2586,0.69972,0.9191,0.6998600000000001,233.4659595489502
CLIP-ViT-H-14-laion2B-s32B-b79K,mxq,kurt-boost-1-1,3_02,3.02,2121.82275390625,2678,0.7356,0.93486,0.7354400000000001,234.58212900161743
CLIP-ViT-H-14-laion2B-s32B-b79K,mxq,kurt-boost-1-1,3_13,3.13,2086.11328125,2616,0.76434,0.94608,0.76444,237.7229104042053
CLIP-ViT-H-14-laion2B-s32B-b79K,mxq,kurt-boost-1-1,3_25,3.25,2105.25390625,2636,0.7677,0.94762,0.76768,238.7807414531708
CLIP-ViT-H-14-laion2B-s32B-b79K,mxq,kurt-boost-1-1,3_51,3.51,2142.3505859375,2670,0.77034,0.94964,0.7701999999999999,238.1301589012146
CLIP-ViT-H-14-laion2B-s32B-b79K,mxq,kurt-boost-1-1,4_13,4.13,2142.94775390625,2684,0.77732,0.95162,0.77736,234.37595176696777
CLIP-ViT-H-14-laion2B-s32B-b79K,mxq,kurt-boost-1-1,4_25,4.25,2162.08837890625,2704,0.77674,0.95152,0.77678,233.07436871528623
CLIP-ViT-H-14-laion2B-s32B-b79K,mxq,kurt-boost-1-1,4_51,4.51,2206.63525390625,2750,0.77808,0.95142,0.7779200000000001,233.25543642044067
CLIP-ViT-H-14-laion2B-s32B-b79K,mxq,kurt-boost-1-1,8_13,8.13,2439.01220703125,2990,0.77956,0.95224,0.7794,233.748551607132
CLIP-ViT-H-14-laion2B-s32B-b79K,mxq,kurt-boost-1-1,8_25,8.25,2458.15283203125,3010,0.77944,0.95238,0.7793199999999999,235.21218180656436
CLIP-ViT-H-14-laion2B-s32B-b79K,mxq,kurt-boost-1-1,8_51,8.51,2493.87158203125,3046,0.77938,0.95238,0.7794000000000001,233.62295937538147
CLIP-ViT-H-14-laion2B-s32B-b79K,mxq,kurt-boost-1-2,2_25,2.25,2014.86962890625,2548,0.65362,0.89148,0.65358,233.94957184791565
CLIP-ViT-H-14-laion2B-s32B-b79K,mxq,kurt-boost-1-2,2_51,2.51,2054.43212890625,2588,0.70018,0.91904,0.69996,233.6301851272583
CLIP-ViT-H-14-laion2B-s32B-b79K,mxq,kurt-boost-1-2,3_02,3.02,2121.83837890625,2674,0.73572,0.93536,0.73568,234.942223072052
CLIP-ViT-H-14-laion2B-s32B-b79K,mxq,kurt-boost-1-2,3_13,3.13,2086.75390625,2616,0.764,0.94644,0.76406,238.09004616737369
CLIP-ViT-H-14-laion2B-s32B-b79K,mxq,kurt-boost-1-2,3_25,3.25,2106.53515625,2636,0.76754,0.94766,0.7673000000000001,238.05631113052368
CLIP-ViT-H-14-laion2B-s32B-b79K,mxq,kurt-boost-1-2,3_51,3.51,2140.92236328125,2676,0.77106,0.95042,0.7711600000000001,237.74711799621585
CLIP-ViT-H-14-laion2B-s32B-b79K,mxq,kurt-boost-1-2,4_13,4.13,2143.58837890625,2684,0.777,0.9515,0.7771,233.23677730560303
CLIP-ViT-H-14-laion2B-s32B-b79K,mxq,kurt-boost-1-2,4_25,4.25,2163.36962890625,2704,0.77676,0.95132,0.7769000000000001,233.3747479915619
CLIP-ViT-H-14-laion2B-s32B-b79K,mxq,kurt-boost-1-2,4_51,4.51,2213.96337890625,2756,0.7781,0.9516,0.77818,234.85761952400208
CLIP-ViT-H-14-laion2B-s32B-b79K,mxq,kurt-boost-1-2,8_13,8.13,2439.65283203125,2990,0.77954,0.95234,0.77938,233.30609130859372
CLIP-ViT-H-14-laion2B-s32B-b79K,mxq,kurt-boost-1-2,8_25,8.25,2459.43408203125,3010,0.77944,0.9523,0.77924,234.5414454936981
CLIP-ViT-H-14-laion2B-s32B-b79K,mxq,kurt-boost-1-2,8_51,8.51,2493.87158203125,3046,0.77938,0.95238,0.7794000000000001,234.5745620727539
CLIP-ViT-H-14-laion2B-s32B-b79K,mxq,kurt-boost-1-3,2_25,2.25,2015.65087890625,2550,0.6555,0.8932,0.6553199999999999,233.4289939403534
CLIP-ViT-H-14-laion2B-s32B-b79K,mxq,kurt-boost-1-3,2_51,2.51,2055.99462890625,2590,0.69926,0.91926,0.69898,233.76659750938416
CLIP-ViT-H-14-laion2B-s32B-b79K,mxq,kurt-boost-1-3,3_02,3.02,2120.85400390625,2670,0.73656,0.9353,0.73664,235.1987950801849
CLIP-ViT-H-14-laion2B-s32B-b79K,mxq,kurt-boost-1-3,3_13,3.13,2087.14453125,2618,0.76482000000000006,0.94642,0.76486,237.63730573654172
CLIP-ViT-H-14-laion2B-s32B-b79K,mxq,kurt-boost-1-3,3_25,3.25,2107.31640625,2638,0.76738,0.94776,0.76734,238.73007822036743
CLIP-ViT-H-14-laion2B-s32B-b79K,mxq,kurt-boost-1-3,3_51,3.51,2141.25048828125,2674,0.77146,0.95014,0.77144,240.10264587402344
CLIP-ViT-H-14-laion2B-s32B-b79K,mxq,kurt-boost-1-3,4_13,4.13,2143.97900390625,2686,0.77722,0.9516,0.7770199999999999,233.92384576797485
CLIP-ViT-H-14-laion2B-s32B-b79K,mxq,kurt-boost-1-3,4_25,4.25,2164.15087890625,2706,0.77738,0.9514,0.7775400000000001,237.33548712730408
CLIP-ViT-H-14-laion2B-s32B-b79K,mxq,kurt-boost-1-3,4_51,4.51,2220.29150390625,2760,0.77806,0.95154,0.77796,233.0343081951141
CLIP-ViT-H-14-laion2B-s32B-b79K,mxq,kurt-boost-1-3,8_13,8.13,2440.04345703125,2992,0.77946,0.95228,0.77938,233.25129652023315
CLIP-ViT-H-14-laion2B-s32B-b79K,mxq,kurt-boost-1-3,8_25,8.25,2460.21533203125,3012,0.77942,0.95236,0.7791,234.20024609565732
CLIP-ViT-H-14-laion2B-s32B-b79K,mxq,kurt-boost-1-3,8_51,8.51,2493.87158203125,3046,0.77938,0.95238,0.7794000000000001,234.78458642959595
CLIP-ViT-H-14-laion2B-s32B-b79K,mxq,kurt-boost-2-1,2_25,2.25,2016.15087890625,2550,0.65566,0.89426,0.65556,233.99163556098935
CLIP-ViT-H-14-laion2B-s32B-b79K,mxq,kurt-boost-2-1,2_51,2.51,2050.38525390625,2588,0.70532,0.9214,0.70536,243.31254124641416
CLIP-ViT-H-14-laion2B-s32B-b79K,mxq,kurt-boost-2-1,3_02,3.02,2122.46337890625,2678,0.73616,0.93532,0.7360599999999999,238.4509265422821
CLIP-ViT-H-14-laion2B-s32B-b79K,mxq,kurt-boost-2-1,3_13,3.13,2087.39453125,2618,0.7642,0.94576,0.76422,237.89705061912537
CLIP-ViT-H-14-laion2B-s32B-b79K,mxq,kurt-boost-2-1,3_25,3.25,2106.6318359375,2634,0.76798,0.94792,0.7681800000000001,238.05590987205505
CLIP-ViT-H-14-laion2B-s32B-b79K,mxq,kurt-boost-2-1,3_51,3.51,2142.9912109375,2670,0.77008,0.94932,0.7698800000000001,239.19838523864743
CLIP-ViT-H-14-laion2B-s32B-b79K,mxq,kurt-boost-2-1,4_13,4.13,2144.22900390625,2686,0.77742,0.9518,0.77752,233.20362901687625
CLIP-ViT-H-14-laion2B-s32B-b79K,mxq,kurt-boost-2-1,4_25,4.25,2170.91650390625,2714,0.77756,0.95168,0.7772800000000001,233.59301209449768
CLIP-ViT-H-14-laion2B-s32B-b79K,mxq,kurt-boost-2-1,4_51,4.51,2207.27587890625,2750,0.77794,0.95146,0.77778,233.4328591823578
CLIP-ViT-H-14-laion2B-s32B-b79K,mxq,kurt-boost-2-1,8_13,8.13,2440.29345703125,2992,0.77948,0.95238,0.77934,233.43131518363955
CLIP-ViT-H-14-laion2B-s32B-b79K,mxq,kurt-boost-2-1,8_25,8.25,2458.15283203125,3010,0.77944,0.95238,0.7793199999999999,233.540194272995
CLIP-ViT-H-14-laion2B-s32B-b79K,mxq,kurt-boost-2-1,8_51,8.51,2493.87158203125,3046,0.77938,0.95238,0.7794000000000001,233.93094420433044
CLIP-ViT-H-14-laion2B-s32B-b79K,mxq,kurt-boost-2-2,2_25,2.25,2019.99462890625,2554,0.65942,0.89566,0.6593199999999999,234.2028067111969
CLIP-ViT-H-14-laion2B-s32B-b79K,mxq,kurt-boost-2-2,2_51,2.51,2052.96337890625,2588,0.70924,0.92356,0.7092,237.41600847244263
CLIP-ViT-H-14-laion2B-s32B-b79K,mxq,kurt-boost-2-2,3_02,3.02,2123.11962890625,2674,0.73752,0.93674,0.73778,235.26516032218933
CLIP-ViT-H-14-laion2B-s32B-b79K,mxq,kurt-boost-2-2,3_13,3.13,2089.31640625,2620,0.76386,0.94624,0.7639600000000001,238.2219560146332
CLIP-ViT-H-14-laion2B-s32B-b79K,mxq,kurt-boost-2-2,3_25,3.25,2106.48486328125,2640,0.76838,0.94824,0.76838,238.0733015537262
CLIP-ViT-H-14-laion2B-s32B-b79K,mxq,kurt-boost-2-2,3_51,3.51,2142.20361328125,2676,0.77136,0.94954,0.7714000000000001,237.81288504600525
CLIP-ViT-H-14-laion2B-s32B-b79K,mxq,kurt-boost-2-2,4_13,4.13,2146.15087890625,2688,0.77718,0.95174,0.777,234.2130172252655
CLIP-ViT-H-14-laion2B-s32B-b79K,mxq,kurt-boost-2-2,4_25,4.25,2179.52587890625,2720,0.77774,0.95206,0.7775599999999999,233.1037449836731
CLIP-ViT-H-14-laion2B-s32B-b79K,mxq,kurt-boost-2-2,4_51,4.51,2215.24462890625,2756,0.77832,0.95162,0.7782800000000001,233.16886472702024
CLIP-ViT-H-14-laion2B-s32B-b79K,mxq,kurt-boost-2-2,8_13,8.13,2442.21533203125,2994,0.77958,0.95236,0.77926,233.6228733062744
CLIP-ViT-H-14-laion2B-s32B-b79K,mxq,kurt-boost-2-2,8_25,8.25,2459.43408203125,3010,0.77944,0.9523,0.77924,234.08625674247745
CLIP-ViT-H-14-laion2B-s32B-b79K,mxq,kurt-boost-2-2,8_51,8.51,2493.87158203125,3046,0.77938,0.95238,0.7794000000000001,234.10043334960935
CLIP-ViT-H-14-laion2B-s32B-b79K,mxq,kurt-boost-2-3,2_25,2.25,2022.33837890625,2556,0.6614,0.89598,0.6612,234.08318161964417
CLIP-ViT-H-14-laion2B-s32B-b79K,mxq,kurt-boost-2-3,2_51,2.51,2053.54150390625,2586,0.70892,0.92306,0.70906,234.04598689079285
CLIP-ViT-H-14-laion2B-s32B-b79K,mxq,kurt-boost-2-3,3_02,3.02,2122.52587890625,2670,0.73858,0.93674,0.73848,235.25888442993164
CLIP-ViT-H-14-laion2B-s32B-b79K,mxq,kurt-boost-2-3,3_13,3.13,2090.48828125,2620,0.76452,0.94672,0.76492,237.8280725479126
CLIP-ViT-H-14-laion2B-s32B-b79K,mxq,kurt-boost-2-3,3_25,3.25,2107.59423828125,2640,0.76862,0.94864,0.76882,239.6881737709045
CLIP-ViT-H-14-laion2B-s32B-b79K,mxq,kurt-boost-2-3,3_51,3.51,2142.92236328125,2676,0.771,0.94962,0.7709600000000001,237.3492746353149
CLIP-ViT-H-14-laion2B-s32B-b79K,mxq,kurt-boost-2-3,4_13,4.13,2147.32275390625,2688,0.77724,0.9516,0.77722,233.17917776107788
CLIP-ViT-H-14-laion2B-s32B-b79K,mxq,kurt-boost-2-3,4_25,4.25,2186.63525390625,2726,0.7775,0.95178,0.7774000000000001,233.65133690834045
CLIP-ViT-H-14-laion2B-s32B-b79K,mxq,kurt-boost-2-3,4_51,4.51,2221.96337890625,2762,0.77792,0.95148,0.7778399999999999,233.53545928001404
CLIP-ViT-H-14-laion2B-s32B-b79K,mxq,kurt-boost-2-3,8_13,8.13,2443.38720703125,2994,0.77922,0.95232000000000006,0.77904,233.5386040210724
CLIP-ViT-H-14-laion2B-s32B-b79K,mxq,kurt-boost-2-3,8_25,8.25,2460.21533203125,3012,0.77942,0.95236,0.7791,233.98202800750727
CLIP-ViT-H-14-laion2B-s32B-b79K,mxq,kurt-boost-2-3,8_51,8.51,2493.87158203125,3046,0.77938,0.95238,0.7794000000000001,234.0778729915619
CLIP-ViT-L-14-laion2B-s32B-b82K,fp16,baseline,base,16,2639.28173828125,2886,0.7526,0.94258,0.75252,109.50478219985962
CLIP-ViT-L-14-laion2B-s32B-b82K,hqq,baseline,b2g16,3.02,1131.87255859375,1554,0.69446,0.91612,0.69462,118.01759958267212
CLIP-ViT-L-14-laion2B-s32B-b82K,hqq,baseline,b2g32,2.51,1101.12255859375,1524,0.649,0.88882,0.64926,117.77564883232117
CLIP-ViT-L-14-laion2B-s32B-b82K,hqq,baseline,b2g64,2.25,1085.74755859375,1508,0.53832,0.81646,0.53824,117.78876519203186
CLIP-ViT-L-14-laion2B-s32B-b82K,hqq,baseline,b3g128,3.13,1118.14599609375,1542,0.7292,0.9314,0.72924,120.56766819953918
CLIP-ViT-L-14-laion2B-s32B-b82K,hqq,baseline,b3g32,3.51,1141.20849609375,1564,0.73988,0.93838,0.73994,120.32714438438416
CLIP-ViT-L-14-laion2B-s32B-b82K,hqq,baseline,b3g64,3.25,1125.83349609375,1550,0.73422,0.93472,0.7343800000000001,119.80881810188292
CLIP-ViT-L-14-laion2B-s32B-b82K,hqq,baseline,b4g128,4.13,1141.53662109375,1546,0.74798,0.93954,0.74786,117.0099561214447
CLIP-ViT-L-14-laion2B-s32B-b82K,hqq,baseline,b4g32,4.51,1164.59912109375,1570,0.75094,0.94214,0.75068,116.98301815986632
CLIP-ViT-L-14-laion2B-s32B-b82K,hqq,baseline,b4g64,4.25,1149.22412109375,1554,0.7483,0.93974,0.7484200000000001,117.27217698097228
CLIP-ViT-L-14-laion2B-s32B-b82K,hqq,baseline,b8g128,8.13,1263.81005859375,1694,0.75216,0.94258,0.75224,120.89821434020996
CLIP-ViT-L-14-laion2B-s32B-b82K,hqq,baseline,b8g32,8.51,1286.87255859375,1718,0.7525,0.94246,0.7525799999999999,117.47148489952087
CLIP-ViT-L-14-laion2B-s32B-b82K,hqq,baseline,b8g64,8.25,1272.04443359375,1674,0.75252,0.94248,0.7525,117.84362649917604
CLIP-ViT-L-14-laion2B-s32B-b82K,mxq,kurt-boost-1-1,2_25,2.25,1086.22412109375,1510,0.51664,0.79014,0.51666,117.96505856513976
CLIP-ViT-L-14-laion2B-s32B-b82K,mxq,kurt-boost-1-1,2_51,2.51,1102.09912109375,1526,0.61272,0.86498,0.6127400000000001,118.01174116134644
CLIP-ViT-L-14-laion2B-s32B-b82K,mxq,kurt-boost-1-1,3_02,3.02,1131.91943359375,1548,0.67494,0.90358,0.67486,118.2494294643402
CLIP-ViT-L-14-laion2B-s32B-b82K,mxq,kurt-boost-1-1,3_13,3.13,1118.39599609375,1542,0.72584,0.93096,0.72576,120.7025945186615
CLIP-ViT-L-14-laion2B-s32B-b82K,mxq,kurt-boost-1-1,3_25,3.25,1126.33349609375,1550,0.7316,0.9346,0.73132,119.78359985351562
CLIP-ViT-L-14-laion2B-s32B-b82K,mxq,kurt-boost-1-1,3_51,3.51,1140.45849609375,1564,0.73754,0.93722,0.73752,119.40773177146912
CLIP-ViT-L-14-laion2B-s32B-b82K,mxq,kurt-boost-1-1,4_13,4.13,1141.78662109375,1546,0.74828,0.93998,0.7483,117.16183471679688
CLIP-ViT-L-14-laion2B-s32B-b82K,mxq,kurt-boost-1-1,4_25,4.25,1149.72412109375,1554,0.74824,0.93966,0.7484,117.3701877593994
CLIP-ViT-L-14-laion2B-s32B-b82K,mxq,kurt-boost-1-1,4_51,4.51,1166.97802734375,1590,0.75044,0.94216,0.7505400000000001,116.91337251663208
CLIP-ViT-L-14-laion2B-s32B-b82K,mxq,kurt-boost-1-1,8_13,8.13,1264.06005859375,1694,0.7522,0.94262,0.75226,116.76673650741576
CLIP-ViT-L-14-laion2B-s32B-b82K,mxq,kurt-boost-1-1,8_25,8.25,1271.99755859375,1702,0.75256,0.94248,0.7526400000000001,116.9696798324585
CLIP-ViT-L-14-laion2B-s32B-b82K,mxq,kurt-boost-1-1,8_51,8.51,1287.41943359375,1690,0.75252,0.94248,0.7525400000000001,117.49410772323608
CLIP-ViT-L-14-laion2B-s32B-b82K,mxq,kurt-boost-1-2,2_25,2.25,1086.72412109375,1510,0.5213,0.79658,0.5213399999999999,117.70161700248718
CLIP-ViT-L-14-laion2B-s32B-b82K,mxq,kurt-boost-1-2,2_51,2.51,1103.09912109375,1526,0.61416,0.86564,0.61424,117.82961368560792
CLIP-ViT-L-14-laion2B-s32B-b82K,mxq,kurt-boost-1-2,3_02,3.02,1131.1220703125,1548,0.6784,0.90512,0.67842,118.68424129486084
CLIP-ViT-L-14-laion2B-s32B-b82K,mxq,kurt-boost-1-2,3_13,3.13,1118.64599609375,1542,0.7271,0.93108,0.72686,119.80831599235536
CLIP-ViT-L-14-laion2B-s32B-b82K,mxq,kurt-boost-1-2,3_25,3.25,1126.83349609375,1550,0.73136,0.93444,0.73118,119.65432715415956
CLIP-ViT-L-14-laion2B-s32B-b82K,mxq,kurt-boost-1-2,3_51,3.51,1139.70849609375,1564,0.73794,0.93686,0.73788,119.6558780670166
CLIP-ViT-L-14-laion2B-s32B-b82K,mxq,kurt-boost-1-2,4_13,4.13,1142.03662109375,1548,0.7483,0.93986,0.7485,116.85559058189392
CLIP-ViT-L-14-laion2B-s32B-b82K,mxq,kurt-boost-1-2,4_25,4.25,1150.22412109375,1556,0.7492,0.93968,0.7493800000000002,116.83798789978027
CLIP-ViT-L-14-laion2B-s32B-b82K,mxq,kurt-boost-1-2,4_51,4.51,1171.47802734375,1596,0.75066,0.94224,0.75086,117.50715231895448
CLIP-ViT-L-14-laion2B-s32B-b82K,mxq,kurt-boost-1-2,8_13,8.13,1264.31005859375,1696,0.75222,0.94264,0.75226,116.72289252281188
CLIP-ViT-L-14-laion2B-s32B-b82K,mxq,kurt-boost-1-2,8_25,8.25,1272.49755859375,1704,0.7523,0.94254,0.7523399999999999,116.94227647781372
CLIP-ViT-L-14-laion2B-s32B-b82K,mxq,kurt-boost-1-2,8_51,8.51,1287.41943359375,1690,0.75252,0.94248,0.7525400000000001,117.50070333480836
CLIP-ViT-L-14-laion2B-s32B-b82K,mxq,kurt-boost-1-3,2_25,2.25,1086.97412109375,1510,0.52244,0.79704,0.52248000000000006,118.1706838607788
CLIP-ViT-L-14-laion2B-s32B-b82K,mxq,kurt-boost-1-3,2_51,2.51,1103.59912109375,1526,0.61494,0.8671,0.6147999999999999,118.17136788368224
CLIP-ViT-L-14-laion2B-s32B-b82K,mxq,kurt-boost-1-3,3_02,3.02,1131.04443359375,1546,0.67824,0.90542,0.6780799999999999,119.05736541748048
CLIP-ViT-L-14-laion2B-s32B-b82K,mxq,kurt-boost-1-3,3_13,3.13,1118.77099609375,1542,0.72764,0.93062,0.7275,119.7163701057434
CLIP-ViT-L-14-laion2B-s32B-b82K,mxq,kurt-boost-1-3,3_25,3.25,1127.08349609375,1550,0.73146,0.9341,0.73126,119.77237248420715
CLIP-ViT-L-14-laion2B-s32B-b82K,mxq,kurt-boost-1-3,3_51,3.51,1139.984375,1564,0.73808,0.93688,0.7379199999999999,119.51292204856873
CLIP-ViT-L-14-laion2B-s32B-b82K,mxq,kurt-boost-1-3,4_13,4.13,1142.16162109375,1548,0.74826,0.94002,0.74828,116.91132736206056
CLIP-ViT-L-14-laion2B-s32B-b82K,mxq,kurt-boost-1-3,4_25,4.25,1150.47412109375,1556,0.74896,0.94004,0.74898,116.9391598701477
CLIP-ViT-L-14-laion2B-s32B-b82K,mxq,kurt-boost-1-3,4_51,4.51,1173.72412109375,1596,0.75142,0.9423,0.75128,117.47072291374208
CLIP-ViT-L-14-laion2B-s32B-b82K,mxq,kurt-boost-1-3,8_13,8.13,1264.43505859375,1696,0.75222,0.94262,0.7521199999999999,116.95441436767578
CLIP-ViT-L-14-laion2B-s32B-b82K,mxq,kurt-boost-1-3,8_25,8.25,1272.74755859375,1704,0.7526,0.94246,0.7524400000000001,118.8501844406128
CLIP-ViT-L-14-laion2B-s32B-b82K,mxq,kurt-boost-1-3,8_51,8.51,1287.41943359375,1690,0.75252,0.94248,0.7525400000000001,117.64668035507202
CLIP-ViT-L-14-laion2B-s32B-b82K,mxq,kurt-boost-2-1,2_25,2.25,1087.22412109375,1510,0.5162,0.7892,0.5162,117.46729683876038
CLIP-ViT-L-14-laion2B-s32B-b82K,mxq,kurt-boost-2-1,2_51,2.51,1102.10302734375,1510,0.6147,0.86696,0.61472,117.89618253707886
CLIP-ViT-L-14-laion2B-s32B-b82K,mxq,kurt-boost-2-1,3_02,3.02,1132.16943359375,1548,0.67408,0.9029,0.6738,118.5416066646576
CLIP-ViT-L-14-laion2B-s32B-b82K,mxq,kurt-boost-2-1,3_13,3.13,1118.89599609375,1542,0.72604,0.93072,0.72592,119.65514731407166
CLIP-ViT-L-14-laion2B-s32B-b82K,mxq,kurt-boost-2-1,3_25,3.25,1125.58349609375,1550,0.7318,0.93476,0.7318600000000001,119.9537181854248
CLIP-ViT-L-14-laion2B-s32B-b82K,mxq,kurt-boost-2-1,3_51,3.51,1140.70849609375,1564,0.73768,0.93718,0.7378199999999999,119.81463170051576
CLIP-ViT-L-14-laion2B-s32B-b82K,mxq,kurt-boost-2-1,4_13,4.13,1142.28662109375,1548,0.74842,0.93994,0.74834,117.07139897346497
CLIP-ViT-L-14-laion2B-s32B-b82K,mxq,kurt-boost-2-1,4_25,4.25,1152.10302734375,1574,0.74844,0.9397,0.74868,117.0586588382721
CLIP-ViT-L-14-laion2B-s32B-b82K,mxq,kurt-boost-2-1,4_51,4.51,1167.22802734375,1590,0.75064,0.9422,0.75046,116.99044990539552
CLIP-ViT-L-14-laion2B-s32B-b82K,mxq,kurt-boost-2-1,8_13,8.13,1264.56005859375,1696,0.75228,0.94264,0.75222,117.3236575126648
CLIP-ViT-L-14-laion2B-s32B-b82K,mxq,kurt-boost-2-1,8_25,8.25,1271.99755859375,1702,0.75256,0.94248,0.7526400000000001,117.03910064697266
CLIP-ViT-L-14-laion2B-s32B-b82K,mxq,kurt-boost-2-1,8_51,8.51,1287.41943359375,1690,0.75252,0.94248,0.7525400000000001,117.54128289222716
CLIP-ViT-L-14-laion2B-s32B-b82K,mxq,kurt-boost-2-2,2_25,2.25,1088.72412109375,1512,0.52356,0.79618,0.52346,118.02745723724364
CLIP-ViT-L-14-laion2B-s32B-b82K,mxq,kurt-boost-2-2,2_51,2.51,1102.84912109375,1526,0.62082,0.8707,0.62078,117.988347530365
CLIP-ViT-L-14-laion2B-s32B-b82K,mxq,kurt-boost-2-2,3_02,3.02,1131.6220703125,1548,0.67806,0.90662,0.67796,119.00415468215942
CLIP-ViT-L-14-laion2B-s32B-b82K,mxq,kurt-boost-2-2,3_13,3.13,1119.64599609375,1544,0.7263,0.9314,0.7262799999999999,119.71609044075012
CLIP-ViT-L-14-laion2B-s32B-b82K,mxq,kurt-boost-2-2,3_25,3.25,1125.33349609375,1550,0.73142,0.93466,0.73156,119.85146617889404
CLIP-ViT-L-14-laion2B-s32B-b82K,mxq,kurt-boost-2-2,3_51,3.51,1140.20849609375,1564,0.73844,0.9372,0.7384,119.67157340049744
CLIP-ViT-L-14-laion2B-s32B-b82K,mxq,kurt-boost-2-2,4_13,4.13,1143.03662109375,1548,0.74868,0.93982,0.74862,117.09744071960448
CLIP-ViT-L-14-laion2B-s32B-b82K,mxq,kurt-boost-2-2,4_25,4.25,1157.10302734375,1582,0.74864,0.93968,0.74882,117.66229772567748
CLIP-ViT-L-14-laion2B-s32B-b82K,mxq,kurt-boost-2-2,4_51,4.51,1171.97802734375,1596,0.75074,0.9422,0.7508,117.66947054862976
CLIP-ViT-L-14-laion2B-s32B-b82K,mxq,kurt-boost-2-2,8_13,8.13,1265.31005859375,1696,0.75244,0.94268,0.75232,117.10563325881958
CLIP-ViT-L-14-laion2B-s32B-b82K,mxq,kurt-boost-2-2,8_25,8.25,1272.49755859375,1704,0.7523,0.94254,0.7523399999999999,119.46077585220335
CLIP-ViT-L-14-laion2B-s32B-b82K,mxq,kurt-boost-2-2,8_51,8.51,1287.41943359375,1690,0.75252,0.94248,0.7525400000000001,117.7988829612732
CLIP-ViT-L-14-laion2B-s32B-b82K,mxq,kurt-boost-2-3,2_25,2.25,1089.47412109375,1512,0.52408,0.79922,0.52424,120.12806248664856
CLIP-ViT-L-14-laion2B-s32B-b82K,mxq,kurt-boost-2-3,2_51,2.51,1101.47412109375,1526,0.62352,0.87126,0.62314,118.03183007240295
CLIP-ViT-L-14-laion2B-s32B-b82K,mxq,kurt-boost-2-3,3_02,3.02,1131.66943359375,1546,0.67882,0.90656,0.67886,118.783855676651
CLIP-ViT-L-14-laion2B-s32B-b82K,mxq,kurt-boost-2-3,3_13,3.13,1120.02099609375,1544,0.7261,0.93114,0.7259,121.19762706756592
CLIP-ViT-L-14-laion2B-s32B-b82K,mxq,kurt-boost-2-3,3_25,3.25,1125.859375,1548,0.73122,0.93486,0.7313399999999999,119.94334268569946
CLIP-ViT-L-14-laion2B-s32B-b82K,mxq,kurt-boost-2-3,3_51,3.51,1140.609375,1564,0.73902,0.93698,0.7391,120.35744261741638
CLIP-ViT-L-14-laion2B-s32B-b82K,mxq,kurt-boost-2-3,4_13,4.13,1143.41162109375,1548,0.74912,0.93976,0.74916,121.22966074943542
CLIP-ViT-L-14-laion2B-s32B-b82K,mxq,kurt-boost-2-3,4_25,4.25,1159.59912109375,1582,0.74898,0.93982,0.74892,117.01711511611938
CLIP-ViT-L-14-laion2B-s32B-b82K,mxq,kurt-boost-2-3,4_51,4.51,1174.34912109375,1596,0.7513,0.9423,0.7514000000000001,117.07840013504028
CLIP-ViT-L-14-laion2B-s32B-b82K,mxq,kurt-boost-2-3,8_13,8.13,1265.68505859375,1696,0.75244,0.94266,0.7524200000000001,117.97929263114928
CLIP-ViT-L-14-laion2B-s32B-b82K,mxq,kurt-boost-2-3,8_25,8.25,1272.74755859375,1704,0.7526,0.94246,0.7524400000000001,117.00564336776732
CLIP-ViT-L-14-laion2B-s32B-b82K,mxq,kurt-boost-2-3,8_51,8.51,1287.41943359375,1690,0.75252,0.94248,0.7525400000000001,117.68991041183472
