layer,module,nbit1,gsize1,nbit2,gsize2,fnorm,memmb,params
3,self_attn.q_proj,2,32,8,128,18.512794494628906,2.5078125,8388608
3,self_attn.q_proj,2,64,8,128,22.32255744934082,2.25390625,8388608
3,self_attn.q_proj,2,128,8,128,25.81675910949707,2.126953125,8388608
3,self_attn.q_proj,3,32,8,128,7.975907802581787,3.5078125,8388608
3,self_attn.q_proj,3,64,8,128,9.6988525390625,3.25390625,8388608
3,self_attn.q_proj,3,128,8,128,11.397673606872559,3.126953125,8388608
3,self_attn.q_proj,4,32,8,128,3.7221250534057617,4.5078125,8388608
3,self_attn.q_proj,4,64,8,128,4.526688098907471,4.25390625,8388608
3,self_attn.q_proj,4,128,8,128,5.322445392608643,4.126953125,8388608
3,self_attn.q_proj,8,32,8,128,0.2251587212085724,8.5078125,8388608
3,self_attn.q_proj,8,64,8,128,0.2737371623516083,8.25390625,8388608
3,self_attn.q_proj,8,128,8,128,0.32074791193008423,8.126953125,8388608
7,self_attn.q_proj,2,32,8,128,14.465801239013672,2.5078125,8388608
7,self_attn.q_proj,2,64,8,128,17.464452743530273,2.25390625,8388608
7,self_attn.q_proj,2,128,8,128,20.35918617248535,2.126953125,8388608
7,self_attn.q_proj,3,32,8,128,6.240450382232666,3.5078125,8388608
7,self_attn.q_proj,3,64,8,128,7.608395099639893,3.25390625,8388608
7,self_attn.q_proj,3,128,8,128,9.014678001403809,3.126953125,8388608
7,self_attn.q_proj,4,32,8,128,2.9134724140167236,4.5078125,8388608
7,self_attn.q_proj,4,64,8,128,3.5556490421295166,4.25390625,8388608
7,self_attn.q_proj,4,128,8,128,4.215063095092773,4.126953125,8388608
7,self_attn.q_proj,8,32,8,128,0.1763921082019806,8.5078125,8388608
7,self_attn.q_proj,8,64,8,128,0.21495647728443146,8.25390625,8388608
7,self_attn.q_proj,8,128,8,128,0.2540857195854187,8.126953125,8388608
11,self_attn.q_proj,2,32,8,128,13.288270950317383,2.5078125,8388608
11,self_attn.q_proj,2,64,8,128,15.991981506347656,2.25390625,8388608
11,self_attn.q_proj,2,128,8,128,18.536861419677734,2.126953125,8388608
11,self_attn.q_proj,3,32,8,128,5.748047351837158,3.5078125,8388608
11,self_attn.q_proj,3,64,8,128,7.013784408569336,3.25390625,8388608
11,self_attn.q_proj,3,128,8,128,8.289031028747559,3.126953125,8388608
11,self_attn.q_proj,4,32,8,128,2.6845879554748535,4.5078125,8388608
11,self_attn.q_proj,4,64,8,128,3.2824652194976807,4.25390625,8388608
11,self_attn.q_proj,4,128,8,128,3.8936705589294434,4.126953125,8388608
11,self_attn.q_proj,8,32,8,128,0.1624067723751068,8.5078125,8388608
11,self_attn.q_proj,8,64,8,128,0.19837762415409088,8.25390625,8388608
11,self_attn.q_proj,8,128,8,128,0.23446215689182281,8.126953125,8388608
15,self_attn.q_proj,2,32,8,128,14.316961288452148,2.5078125,8388608
15,self_attn.q_proj,2,64,8,128,17.233354568481445,2.25390625,8388608
15,self_attn.q_proj,2,128,8,128,19.939882278442383,2.126953125,8388608
15,self_attn.q_proj,3,32,8,128,6.146373748779297,3.5078125,8388608
15,self_attn.q_proj,3,64,8,128,7.449357032775879,3.25390625,8388608
15,self_attn.q_proj,3,128,8,128,8.702068328857422,3.126953125,8388608
15,self_attn.q_proj,4,32,8,128,2.8674440383911133,4.5078125,8388608
15,self_attn.q_proj,4,64,8,128,3.4772868156433105,4.25390625,8388608
15,self_attn.q_proj,4,128,8,128,4.064118385314941,4.126953125,8388608
15,self_attn.q_proj,8,32,8,128,0.17362858355045319,8.5078125,8388608
15,self_attn.q_proj,8,64,8,128,0.21020086109638214,8.25390625,8388608
15,self_attn.q_proj,8,128,8,128,0.24475429952144623,8.126953125,8388608
19,self_attn.q_proj,2,32,8,128,13.332840919494629,2.5078125,8388608
19,self_attn.q_proj,2,64,8,128,16.138139724731445,2.25390625,8388608
19,self_attn.q_proj,2,128,8,128,18.723297119140625,2.126953125,8388608
19,self_attn.q_proj,3,32,8,128,5.734615802764893,3.5078125,8388608
19,self_attn.q_proj,3,64,8,128,6.984499454498291,3.25390625,8388608
19,self_attn.q_proj,3,128,8,128,8.181302070617676,3.126953125,8388608
19,self_attn.q_proj,4,32,8,128,2.6766114234924316,4.5078125,8388608
19,self_attn.q_proj,4,64,8,128,3.258589506149292,4.25390625,8388608
19,self_attn.q_proj,4,128,8,128,3.8185553550720215,4.126953125,8388608
19,self_attn.q_proj,8,32,8,128,0.16203941404819489,8.5078125,8388608
19,self_attn.q_proj,8,64,8,128,0.19711536169052124,8.25390625,8388608
19,self_attn.q_proj,8,128,8,128,0.23001718521118164,8.126953125,8388608
23,self_attn.q_proj,2,32,8,128,15.941328048706055,2.5078125,8388608
23,self_attn.q_proj,2,64,8,128,19.337936401367188,2.25390625,8388608
23,self_attn.q_proj,2,128,8,128,22.551652908325195,2.126953125,8388608
23,self_attn.q_proj,3,32,8,128,6.879687786102295,3.5078125,8388608
23,self_attn.q_proj,3,64,8,128,8.424104690551758,3.25390625,8388608
23,self_attn.q_proj,3,128,8,128,9.99289608001709,3.126953125,8388608
23,self_attn.q_proj,4,32,8,128,3.2112174034118652,4.5078125,8388608
23,self_attn.q_proj,4,64,8,128,3.93471097946167,4.25390625,8388608
23,self_attn.q_proj,4,128,8,128,4.670784950256348,4.126953125,8388608
23,self_attn.q_proj,8,32,8,128,0.19417567551136017,8.5078125,8388608
23,self_attn.q_proj,8,64,8,128,0.2377108335494995,8.25390625,8388608
23,self_attn.q_proj,8,128,8,128,0.2814796268939972,8.126953125,8388608
3,self_attn.k_proj,2,32,8,128,4.950557231903076,0.3134765625,1048576
3,self_attn.k_proj,2,64,8,128,5.876943111419678,0.28173828125,1048576
3,self_attn.k_proj,2,128,8,128,6.690675258636475,0.265869140625,1048576
3,self_attn.k_proj,3,32,8,128,2.1299970149993896,0.4384765625,1048576
3,self_attn.k_proj,3,64,8,128,2.544630765914917,0.40673828125,1048576
3,self_attn.k_proj,3,128,8,128,2.929072141647339,0.390869140625,1048576
3,self_attn.k_proj,4,32,8,128,0.9934393167495728,0.5634765625,1048576
3,self_attn.k_proj,4,64,8,128,1.1855379343032837,0.53173828125,1048576
3,self_attn.k_proj,4,128,8,128,1.3647092580795288,0.515869140625,1048576
3,self_attn.k_proj,8,32,8,128,0.06017400324344635,1.0634765625,1048576
3,self_attn.k_proj,8,64,8,128,0.07172766327857971,1.03173828125,1048576
3,self_attn.k_proj,8,128,8,128,0.08240680396556854,1.015869140625,1048576
7,self_attn.k_proj,2,32,8,128,4.51846981048584,0.3134765625,1048576
7,self_attn.k_proj,2,64,8,128,5.324532508850098,0.28173828125,1048576
7,self_attn.k_proj,2,128,8,128,6.05689001083374,0.265869140625,1048576
7,self_attn.k_proj,3,32,8,128,1.9438105821609497,0.4384765625,1048576
7,self_attn.k_proj,3,64,8,128,2.2989907264709473,0.40673828125,1048576
7,self_attn.k_proj,3,128,8,128,2.640284299850464,0.390869140625,1048576
7,self_attn.k_proj,4,32,8,128,0.9058334827423096,0.5634765625,1048576
7,self_attn.k_proj,4,64,8,128,1.0733585357666016,0.53173828125,1048576
7,self_attn.k_proj,4,128,8,128,1.2318083047866821,0.515869140625,1048576
7,self_attn.k_proj,8,32,8,128,0.05485106259584427,1.0634765625,1048576
7,self_attn.k_proj,8,64,8,128,0.06499020755290985,1.03173828125,1048576
7,self_attn.k_proj,8,128,8,128,0.07433031499385834,1.015869140625,1048576
11,self_attn.k_proj,2,32,8,128,4.760910987854004,0.3134765625,1048576
11,self_attn.k_proj,2,64,8,128,5.643840789794922,0.28173828125,1048576
11,self_attn.k_proj,2,128,8,128,6.423271656036377,0.265869140625,1048576
11,self_attn.k_proj,3,32,8,128,2.0533320903778076,0.4384765625,1048576
11,self_attn.k_proj,3,64,8,128,2.450748920440674,0.40673828125,1048576
11,self_attn.k_proj,3,128,8,128,2.830265998840332,0.390869140625,1048576
11,self_attn.k_proj,4,32,8,128,0.957874059677124,0.5634765625,1048576
11,self_attn.k_proj,4,64,8,128,1.1454826593399048,0.53173828125,1048576
11,self_attn.k_proj,4,128,8,128,1.3238391876220703,0.515869140625,1048576
11,self_attn.k_proj,8,32,8,128,0.05807948112487793,1.0634765625,1048576
11,self_attn.k_proj,8,64,8,128,0.06930366903543472,1.03173828125,1048576
11,self_attn.k_proj,8,128,8,128,0.07983660697937012,1.015869140625,1048576
15,self_attn.k_proj,2,32,8,128,4.812682151794434,0.3134765625,1048576
15,self_attn.k_proj,2,64,8,128,5.731106281280518,0.28173828125,1048576
15,self_attn.k_proj,2,128,8,128,6.550561904907227,0.265869140625,1048576
15,self_attn.k_proj,3,32,8,128,2.0708038806915283,0.4384765625,1048576
15,self_attn.k_proj,3,64,8,128,2.4829585552215576,0.40673828125,1048576
15,self_attn.k_proj,3,128,8,128,2.8756418228149414,0.390869140625,1048576
15,self_attn.k_proj,4,32,8,128,0.9646938443183899,0.5634765625,1048576
15,self_attn.k_proj,4,64,8,128,1.1573688983917236,0.53173828125,1048576
15,self_attn.k_proj,4,128,8,128,1.3420617580413818,0.515869140625,1048576
15,self_attn.k_proj,8,32,8,128,0.058459293097257614,1.0634765625,1048576
15,self_attn.k_proj,8,64,8,128,0.0700141116976738,1.03173828125,1048576
15,self_attn.k_proj,8,128,8,128,0.08082887530326843,1.015869140625,1048576
19,self_attn.k_proj,2,32,8,128,4.491574287414551,0.3134765625,1048576
19,self_attn.k_proj,2,64,8,128,5.325009346008301,0.28173828125,1048576
19,self_attn.k_proj,2,128,8,128,6.074485778808594,0.265869140625,1048576
19,self_attn.k_proj,3,32,8,128,1.930957317352295,0.4384765625,1048576
19,self_attn.k_proj,3,64,8,128,2.300340175628662,0.40673828125,1048576
19,self_attn.k_proj,3,128,8,128,2.649479866027832,0.390869140625,1048576
19,self_attn.k_proj,4,32,8,128,0.8994279503822327,0.5634765625,1048576
19,self_attn.k_proj,4,64,8,128,1.0732747316360474,0.53173828125,1048576
19,self_attn.k_proj,4,128,8,128,1.238558292388916,0.515869140625,1048576
19,self_attn.k_proj,8,32,8,128,0.05456778034567833,1.0634765625,1048576
19,self_attn.k_proj,8,64,8,128,0.06496836990118027,1.03173828125,1048576
19,self_attn.k_proj,8,128,8,128,0.07456975430250168,1.015869140625,1048576
23,self_attn.k_proj,2,32,8,128,4.164576053619385,0.3134765625,1048576
23,self_attn.k_proj,2,64,8,128,4.945943832397461,0.28173828125,1048576
23,self_attn.k_proj,2,128,8,128,5.631621360778809,0.265869140625,1048576
23,self_attn.k_proj,3,32,8,128,1.7949086427688599,0.4384765625,1048576
23,self_attn.k_proj,3,64,8,128,2.1461124420166016,0.40673828125,1048576
23,self_attn.k_proj,3,128,8,128,2.4774601459503174,0.390869140625,1048576
23,self_attn.k_proj,4,32,8,128,0.8389034867286682,0.5634765625,1048576
23,self_attn.k_proj,4,64,8,128,1.0016039609909058,0.53173828125,1048576
23,self_attn.k_proj,4,128,8,128,1.155631422996521,0.515869140625,1048576
23,self_attn.k_proj,8,32,8,128,0.050673145800828934,1.0634765625,1048576
23,self_attn.k_proj,8,64,8,128,0.060555584728717804,1.03173828125,1048576
23,self_attn.k_proj,8,128,8,128,0.06970201432704926,1.015869140625,1048576
3,self_attn.v_proj,2,32,8,128,4.825697422027588,0.3134765625,1048576
3,self_attn.v_proj,2,64,8,128,5.732304573059082,0.28173828125,1048576
3,self_attn.v_proj,2,128,8,128,6.563165664672852,0.265869140625,1048576
3,self_attn.v_proj,3,32,8,128,2.075796127319336,0.4384765625,1048576
3,self_attn.v_proj,3,64,8,128,2.485924482345581,0.40673828125,1048576
3,self_attn.v_proj,3,128,8,128,2.881340503692627,0.390869140625,1048576
3,self_attn.v_proj,4,32,8,128,0.9677289724349976,0.5634765625,1048576
3,self_attn.v_proj,4,64,8,128,1.158983826637268,0.53173828125,1048576
3,self_attn.v_proj,4,128,8,128,1.3469607830047607,0.515869140625,1048576
3,self_attn.v_proj,8,32,8,128,0.05858440697193146,1.0634765625,1048576
3,self_attn.v_proj,8,64,8,128,0.07014799118041992,1.03173828125,1048576
3,self_attn.v_proj,8,128,8,128,0.08120530843734741,1.015869140625,1048576
7,self_attn.v_proj,2,32,8,128,4.796786785125732,0.3134765625,1048576
7,self_attn.v_proj,2,64,8,128,5.723912715911865,0.28173828125,1048576
7,self_attn.v_proj,2,128,8,128,6.547327995300293,0.265869140625,1048576
7,self_attn.v_proj,3,32,8,128,2.0907511711120605,0.4384765625,1048576
7,self_attn.v_proj,3,64,8,128,2.5402655601501465,0.40673828125,1048576
7,self_attn.v_proj,3,128,8,128,2.9620275497436523,0.390869140625,1048576
7,self_attn.v_proj,4,32,8,128,0.977378785610199,0.5634765625,1048576
7,self_attn.v_proj,4,64,8,128,1.1910101175308228,0.53173828125,1048576
7,self_attn.v_proj,4,128,8,128,1.397045612335205,0.515869140625,1048576
7,self_attn.v_proj,8,32,8,128,0.0592125728726387,1.0634765625,1048576
7,self_attn.v_proj,8,64,8,128,0.07201952487230301,1.03173828125,1048576
7,self_attn.v_proj,8,128,8,128,0.08420353382825851,1.015869140625,1048576
11,self_attn.v_proj,2,32,8,128,5.899523735046387,0.3134765625,1048576
11,self_attn.v_proj,2,64,8,128,6.960549831390381,0.28173828125,1048576
11,self_attn.v_proj,2,128,8,128,7.96501350402832,0.265869140625,1048576
11,self_attn.v_proj,3,32,8,128,2.5401053428649902,0.4384765625,1048576
11,self_attn.v_proj,3,64,8,128,3.0208566188812256,0.40673828125,1048576
11,self_attn.v_proj,3,128,8,128,3.4893760681152344,0.390869140625,1048576
11,self_attn.v_proj,4,32,8,128,1.1846890449523926,0.5634765625,1048576
11,self_attn.v_proj,4,64,8,128,1.4091243743896484,0.53173828125,1048576
11,self_attn.v_proj,4,128,8,128,1.6310731172561646,0.515869140625,1048576
11,self_attn.v_proj,8,32,8,128,0.07177335023880005,1.0634765625,1048576
11,self_attn.v_proj,8,64,8,128,0.08534111827611923,1.03173828125,1048576
11,self_attn.v_proj,8,128,8,128,0.09828902781009674,1.015869140625,1048576
15,self_attn.v_proj,2,32,8,128,7.078336715698242,0.3134765625,1048576
15,self_attn.v_proj,2,64,8,128,8.45522689819336,0.28173828125,1048576
15,self_attn.v_proj,2,128,8,128,9.67800235748291,0.265869140625,1048576
15,self_attn.v_proj,3,32,8,128,3.1068689823150635,0.4384765625,1048576
15,self_attn.v_proj,3,64,8,128,3.788341522216797,0.40673828125,1048576
15,self_attn.v_proj,3,128,8,128,4.441961288452148,0.390869140625,1048576
15,self_attn.v_proj,4,32,8,128,1.4667155742645264,0.5634765625,1048576
15,self_attn.v_proj,4,64,8,128,1.8003430366516113,0.53173828125,1048576
15,self_attn.v_proj,4,128,8,128,2.130692720413208,0.515869140625,1048576
15,self_attn.v_proj,8,32,8,128,0.08898989856243134,1.0634765625,1048576
15,self_attn.v_proj,8,64,8,128,0.10967312753200531,1.03173828125,1048576
15,self_attn.v_proj,8,128,8,128,0.1303328573703766,1.015869140625,1048576
19,self_attn.v_proj,2,32,8,128,8.8084077835083,0.3134765625,1048576
19,self_attn.v_proj,2,64,8,128,10.423652648925781,0.28173828125,1048576
19,self_attn.v_proj,2,128,8,128,11.87841510772705,0.265869140625,1048576
19,self_attn.v_proj,3,32,8,128,3.8592283725738525,0.4384765625,1048576
19,self_attn.v_proj,3,64,8,128,4.64083194732666,0.40673828125,1048576
19,self_attn.v_proj,3,128,8,128,5.395640850067139,0.390869140625,1048576
19,self_attn.v_proj,4,32,8,128,1.8112170696258545,0.5634765625,1048576
19,self_attn.v_proj,4,64,8,128,2.1905500888824463,0.53173828125,1048576
19,self_attn.v_proj,4,128,8,128,2.5586023330688477,0.515869140625,1048576
19,self_attn.v_proj,8,32,8,128,0.10936791449785233,1.0634765625,1048576
19,self_attn.v_proj,8,64,8,128,0.13244426250457764,1.03173828125,1048576
19,self_attn.v_proj,8,128,8,128,0.1545279175043106,1.015869140625,1048576
23,self_attn.v_proj,2,32,8,128,8.487699508666992,0.3134765625,1048576
23,self_attn.v_proj,2,64,8,128,10.130610466003418,0.28173828125,1048576
23,self_attn.v_proj,2,128,8,128,11.553454399108887,0.265869140625,1048576
23,self_attn.v_proj,3,32,8,128,3.7417380809783936,0.4384765625,1048576
23,self_attn.v_proj,3,64,8,128,4.561153888702393,0.40673828125,1048576
23,self_attn.v_proj,3,128,8,128,5.330489635467529,0.390869140625,1048576
23,self_attn.v_proj,4,32,8,128,1.7491016387939453,0.5634765625,1048576
23,self_attn.v_proj,4,64,8,128,2.1361122131347656,0.53173828125,1048576
23,self_attn.v_proj,4,128,8,128,2.5071096420288086,0.515869140625,1048576
23,self_attn.v_proj,8,32,8,128,0.10591016709804535,1.0634765625,1048576
23,self_attn.v_proj,8,64,8,128,0.129274383187294,1.03173828125,1048576
23,self_attn.v_proj,8,128,8,128,0.15121851861476898,1.015869140625,1048576
3,self_attn.o_proj,2,32,8,128,9.251964569091797,1.25390625,4194304
3,self_attn.o_proj,2,64,8,128,10.914027214050293,1.126953125,4194304
3,self_attn.o_proj,2,128,8,128,12.446544647216797,1.0634765625,4194304
3,self_attn.o_proj,3,32,8,128,3.9694771766662598,1.75390625,4194304
3,self_attn.o_proj,3,64,8,128,4.703566074371338,1.626953125,4194304
3,self_attn.o_proj,3,128,8,128,5.420854568481445,1.5634765625,4194304
3,self_attn.o_proj,4,32,8,128,1.852837324142456,2.25390625,4194304
3,self_attn.o_proj,4,64,8,128,2.1979246139526367,2.126953125,4194304
3,self_attn.o_proj,4,128,8,128,2.5381836891174316,2.0634765625,4194304
3,self_attn.o_proj,8,32,8,128,0.11218488961458206,4.25390625,4194304
3,self_attn.o_proj,8,64,8,128,0.13304078578948975,4.126953125,4194304
3,self_attn.o_proj,8,128,8,128,0.15287482738494873,4.0634765625,4194304
7,self_attn.o_proj,2,32,8,128,9.044881820678711,1.25390625,4194304
7,self_attn.o_proj,2,64,8,128,10.692381858825684,1.126953125,4194304
7,self_attn.o_proj,2,128,8,128,12.154960632324219,1.0634765625,4194304
7,self_attn.o_proj,3,32,8,128,3.8912336826324463,1.75390625,4194304
7,self_attn.o_proj,3,64,8,128,4.631899833679199,1.626953125,4194304
7,self_attn.o_proj,3,128,8,128,5.340742588043213,1.5634765625,4194304
7,self_attn.o_proj,4,32,8,128,1.8176072835922241,2.25390625,4194304
7,self_attn.o_proj,4,64,8,128,2.1644418239593506,2.126953125,4194304
7,self_attn.o_proj,4,128,8,128,2.4998693466186523,2.0634765625,4194304
7,self_attn.o_proj,8,32,8,128,0.10991830378770828,4.25390625,4194304
7,self_attn.o_proj,8,64,8,128,0.1307850331068039,4.126953125,4194304
7,self_attn.o_proj,8,128,8,128,0.15064673125743866,4.0634765625,4194304
11,self_attn.o_proj,2,32,8,128,9.892522811889648,1.25390625,4194304
11,self_attn.o_proj,2,64,8,128,11.698365211486816,1.126953125,4194304
11,self_attn.o_proj,2,128,8,128,13.3096342086792,1.0634765625,4194304
11,self_attn.o_proj,3,32,8,128,4.24608039855957,1.75390625,4194304
11,self_attn.o_proj,3,64,8,128,5.058250904083252,1.626953125,4194304
11,self_attn.o_proj,3,128,8,128,5.828807353973389,1.5634765625,4194304
11,self_attn.o_proj,4,32,8,128,1.9821451902389526,2.25390625,4194304
11,self_attn.o_proj,4,64,8,128,2.3617594242095947,2.126953125,4194304
11,self_attn.o_proj,4,128,8,128,2.7252602577209473,2.0634765625,4194304
11,self_attn.o_proj,8,32,8,128,0.1200297549366951,4.25390625,4194304
11,self_attn.o_proj,8,64,8,128,0.14286164939403534,4.126953125,4194304
11,self_attn.o_proj,8,128,8,128,0.1642056256532669,4.0634765625,4194304
15,self_attn.o_proj,2,32,8,128,11.49368953704834,1.25390625,4194304
15,self_attn.o_proj,2,64,8,128,13.57137680053711,1.126953125,4194304
15,self_attn.o_proj,2,128,8,128,15.465534210205078,1.0634765625,4194304
15,self_attn.o_proj,3,32,8,128,4.921010494232178,1.75390625,4194304
15,self_attn.o_proj,3,64,8,128,5.828738689422607,1.626953125,4194304
15,self_attn.o_proj,3,128,8,128,6.6840362548828125,1.5634765625,4194304
15,self_attn.o_proj,4,32,8,128,2.2953219413757324,2.25390625,4194304
15,self_attn.o_proj,4,64,8,128,2.7218751907348633,2.126953125,4194304
15,self_attn.o_proj,4,128,8,128,3.123561143875122,2.0634765625,4194304
15,self_attn.o_proj,8,32,8,128,0.13904495537281036,4.25390625,4194304
15,self_attn.o_proj,8,64,8,128,0.16464149951934814,4.126953125,4194304
15,self_attn.o_proj,8,128,8,128,0.18810592591762543,4.0634765625,4194304
19,self_attn.o_proj,2,32,8,128,14.021526336669922,1.25390625,4194304
19,self_attn.o_proj,2,64,8,128,16.48809051513672,1.126953125,4194304
19,self_attn.o_proj,2,128,8,128,18.726577758789062,1.0634765625,4194304
19,self_attn.o_proj,3,32,8,128,6.000216484069824,1.75390625,4194304
19,self_attn.o_proj,3,64,8,128,7.062161445617676,1.626953125,4194304
19,self_attn.o_proj,3,128,8,128,8.042802810668945,1.5634765625,4194304
19,self_attn.o_proj,4,32,8,128,2.800253391265869,2.25390625,4194304
19,self_attn.o_proj,4,64,8,128,3.298168420791626,2.126953125,4194304
19,self_attn.o_proj,4,128,8,128,3.7601258754730225,2.0634765625,4194304
19,self_attn.o_proj,8,32,8,128,0.16964972019195557,4.25390625,4194304
19,self_attn.o_proj,8,64,8,128,0.19945164024829865,4.126953125,4194304
19,self_attn.o_proj,8,128,8,128,0.22663159668445587,4.0634765625,4194304
23,self_attn.o_proj,2,32,8,128,11.683828353881836,1.25390625,4194304
23,self_attn.o_proj,2,64,8,128,13.751884460449219,1.126953125,4194304
23,self_attn.o_proj,2,128,8,128,15.663307189941406,1.0634765625,4194304
23,self_attn.o_proj,3,32,8,128,5.024852752685547,1.75390625,4194304
23,self_attn.o_proj,3,64,8,128,5.9751081466674805,1.626953125,4194304
23,self_attn.o_proj,3,128,8,128,6.903275966644287,1.5634765625,4194304
23,self_attn.o_proj,4,32,8,128,2.348159074783325,2.25390625,4194304
23,self_attn.o_proj,4,64,8,128,2.792067527770996,2.126953125,4194304
23,self_attn.o_proj,4,128,8,128,3.2341854572296143,2.0634765625,4194304
23,self_attn.o_proj,8,32,8,128,0.1421281099319458,4.25390625,4194304
23,self_attn.o_proj,8,64,8,128,0.16883070766925812,4.126953125,4194304
23,self_attn.o_proj,8,128,8,128,0.19497263431549072,4.0634765625,4194304
0,mlp.gate_proj,2,32,8,128,13.262045860290527,3.76171875,12582912
0,mlp.gate_proj,2,64,8,128,15.56408977508545,3.380859375,12582912
0,mlp.gate_proj,2,128,8,128,17.704227447509766,3.1904296875,12582912
0,mlp.gate_proj,3,32,8,128,5.6746745109558105,5.26171875,12582912
0,mlp.gate_proj,3,64,8,128,6.668169975280762,4.880859375,12582912
0,mlp.gate_proj,3,128,8,128,7.604234218597412,4.6904296875,12582912
0,mlp.gate_proj,4,32,8,128,2.6480109691619873,6.76171875,12582912
0,mlp.gate_proj,4,64,8,128,3.112020969390869,6.380859375,12582912
0,mlp.gate_proj,4,128,8,128,3.5492377281188965,6.1904296875,12582912
0,mlp.gate_proj,8,32,8,128,0.1603037267923355,12.76171875,12582912
0,mlp.gate_proj,8,64,8,128,0.18821726739406586,12.380859375,12582912
0,mlp.gate_proj,8,128,8,128,0.2138681262731552,12.1904296875,12582912
1,mlp.gate_proj,2,32,8,128,13.563522338867188,3.76171875,12582912
1,mlp.gate_proj,2,64,8,128,15.887648582458496,3.380859375,12582912
1,mlp.gate_proj,2,128,8,128,18.042863845825195,3.1904296875,12582912
1,mlp.gate_proj,3,32,8,128,5.800502300262451,5.26171875,12582912
1,mlp.gate_proj,3,64,8,128,6.803462505340576,4.880859375,12582912
1,mlp.gate_proj,3,128,8,128,7.735164165496826,4.6904296875,12582912
1,mlp.gate_proj,4,32,8,128,2.706897497177124,6.76171875,12582912
1,mlp.gate_proj,4,64,8,128,3.1756632328033447,6.380859375,12582912
1,mlp.gate_proj,4,128,8,128,3.610748529434204,6.1904296875,12582912
1,mlp.gate_proj,8,32,8,128,0.1638745218515396,12.76171875,12582912
1,mlp.gate_proj,8,64,8,128,0.19202490150928497,12.380859375,12582912
1,mlp.gate_proj,8,128,8,128,0.21752628684043884,12.1904296875,12582912
2,mlp.gate_proj,2,32,8,128,16.399377822875977,3.76171875,12582912
2,mlp.gate_proj,2,64,8,128,19.2608699798584,3.380859375,12582912
2,mlp.gate_proj,2,128,8,128,21.89007568359375,3.1904296875,12582912
2,mlp.gate_proj,3,32,8,128,7.012250900268555,5.26171875,12582912
2,mlp.gate_proj,3,64,8,128,8.244902610778809,4.880859375,12582912
2,mlp.gate_proj,3,128,8,128,9.38089656829834,4.6904296875,12582912
2,mlp.gate_proj,4,32,8,128,3.2715022563934326,6.76171875,12582912
2,mlp.gate_proj,4,64,8,128,3.8465962409973145,6.380859375,12582912
2,mlp.gate_proj,4,128,8,128,4.38081693649292,6.1904296875,12582912
2,mlp.gate_proj,8,32,8,128,0.19800934195518494,12.76171875,12582912
2,mlp.gate_proj,8,64,8,128,0.23248572647571564,12.380859375,12582912
2,mlp.gate_proj,8,128,8,128,0.2638084292411804,12.1904296875,12582912
3,mlp.gate_proj,2,32,8,128,15.650110244750977,3.76171875,12582912
3,mlp.gate_proj,2,64,8,128,18.513334274291992,3.380859375,12582912
3,mlp.gate_proj,2,128,8,128,21.20941162109375,3.1904296875,12582912
3,mlp.gate_proj,3,32,8,128,6.695751667022705,5.26171875,12582912
3,mlp.gate_proj,3,64,8,128,7.933740615844727,4.880859375,12582912
3,mlp.gate_proj,3,128,8,128,9.1107177734375,4.6904296875,12582912
3,mlp.gate_proj,4,32,8,128,3.124630928039551,6.76171875,12582912
3,mlp.gate_proj,4,64,8,128,3.7034881114959717,6.380859375,12582912
3,mlp.gate_proj,4,128,8,128,4.252685546875,6.1904296875,12582912
3,mlp.gate_proj,8,32,8,128,0.18909910321235657,12.76171875,12582912
3,mlp.gate_proj,8,64,8,128,0.22382506728172302,12.380859375,12582912
3,mlp.gate_proj,8,128,8,128,0.256191223859787,12.1904296875,12582912
4,mlp.gate_proj,2,32,8,128,15.414711952209473,3.76171875,12582912
4,mlp.gate_proj,2,64,8,128,18.240922927856445,3.380859375,12582912
4,mlp.gate_proj,2,128,8,128,20.901676177978516,3.1904296875,12582912
4,mlp.gate_proj,3,32,8,128,6.598031520843506,5.26171875,12582912
4,mlp.gate_proj,3,64,8,128,7.8260931968688965,4.880859375,12582912
4,mlp.gate_proj,3,128,8,128,9.005707740783691,4.6904296875,12582912
4,mlp.gate_proj,4,32,8,128,3.0782814025878906,6.76171875,12582912
4,mlp.gate_proj,4,64,8,128,3.6512110233306885,6.380859375,12582912
4,mlp.gate_proj,4,128,8,128,4.201859951019287,6.1904296875,12582912
4,mlp.gate_proj,8,32,8,128,0.1863451451063156,12.76171875,12582912
4,mlp.gate_proj,8,64,8,128,0.2207205593585968,12.380859375,12582912
4,mlp.gate_proj,8,128,8,128,0.2530387043952942,12.1904296875,12582912
5,mlp.gate_proj,2,32,8,128,15.323899269104004,3.76171875,12582912
5,mlp.gate_proj,2,64,8,128,18.148178100585938,3.380859375,12582912
5,mlp.gate_proj,2,128,8,128,20.8067684173584,3.1904296875,12582912
5,mlp.gate_proj,3,32,8,128,6.559457778930664,5.26171875,12582912
5,mlp.gate_proj,3,64,8,128,7.780609607696533,4.880859375,12582912
5,mlp.gate_proj,3,128,8,128,8.951396942138672,4.6904296875,12582912
5,mlp.gate_proj,4,32,8,128,3.0600838661193848,6.76171875,12582912
5,mlp.gate_proj,4,64,8,128,3.630577564239502,6.380859375,12582912
5,mlp.gate_proj,4,128,8,128,4.18030309677124,6.1904296875,12582912
5,mlp.gate_proj,8,32,8,128,0.18525147438049316,12.76171875,12582912
5,mlp.gate_proj,8,64,8,128,0.2194882184267044,12.380859375,12582912
5,mlp.gate_proj,8,128,8,128,0.2517533600330353,12.1904296875,12582912
6,mlp.gate_proj,2,32,8,128,15.139677047729492,3.76171875,12582912
6,mlp.gate_proj,2,64,8,128,18.05838394165039,3.380859375,12582912
6,mlp.gate_proj,2,128,8,128,20.836780548095703,3.1904296875,12582912
6,mlp.gate_proj,3,32,8,128,6.493556022644043,5.26171875,12582912
6,mlp.gate_proj,3,64,8,128,7.7876152992248535,4.880859375,12582912
6,mlp.gate_proj,3,128,8,128,9.073928833007812,4.6904296875,12582912
6,mlp.gate_proj,4,32,8,128,3.0300841331481934,6.76171875,12582912
6,mlp.gate_proj,4,64,8,128,3.6353836059570312,6.380859375,12582912
6,mlp.gate_proj,4,128,8,128,4.240492343902588,6.1904296875,12582912
6,mlp.gate_proj,8,32,8,128,0.1833743005990982,12.76171875,12582912
6,mlp.gate_proj,8,64,8,128,0.21967889368534088,12.380859375,12582912
6,mlp.gate_proj,8,128,8,128,0.2552289068698883,12.1904296875,12582912
7,mlp.gate_proj,2,32,8,128,13.845316886901855,3.76171875,12582912
7,mlp.gate_proj,2,64,8,128,16.43675422668457,3.380859375,12582912
7,mlp.gate_proj,2,128,8,128,18.900848388671875,3.1904296875,12582912
7,mlp.gate_proj,3,32,8,128,5.927998065948486,5.26171875,12582912
7,mlp.gate_proj,3,64,8,128,7.051026344299316,4.880859375,12582912
7,mlp.gate_proj,3,128,8,128,8.142698287963867,4.6904296875,12582912
7,mlp.gate_proj,4,32,8,128,2.7663016319274902,6.76171875,12582912
7,mlp.gate_proj,4,64,8,128,3.290346384048462,6.380859375,12582912
7,mlp.gate_proj,4,128,8,128,3.7996740341186523,6.1904296875,12582912
7,mlp.gate_proj,8,32,8,128,0.1674448698759079,12.76171875,12582912
7,mlp.gate_proj,8,64,8,128,0.1990005373954773,12.380859375,12582912
7,mlp.gate_proj,8,128,8,128,0.2289121448993683,12.1904296875,12582912
8,mlp.gate_proj,2,32,8,128,13.138830184936523,3.76171875,12582912
8,mlp.gate_proj,2,64,8,128,15.616593360900879,3.380859375,12582912
8,mlp.gate_proj,2,128,8,128,17.976484298706055,3.1904296875,12582912
8,mlp.gate_proj,3,32,8,128,5.625871181488037,5.26171875,12582912
8,mlp.gate_proj,3,64,8,128,6.700199604034424,4.880859375,12582912
8,mlp.gate_proj,3,128,8,128,7.746216773986816,4.6904296875,12582912
8,mlp.gate_proj,4,32,8,128,2.6248044967651367,6.76171875,12582912
8,mlp.gate_proj,4,64,8,128,3.1259233951568604,6.380859375,12582912
8,mlp.gate_proj,4,128,8,128,3.616795778274536,6.1904296875,12582912
8,mlp.gate_proj,8,32,8,128,0.15889139473438263,12.76171875,12582912
8,mlp.gate_proj,8,64,8,128,0.1890505999326706,12.380859375,12582912
8,mlp.gate_proj,8,128,8,128,0.21789906919002533,12.1904296875,12582912
9,mlp.gate_proj,2,32,8,128,12.406865119934082,3.76171875,12582912
9,mlp.gate_proj,2,64,8,128,14.747394561767578,3.380859375,12582912
9,mlp.gate_proj,2,128,8,128,16.988327026367188,3.1904296875,12582912
9,mlp.gate_proj,3,32,8,128,5.31734037399292,5.26171875,12582912
9,mlp.gate_proj,3,64,8,128,6.338497161865234,4.880859375,12582912
9,mlp.gate_proj,3,128,8,128,7.344113826751709,4.6904296875,12582912
9,mlp.gate_proj,4,32,8,128,2.4806137084960938,6.76171875,12582912
9,mlp.gate_proj,4,64,8,128,2.958691358566284,6.380859375,12582912
9,mlp.gate_proj,4,128,8,128,3.427420139312744,6.1904296875,12582912
9,mlp.gate_proj,8,32,8,128,0.15009869635105133,12.76171875,12582912
9,mlp.gate_proj,8,64,8,128,0.17889590561389923,12.380859375,12582912
9,mlp.gate_proj,8,128,8,128,0.20657125115394592,12.1904296875,12582912
10,mlp.gate_proj,2,32,8,128,12.833974838256836,3.76171875,12582912
10,mlp.gate_proj,2,64,8,128,15.374032974243164,3.380859375,12582912
10,mlp.gate_proj,2,128,8,128,17.82758903503418,3.1904296875,12582912
10,mlp.gate_proj,3,32,8,128,5.5049052238464355,5.26171875,12582912
10,mlp.gate_proj,3,64,8,128,6.6310319900512695,4.880859375,12582912
10,mlp.gate_proj,3,128,8,128,7.765566825866699,4.6904296875,12582912
10,mlp.gate_proj,4,32,8,128,2.5691189765930176,6.76171875,12582912
10,mlp.gate_proj,4,64,8,128,3.0944466590881348,6.380859375,12582912
10,mlp.gate_proj,4,128,8,128,3.625685214996338,6.1904296875,12582912
10,mlp.gate_proj,8,32,8,128,0.155429869890213,12.76171875,12582912
10,mlp.gate_proj,8,64,8,128,0.18710027635097504,12.380859375,12582912
10,mlp.gate_proj,8,128,8,128,0.21844109892845154,12.1904296875,12582912
11,mlp.gate_proj,2,32,8,128,12.714634895324707,3.76171875,12582912
11,mlp.gate_proj,2,64,8,128,15.235916137695312,3.380859375,12582912
11,mlp.gate_proj,2,128,8,128,17.696598052978516,3.1904296875,12582912
11,mlp.gate_proj,3,32,8,128,5.461015224456787,5.26171875,12582912
11,mlp.gate_proj,3,64,8,128,6.584709644317627,4.880859375,12582912
11,mlp.gate_proj,3,128,8,128,7.7323479652404785,4.6904296875,12582912
11,mlp.gate_proj,4,32,8,128,2.5476338863372803,6.76171875,12582912
11,mlp.gate_proj,4,64,8,128,3.0740785598754883,6.380859375,12582912
11,mlp.gate_proj,4,128,8,128,3.6111433506011963,6.1904296875,12582912
11,mlp.gate_proj,8,32,8,128,0.15418201684951782,12.76171875,12582912
11,mlp.gate_proj,8,64,8,128,0.18582715094089508,12.380859375,12582912
11,mlp.gate_proj,8,128,8,128,0.2174951732158661,12.1904296875,12582912
12,mlp.gate_proj,2,32,8,128,13.435914993286133,3.76171875,12582912
12,mlp.gate_proj,2,64,8,128,16.205045700073242,3.380859375,12582912
12,mlp.gate_proj,2,128,8,128,18.91353416442871,3.1904296875,12582912
12,mlp.gate_proj,3,32,8,128,5.792524814605713,5.26171875,12582912
12,mlp.gate_proj,3,64,8,128,7.065713405609131,4.880859375,12582912
12,mlp.gate_proj,3,128,8,128,8.402328491210938,4.6904296875,12582912
12,mlp.gate_proj,4,32,8,128,2.705026149749756,6.76171875,12582912
12,mlp.gate_proj,4,64,8,128,3.3011536598205566,6.380859375,12582912
12,mlp.gate_proj,4,128,8,128,3.931330680847168,6.1904296875,12582912
12,mlp.gate_proj,8,32,8,128,0.16365660727024078,12.76171875,12582912
12,mlp.gate_proj,8,64,8,128,0.19961370527744293,12.380859375,12582912
12,mlp.gate_proj,8,128,8,128,0.23683828115463257,12.1904296875,12582912
13,mlp.gate_proj,2,32,8,128,13.752386093139648,3.76171875,12582912
13,mlp.gate_proj,2,64,8,128,16.58739471435547,3.380859375,12582912
13,mlp.gate_proj,2,128,8,128,19.370389938354492,3.1904296875,12582912
13,mlp.gate_proj,3,32,8,128,5.935366153717041,5.26171875,12582912
13,mlp.gate_proj,3,64,8,128,7.255696773529053,4.880859375,12582912
13,mlp.gate_proj,3,128,8,128,8.655519485473633,4.6904296875,12582912
13,mlp.gate_proj,4,32,8,128,2.7722010612487793,6.76171875,12582912
13,mlp.gate_proj,4,64,8,128,3.3899354934692383,6.380859375,12582912
13,mlp.gate_proj,4,128,8,128,4.047509670257568,6.1904296875,12582912
13,mlp.gate_proj,8,32,8,128,0.16766126453876495,12.76171875,12582912
13,mlp.gate_proj,8,64,8,128,0.20491591095924377,12.380859375,12582912
13,mlp.gate_proj,8,128,8,128,0.2439558207988739,12.1904296875,12582912
14,mlp.gate_proj,2,32,8,128,15.200689315795898,3.76171875,12582912
14,mlp.gate_proj,2,64,8,128,18.374492645263672,3.380859375,12582912
14,mlp.gate_proj,2,128,8,128,21.351152420043945,3.1904296875,12582912
14,mlp.gate_proj,3,32,8,128,6.683078765869141,5.26171875,12582912
14,mlp.gate_proj,3,64,8,128,8.268993377685547,4.880859375,12582912
14,mlp.gate_proj,3,128,8,128,9.924180030822754,4.6904296875,12582912
14,mlp.gate_proj,4,32,8,128,3.12935209274292,6.76171875,12582912
14,mlp.gate_proj,4,64,8,128,3.8925516605377197,6.380859375,12582912
14,mlp.gate_proj,4,128,8,128,4.7131781578063965,6.1904296875,12582912
14,mlp.gate_proj,8,32,8,128,0.1893319934606552,12.76171875,12582912
14,mlp.gate_proj,8,64,8,128,0.23533016443252563,12.380859375,12582912
14,mlp.gate_proj,8,128,8,128,0.28425562381744385,12.1904296875,12582912
15,mlp.gate_proj,2,32,8,128,15.302827835083008,3.76171875,12582912
15,mlp.gate_proj,2,64,8,128,18.38442039489746,3.380859375,12582912
15,mlp.gate_proj,2,128,8,128,21.30624008178711,3.1904296875,12582912
15,mlp.gate_proj,3,32,8,128,6.65825080871582,5.26171875,12582912
15,mlp.gate_proj,3,64,8,128,8.12315559387207,4.880859375,12582912
15,mlp.gate_proj,3,128,8,128,9.603382110595703,4.6904296875,12582912
15,mlp.gate_proj,4,32,8,128,3.1124730110168457,6.76171875,12582912
15,mlp.gate_proj,4,64,8,128,3.8063676357269287,6.380859375,12582912
15,mlp.gate_proj,4,128,8,128,4.520773887634277,6.1904296875,12582912
15,mlp.gate_proj,8,32,8,128,0.18832118809223175,12.76171875,12582912
15,mlp.gate_proj,8,64,8,128,0.23010186851024628,12.380859375,12582912
15,mlp.gate_proj,8,128,8,128,0.2725289762020111,12.1904296875,12582912
16,mlp.gate_proj,2,32,8,128,16.453903198242188,3.76171875,12582912
16,mlp.gate_proj,2,64,8,128,19.626174926757812,3.380859375,12582912
16,mlp.gate_proj,2,128,8,128,22.6014404296875,3.1904296875,12582912
16,mlp.gate_proj,3,32,8,128,7.118585109710693,5.26171875,12582912
16,mlp.gate_proj,3,64,8,128,8.590703964233398,4.880859375,12582912
16,mlp.gate_proj,3,128,8,128,10.057252883911133,4.6904296875,12582912
16,mlp.gate_proj,4,32,8,128,3.3253438472747803,6.76171875,12582912
16,mlp.gate_proj,4,64,8,128,4.018686294555664,6.380859375,12582912
16,mlp.gate_proj,4,128,8,128,4.715822219848633,6.1904296875,12582912
16,mlp.gate_proj,8,32,8,128,0.20111843943595886,12.76171875,12582912
16,mlp.gate_proj,8,64,8,128,0.24294522404670715,12.380859375,12582912
16,mlp.gate_proj,8,128,8,128,0.28428706526756287,12.1904296875,12582912
17,mlp.gate_proj,2,32,8,128,17.766006469726562,3.76171875,12582912
17,mlp.gate_proj,2,64,8,128,21.116256713867188,3.380859375,12582912
17,mlp.gate_proj,2,128,8,128,24.223970413208008,3.1904296875,12582912
17,mlp.gate_proj,3,32,8,128,7.647687911987305,5.26171875,12582912
17,mlp.gate_proj,3,64,8,128,9.165769577026367,4.880859375,12582912
17,mlp.gate_proj,3,128,8,128,10.654081344604492,4.6904296875,12582912
17,mlp.gate_proj,4,32,8,128,3.570746660232544,6.76171875,12582912
17,mlp.gate_proj,4,64,8,128,4.283017158508301,6.380859375,12582912
17,mlp.gate_proj,4,128,8,128,4.987853527069092,6.1904296875,12582912
17,mlp.gate_proj,8,32,8,128,0.2160710096359253,12.76171875,12582912
17,mlp.gate_proj,8,64,8,128,0.2590038478374481,12.380859375,12582912
17,mlp.gate_proj,8,128,8,128,0.3007267415523529,12.1904296875,12582912
18,mlp.gate_proj,2,32,8,128,18.68841552734375,3.76171875,12582912
18,mlp.gate_proj,2,64,8,128,22.1453800201416,3.380859375,12582912
18,mlp.gate_proj,2,128,8,128,25.331459045410156,3.1904296875,12582912
18,mlp.gate_proj,3,32,8,128,8.025009155273438,5.26171875,12582912
18,mlp.gate_proj,3,64,8,128,9.549681663513184,4.880859375,12582912
18,mlp.gate_proj,3,128,8,128,11.028948783874512,4.6904296875,12582912
18,mlp.gate_proj,4,32,8,128,3.746220111846924,6.76171875,12582912
18,mlp.gate_proj,4,64,8,128,4.460278034210205,6.380859375,12582912
18,mlp.gate_proj,4,128,8,128,5.155593395233154,6.1904296875,12582912
18,mlp.gate_proj,8,32,8,128,0.2265535295009613,12.76171875,12582912
18,mlp.gate_proj,8,64,8,128,0.2695617377758026,12.380859375,12582912
18,mlp.gate_proj,8,128,8,128,0.31060701608657837,12.1904296875,12582912
19,mlp.gate_proj,2,32,8,128,18.47182846069336,3.76171875,12582912
19,mlp.gate_proj,2,64,8,128,21.87397575378418,3.380859375,12582912
19,mlp.gate_proj,2,128,8,128,25.019367218017578,3.1904296875,12582912
19,mlp.gate_proj,3,32,8,128,7.925669193267822,5.26171875,12582912
19,mlp.gate_proj,3,64,8,128,9.423213005065918,4.880859375,12582912
19,mlp.gate_proj,3,128,8,128,10.854382514953613,4.6904296875,12582912
19,mlp.gate_proj,4,32,8,128,3.6989710330963135,6.76171875,12582912
19,mlp.gate_proj,4,64,8,128,4.402023792266846,6.380859375,12582912
19,mlp.gate_proj,4,128,8,128,5.07749605178833,6.1904296875,12582912
19,mlp.gate_proj,8,32,8,128,0.22378574311733246,12.76171875,12582912
19,mlp.gate_proj,8,64,8,128,0.26602494716644287,12.380859375,12582912
19,mlp.gate_proj,8,128,8,128,0.3059755861759186,12.1904296875,12582912
20,mlp.gate_proj,2,32,8,128,18.242855072021484,3.76171875,12582912
20,mlp.gate_proj,2,64,8,128,21.594078063964844,3.380859375,12582912
20,mlp.gate_proj,2,128,8,128,24.73552894592285,3.1904296875,12582912
20,mlp.gate_proj,3,32,8,128,7.813509464263916,5.26171875,12582912
20,mlp.gate_proj,3,64,8,128,9.277826309204102,4.880859375,12582912
20,mlp.gate_proj,3,128,8,128,10.687434196472168,4.6904296875,12582912
20,mlp.gate_proj,4,32,8,128,3.647280216217041,6.76171875,12582912
20,mlp.gate_proj,4,64,8,128,4.33229398727417,6.380859375,12582912
20,mlp.gate_proj,4,128,8,128,4.991213798522949,6.1904296875,12582912
20,mlp.gate_proj,8,32,8,128,0.22069326043128967,12.76171875,12582912
20,mlp.gate_proj,8,64,8,128,0.26183271408081055,12.380859375,12582912
20,mlp.gate_proj,8,128,8,128,0.30071210861206055,12.1904296875,12582912
21,mlp.gate_proj,2,32,8,128,18.534067153930664,3.76171875,12582912
21,mlp.gate_proj,2,64,8,128,21.933135986328125,3.380859375,12582912
21,mlp.gate_proj,2,128,8,128,25.100210189819336,3.1904296875,12582912
21,mlp.gate_proj,3,32,8,128,7.953092098236084,5.26171875,12582912
21,mlp.gate_proj,3,64,8,128,9.4437894821167,4.880859375,12582912
21,mlp.gate_proj,3,128,8,128,10.880000114440918,4.6904296875,12582912
21,mlp.gate_proj,4,32,8,128,3.711167335510254,6.76171875,12582912
21,mlp.gate_proj,4,64,8,128,4.4143242835998535,6.380859375,12582912
21,mlp.gate_proj,4,128,8,128,5.094711780548096,6.1904296875,12582912
21,mlp.gate_proj,8,32,8,128,0.22457413375377655,12.76171875,12582912
21,mlp.gate_proj,8,64,8,128,0.26681095361709595,12.380859375,12582912
21,mlp.gate_proj,8,128,8,128,0.3069770932197571,12.1904296875,12582912
22,mlp.gate_proj,2,32,8,128,19.020647048950195,3.76171875,12582912
22,mlp.gate_proj,2,64,8,128,22.554500579833984,3.380859375,12582912
22,mlp.gate_proj,2,128,8,128,25.798938751220703,3.1904296875,12582912
22,mlp.gate_proj,3,32,8,128,8.175732612609863,5.26171875,12582912
22,mlp.gate_proj,3,64,8,128,9.744123458862305,4.880859375,12582912
22,mlp.gate_proj,3,128,8,128,11.249883651733398,4.6904296875,12582912
22,mlp.gate_proj,4,32,8,128,3.8203158378601074,6.76171875,12582912
22,mlp.gate_proj,4,64,8,128,4.55870246887207,6.380859375,12582912
22,mlp.gate_proj,4,128,8,128,5.282555103302002,6.1904296875,12582912
22,mlp.gate_proj,8,32,8,128,0.23108898103237152,12.76171875,12582912
22,mlp.gate_proj,8,64,8,128,0.275696724653244,12.380859375,12582912
22,mlp.gate_proj,8,128,8,128,0.3183738589286804,12.1904296875,12582912
23,mlp.gate_proj,2,32,8,128,21.0328311920166,3.76171875,12582912
23,mlp.gate_proj,2,64,8,128,24.848867416381836,3.380859375,12582912
23,mlp.gate_proj,2,128,8,128,28.35980987548828,3.1904296875,12582912
23,mlp.gate_proj,3,32,8,128,9.049697875976562,5.26171875,12582912
23,mlp.gate_proj,3,64,8,128,10.766785621643066,4.880859375,12582912
23,mlp.gate_proj,3,128,8,128,12.413037300109863,4.6904296875,12582912
23,mlp.gate_proj,4,32,8,128,4.22502326965332,6.76171875,12582912
23,mlp.gate_proj,4,64,8,128,5.031553745269775,6.380859375,12582912
23,mlp.gate_proj,4,128,8,128,5.817373752593994,6.1904296875,12582912
23,mlp.gate_proj,8,32,8,128,0.25563058257102966,12.76171875,12582912
23,mlp.gate_proj,8,64,8,128,0.30430617928504944,12.380859375,12582912
23,mlp.gate_proj,8,128,8,128,0.3508282005786896,12.1904296875,12582912
0,mlp.down_proj,2,32,8,128,11.010369300842285,3.76171875,12582912
0,mlp.down_proj,2,64,8,128,12.890515327453613,3.380859375,12582912
0,mlp.down_proj,2,128,8,128,14.625633239746094,3.1904296875,12582912
0,mlp.down_proj,3,32,8,128,4.717580795288086,5.26171875,12582912
0,mlp.down_proj,3,64,8,128,5.537635803222656,4.880859375,12582912
0,mlp.down_proj,3,128,8,128,6.315163612365723,4.6904296875,12582912
0,mlp.down_proj,4,32,8,128,2.2024142742156982,6.76171875,12582912
0,mlp.down_proj,4,64,8,128,2.5866007804870605,6.380859375,12582912
0,mlp.down_proj,4,128,8,128,2.952338457107544,6.1904296875,12582912
0,mlp.down_proj,8,32,8,128,0.13326677680015564,12.76171875,12582912
0,mlp.down_proj,8,64,8,128,0.15645499527454376,12.380859375,12582912
0,mlp.down_proj,8,128,8,128,0.17793726921081543,12.1904296875,12582912
1,mlp.down_proj,2,32,8,128,10.83658218383789,3.76171875,12582912
1,mlp.down_proj,2,64,8,128,12.695958137512207,3.380859375,12582912
1,mlp.down_proj,2,128,8,128,14.39340877532959,3.1904296875,12582912
1,mlp.down_proj,3,32,8,128,4.642671585083008,5.26171875,12582912
1,mlp.down_proj,3,64,8,128,5.4524664878845215,4.880859375,12582912
1,mlp.down_proj,3,128,8,128,6.210835933685303,4.6904296875,12582912
1,mlp.down_proj,4,32,8,128,2.1670360565185547,6.76171875,12582912
1,mlp.down_proj,4,64,8,128,2.547313690185547,6.380859375,12582912
1,mlp.down_proj,4,128,8,128,2.9036192893981934,6.1904296875,12582912
1,mlp.down_proj,8,32,8,128,0.13113249838352203,12.76171875,12582912
1,mlp.down_proj,8,64,8,128,0.15404005348682404,12.380859375,12582912
1,mlp.down_proj,8,128,8,128,0.17501460015773773,12.1904296875,12582912
2,mlp.down_proj,2,32,8,128,10.669782638549805,3.76171875,12582912
2,mlp.down_proj,2,64,8,128,12.506856918334961,3.380859375,12582912
2,mlp.down_proj,2,128,8,128,14.199676513671875,3.1904296875,12582912
2,mlp.down_proj,3,32,8,128,4.572290897369385,5.26171875,12582912
2,mlp.down_proj,3,64,8,128,5.373413562774658,4.880859375,12582912
2,mlp.down_proj,3,128,8,128,6.127022743225098,4.6904296875,12582912
2,mlp.down_proj,4,32,8,128,2.135157585144043,6.76171875,12582912
2,mlp.down_proj,4,64,8,128,2.512019395828247,6.380859375,12582912
2,mlp.down_proj,4,128,8,128,2.867448329925537,6.1904296875,12582912
2,mlp.down_proj,8,32,8,128,0.12923365831375122,12.76171875,12582912
2,mlp.down_proj,8,64,8,128,0.15196430683135986,12.380859375,12582912
2,mlp.down_proj,8,128,8,128,0.1729322224855423,12.1904296875,12582912
3,mlp.down_proj,2,32,8,128,10.667741775512695,3.76171875,12582912
3,mlp.down_proj,2,64,8,128,12.51375961303711,3.380859375,12582912
3,mlp.down_proj,2,128,8,128,14.193479537963867,3.1904296875,12582912
3,mlp.down_proj,3,32,8,128,4.5662455558776855,5.26171875,12582912
3,mlp.down_proj,3,64,8,128,5.364016532897949,4.880859375,12582912
3,mlp.down_proj,3,128,8,128,6.105600357055664,4.6904296875,12582912
3,mlp.down_proj,4,32,8,128,2.130624532699585,6.76171875,12582912
3,mlp.down_proj,4,64,8,128,2.5046446323394775,6.380859375,12582912
3,mlp.down_proj,4,128,8,128,2.85341477394104,6.1904296875,12582912
3,mlp.down_proj,8,32,8,128,0.12896442413330078,12.76171875,12582912
3,mlp.down_proj,8,64,8,128,0.15149390697479248,12.380859375,12582912
3,mlp.down_proj,8,128,8,128,0.17187951505184174,12.1904296875,12582912
4,mlp.down_proj,2,32,8,128,10.83563232421875,3.76171875,12582912
4,mlp.down_proj,2,64,8,128,12.716940879821777,3.380859375,12582912
4,mlp.down_proj,2,128,8,128,14.433927536010742,3.1904296875,12582912
4,mlp.down_proj,3,32,8,128,4.63742208480835,5.26171875,12582912
4,mlp.down_proj,3,64,8,128,5.455328941345215,4.880859375,12582912
4,mlp.down_proj,3,128,8,128,6.215101718902588,4.6904296875,12582912
4,mlp.down_proj,4,32,8,128,2.1640279293060303,6.76171875,12582912
4,mlp.down_proj,4,64,8,128,2.545987844467163,6.380859375,12582912
4,mlp.down_proj,4,128,8,128,2.902803659439087,6.1904296875,12582912
4,mlp.down_proj,8,32,8,128,0.13095009326934814,12.76171875,12582912
4,mlp.down_proj,8,64,8,128,0.15398380160331726,12.380859375,12582912
4,mlp.down_proj,8,128,8,128,0.17496660351753235,12.1904296875,12582912
5,mlp.down_proj,2,32,8,128,11.027352333068848,3.76171875,12582912
5,mlp.down_proj,2,64,8,128,12.95404052734375,3.380859375,12582912
5,mlp.down_proj,2,128,8,128,14.702950477600098,3.1904296875,12582912
5,mlp.down_proj,3,32,8,128,4.718807220458984,5.26171875,12582912
5,mlp.down_proj,3,64,8,128,5.55537223815918,4.880859375,12582912
5,mlp.down_proj,3,128,8,128,6.325654983520508,4.6904296875,12582912
5,mlp.down_proj,4,32,8,128,2.202273368835449,6.76171875,12582912
5,mlp.down_proj,4,64,8,128,2.5930442810058594,6.380859375,12582912
5,mlp.down_proj,4,128,8,128,2.9551098346710205,6.1904296875,12582912
5,mlp.down_proj,8,32,8,128,0.13327789306640625,12.76171875,12582912
5,mlp.down_proj,8,64,8,128,0.15675029158592224,12.380859375,12582912
5,mlp.down_proj,8,128,8,128,0.17802375555038452,12.1904296875,12582912
6,mlp.down_proj,2,32,8,128,11.146602630615234,3.76171875,12582912
6,mlp.down_proj,2,64,8,128,13.096567153930664,3.380859375,12582912
6,mlp.down_proj,2,128,8,128,14.844154357910156,3.1904296875,12582912
6,mlp.down_proj,3,32,8,128,4.76932954788208,5.26171875,12582912
6,mlp.down_proj,3,64,8,128,5.620096683502197,4.880859375,12582912
6,mlp.down_proj,3,128,8,128,6.398372173309326,4.6904296875,12582912
6,mlp.down_proj,4,32,8,128,2.2257978916168213,6.76171875,12582912
6,mlp.down_proj,4,64,8,128,2.6217055320739746,6.380859375,12582912
6,mlp.down_proj,4,128,8,128,2.987610101699829,6.1904296875,12582912
6,mlp.down_proj,8,32,8,128,0.1347271203994751,12.76171875,12582912
6,mlp.down_proj,8,64,8,128,0.1585725098848343,12.380859375,12582912
6,mlp.down_proj,8,128,8,128,0.18009671568870544,12.1904296875,12582912
7,mlp.down_proj,2,32,8,128,11.334951400756836,3.76171875,12582912
7,mlp.down_proj,2,64,8,128,13.324254989624023,3.380859375,12582912
7,mlp.down_proj,2,128,8,128,15.123861312866211,3.1904296875,12582912
7,mlp.down_proj,3,32,8,128,4.8480448722839355,5.26171875,12582912
7,mlp.down_proj,3,64,8,128,5.708646297454834,4.880859375,12582912
7,mlp.down_proj,3,128,8,128,6.503185272216797,4.6904296875,12582912
7,mlp.down_proj,4,32,8,128,2.2624237537384033,6.76171875,12582912
7,mlp.down_proj,4,64,8,128,2.6655800342559814,6.380859375,12582912
7,mlp.down_proj,4,128,8,128,3.037306547164917,6.1904296875,12582912
7,mlp.down_proj,8,32,8,128,0.1369635909795761,12.76171875,12582912
7,mlp.down_proj,8,64,8,128,0.16120153665542603,12.380859375,12582912
7,mlp.down_proj,8,128,8,128,0.18313904106616974,12.1904296875,12582912
8,mlp.down_proj,2,32,8,128,11.257375717163086,3.76171875,12582912
8,mlp.down_proj,2,64,8,128,13.240869522094727,3.380859375,12582912
8,mlp.down_proj,2,128,8,128,15.033647537231445,3.1904296875,12582912
8,mlp.down_proj,3,32,8,128,4.816044330596924,5.26171875,12582912
8,mlp.down_proj,3,64,8,128,5.67427396774292,4.880859375,12582912
8,mlp.down_proj,3,128,8,128,6.463751316070557,4.6904296875,12582912
8,mlp.down_proj,4,32,8,128,2.24772572517395,6.76171875,12582912
8,mlp.down_proj,4,64,8,128,2.648611545562744,6.380859375,12582912
8,mlp.down_proj,4,128,8,128,3.019132137298584,6.1904296875,12582912
8,mlp.down_proj,8,32,8,128,0.1360408514738083,12.76171875,12582912
8,mlp.down_proj,8,64,8,128,0.1601538509130478,12.380859375,12582912
8,mlp.down_proj,8,128,8,128,0.18197064101696014,12.1904296875,12582912
9,mlp.down_proj,2,32,8,128,11.41318416595459,3.76171875,12582912
9,mlp.down_proj,2,64,8,128,13.443209648132324,3.380859375,12582912
9,mlp.down_proj,2,128,8,128,15.278103828430176,3.1904296875,12582912
9,mlp.down_proj,3,32,8,128,4.891531467437744,5.26171875,12582912
9,mlp.down_proj,3,64,8,128,5.781667709350586,4.880859375,12582912
9,mlp.down_proj,3,128,8,128,6.612701892852783,4.6904296875,12582912
9,mlp.down_proj,4,32,8,128,2.282517194747925,6.76171875,12582912
9,mlp.down_proj,4,64,8,128,2.6996259689331055,6.380859375,12582912
9,mlp.down_proj,4,128,8,128,3.0904369354248047,6.1904296875,12582912
9,mlp.down_proj,8,32,8,128,0.1381559520959854,12.76171875,12582912
9,mlp.down_proj,8,64,8,128,0.1632276326417923,12.380859375,12582912
9,mlp.down_proj,8,128,8,128,0.18625913560390472,12.1904296875,12582912
10,mlp.down_proj,2,32,8,128,11.354851722717285,3.76171875,12582912
10,mlp.down_proj,2,64,8,128,13.367120742797852,3.380859375,12582912
10,mlp.down_proj,2,128,8,128,15.170537948608398,3.1904296875,12582912
10,mlp.down_proj,3,32,8,128,4.860138893127441,5.26171875,12582912
10,mlp.down_proj,3,64,8,128,5.733686447143555,4.880859375,12582912
10,mlp.down_proj,3,128,8,128,6.537646770477295,4.6904296875,12582912
10,mlp.down_proj,4,32,8,128,2.2691490650177,6.76171875,12582912
10,mlp.down_proj,4,64,8,128,2.6768367290496826,6.380859375,12582912
10,mlp.down_proj,4,128,8,128,3.054827928543091,6.1904296875,12582912
10,mlp.down_proj,8,32,8,128,0.13731588423252106,12.76171875,12582912
10,mlp.down_proj,8,64,8,128,0.16188091039657593,12.380859375,12582912
10,mlp.down_proj,8,128,8,128,0.1841364949941635,12.1904296875,12582912
11,mlp.down_proj,2,32,8,128,11.513897895812988,3.76171875,12582912
11,mlp.down_proj,2,64,8,128,13.553400993347168,3.380859375,12582912
11,mlp.down_proj,2,128,8,128,15.392460823059082,3.1904296875,12582912
11,mlp.down_proj,3,32,8,128,4.92926025390625,5.26171875,12582912
11,mlp.down_proj,3,64,8,128,5.817103385925293,4.880859375,12582912
11,mlp.down_proj,3,128,8,128,6.641972541809082,4.6904296875,12582912
11,mlp.down_proj,4,32,8,128,2.299889087677002,6.76171875,12582912
11,mlp.down_proj,4,64,8,128,2.714815378189087,6.380859375,12582912
11,mlp.down_proj,4,128,8,128,3.1027801036834717,6.1904296875,12582912
11,mlp.down_proj,8,32,8,128,0.13917650282382965,12.76171875,12582912
11,mlp.down_proj,8,64,8,128,0.16420063376426697,12.380859375,12582912
11,mlp.down_proj,8,128,8,128,0.18695983290672302,12.1904296875,12582912
12,mlp.down_proj,2,32,8,128,11.523200988769531,3.76171875,12582912
12,mlp.down_proj,2,64,8,128,13.554604530334473,3.380859375,12582912
12,mlp.down_proj,2,128,8,128,15.376830101013184,3.1904296875,12582912
12,mlp.down_proj,3,32,8,128,4.927921295166016,5.26171875,12582912
12,mlp.down_proj,3,64,8,128,5.809524059295654,4.880859375,12582912
12,mlp.down_proj,3,128,8,128,6.621035099029541,4.6904296875,12582912
12,mlp.down_proj,4,32,8,128,2.3006398677825928,6.76171875,12582912
12,mlp.down_proj,4,64,8,128,2.7113091945648193,6.380859375,12582912
12,mlp.down_proj,4,128,8,128,3.090639591217041,6.1904296875,12582912
12,mlp.down_proj,8,32,8,128,0.13926398754119873,12.76171875,12582912
12,mlp.down_proj,8,64,8,128,0.1639733761548996,12.380859375,12582912
12,mlp.down_proj,8,128,8,128,0.18628999590873718,12.1904296875,12582912
13,mlp.down_proj,2,32,8,128,11.707921981811523,3.76171875,12582912
13,mlp.down_proj,2,64,8,128,13.772278785705566,3.380859375,12582912
13,mlp.down_proj,2,128,8,128,15.62195110321045,3.1904296875,12582912
13,mlp.down_proj,3,32,8,128,5.009685516357422,5.26171875,12582912
13,mlp.down_proj,3,64,8,128,5.899223327636719,4.880859375,12582912
13,mlp.down_proj,3,128,8,128,6.719918251037598,4.6904296875,12582912
13,mlp.down_proj,4,32,8,128,2.3368077278137207,6.76171875,12582912
13,mlp.down_proj,4,64,8,128,2.753077745437622,6.380859375,12582912
13,mlp.down_proj,4,128,8,128,3.1372275352478027,6.1904296875,12582912
13,mlp.down_proj,8,32,8,128,0.14147084951400757,12.76171875,12582912
13,mlp.down_proj,8,64,8,128,0.1665152609348297,12.380859375,12582912
13,mlp.down_proj,8,128,8,128,0.18907570838928223,12.1904296875,12582912
14,mlp.down_proj,2,32,8,128,11.671984672546387,3.76171875,12582912
14,mlp.down_proj,2,64,8,128,13.751028060913086,3.380859375,12582912
14,mlp.down_proj,2,128,8,128,15.6484375,3.1904296875,12582912
14,mlp.down_proj,3,32,8,128,5.009599208831787,5.26171875,12582912
14,mlp.down_proj,3,64,8,128,5.937361717224121,4.880859375,12582912
14,mlp.down_proj,3,128,8,128,6.812623023986816,4.6904296875,12582912
14,mlp.down_proj,4,32,8,128,2.339256763458252,6.76171875,12582912
14,mlp.down_proj,4,64,8,128,2.773679733276367,6.380859375,12582912
14,mlp.down_proj,4,128,8,128,3.1885974407196045,6.1904296875,12582912
14,mlp.down_proj,8,32,8,128,0.14151431620121002,12.76171875,12582912
14,mlp.down_proj,8,64,8,128,0.16775727272033691,12.380859375,12582912
14,mlp.down_proj,8,128,8,128,0.19226506352424622,12.1904296875,12582912
15,mlp.down_proj,2,32,8,128,12.263955116271973,3.76171875,12582912
15,mlp.down_proj,2,64,8,128,14.437520980834961,3.380859375,12582912
15,mlp.down_proj,2,128,8,128,16.4375057220459,3.1904296875,12582912
15,mlp.down_proj,3,32,8,128,5.2587480545043945,5.26171875,12582912
15,mlp.down_proj,3,64,8,128,6.203660488128662,4.880859375,12582912
15,mlp.down_proj,3,128,8,128,7.083689212799072,4.6904296875,12582912
15,mlp.down_proj,4,32,8,128,2.457181215286255,6.76171875,12582912
15,mlp.down_proj,4,64,8,128,2.9035744667053223,6.380859375,12582912
15,mlp.down_proj,4,128,8,128,3.3236382007598877,6.1904296875,12582912
15,mlp.down_proj,8,32,8,128,0.14873014390468597,12.76171875,12582912
15,mlp.down_proj,8,64,8,128,0.17572282254695892,12.380859375,12582912
15,mlp.down_proj,8,128,8,128,0.20082232356071472,12.1904296875,12582912
16,mlp.down_proj,2,32,8,128,12.301279067993164,3.76171875,12582912
16,mlp.down_proj,2,64,8,128,14.458905220031738,3.380859375,12582912
16,mlp.down_proj,2,128,8,128,16.41996955871582,3.1904296875,12582912
16,mlp.down_proj,3,32,8,128,5.262927532196045,5.26171875,12582912
16,mlp.down_proj,3,64,8,128,6.1901326179504395,4.880859375,12582912
16,mlp.down_proj,3,128,8,128,7.042329788208008,4.6904296875,12582912
16,mlp.down_proj,4,32,8,128,2.456123113632202,6.76171875,12582912
16,mlp.down_proj,4,64,8,128,2.8892884254455566,6.380859375,12582912
16,mlp.down_proj,4,128,8,128,3.287177324295044,6.1904296875,12582912
16,mlp.down_proj,8,32,8,128,0.14864766597747803,12.76171875,12582912
16,mlp.down_proj,8,64,8,128,0.174737349152565,12.380859375,12582912
16,mlp.down_proj,8,128,8,128,0.19814816117286682,12.1904296875,12582912
17,mlp.down_proj,2,32,8,128,12.344287872314453,3.76171875,12582912
17,mlp.down_proj,2,64,8,128,14.492541313171387,3.380859375,12582912
17,mlp.down_proj,2,128,8,128,16.435997009277344,3.1904296875,12582912
17,mlp.down_proj,3,32,8,128,5.277471542358398,5.26171875,12582912
17,mlp.down_proj,3,64,8,128,6.2020368576049805,4.880859375,12582912
17,mlp.down_proj,3,128,8,128,7.0455145835876465,4.6904296875,12582912
17,mlp.down_proj,4,32,8,128,2.4629077911376953,6.76171875,12582912
17,mlp.down_proj,4,64,8,128,2.895037889480591,6.380859375,12582912
17,mlp.down_proj,4,128,8,128,3.2892394065856934,6.1904296875,12582912
17,mlp.down_proj,8,32,8,128,0.14908866584300995,12.76171875,12582912
17,mlp.down_proj,8,64,8,128,0.17506614327430725,12.380859375,12582912
17,mlp.down_proj,8,128,8,128,0.1982262134552002,12.1904296875,12582912
18,mlp.down_proj,2,32,8,128,12.51232624053955,3.76171875,12582912
18,mlp.down_proj,2,64,8,128,14.687438011169434,3.380859375,12582912
18,mlp.down_proj,2,128,8,128,16.647483825683594,3.1904296875,12582912
18,mlp.down_proj,3,32,8,128,5.349514007568359,5.26171875,12582912
18,mlp.down_proj,3,64,8,128,6.283961772918701,4.880859375,12582912
18,mlp.down_proj,3,128,8,128,7.135035991668701,4.6904296875,12582912
18,mlp.down_proj,4,32,8,128,2.496387481689453,6.76171875,12582912
18,mlp.down_proj,4,64,8,128,2.9326987266540527,6.380859375,12582912
18,mlp.down_proj,4,128,8,128,3.3313162326812744,6.1904296875,12582912
18,mlp.down_proj,8,32,8,128,0.15117515623569489,12.76171875,12582912
18,mlp.down_proj,8,64,8,128,0.1774224489927292,12.380859375,12582912
18,mlp.down_proj,8,128,8,128,0.2007656991481781,12.1904296875,12582912
19,mlp.down_proj,2,32,8,128,12.58970832824707,3.76171875,12582912
19,mlp.down_proj,2,64,8,128,14.739912986755371,3.380859375,12582912
19,mlp.down_proj,2,128,8,128,16.698572158813477,3.1904296875,12582912
19,mlp.down_proj,3,32,8,128,5.38640022277832,5.26171875,12582912
19,mlp.down_proj,3,64,8,128,6.310142517089844,4.880859375,12582912
19,mlp.down_proj,3,128,8,128,7.149160385131836,4.6904296875,12582912
19,mlp.down_proj,4,32,8,128,2.5143966674804688,6.76171875,12582912
19,mlp.down_proj,4,64,8,128,2.945909261703491,6.380859375,12582912
19,mlp.down_proj,4,128,8,128,3.34043025970459,6.1904296875,12582912
19,mlp.down_proj,8,32,8,128,0.15217693150043488,12.76171875,12582912
19,mlp.down_proj,8,64,8,128,0.17815695703029633,12.380859375,12582912
19,mlp.down_proj,8,128,8,128,0.2012868970632553,12.1904296875,12582912
20,mlp.down_proj,2,32,8,128,12.812079429626465,3.76171875,12582912
20,mlp.down_proj,2,64,8,128,14.997756004333496,3.380859375,12582912
20,mlp.down_proj,2,128,8,128,16.977602005004883,3.1904296875,12582912
20,mlp.down_proj,3,32,8,128,5.478818416595459,5.26171875,12582912
20,mlp.down_proj,3,64,8,128,6.4153594970703125,4.880859375,12582912
20,mlp.down_proj,3,128,8,128,7.267462730407715,4.6904296875,12582912
20,mlp.down_proj,4,32,8,128,2.5561611652374268,6.76171875,12582912
20,mlp.down_proj,4,64,8,128,2.994126081466675,6.380859375,12582912
20,mlp.down_proj,4,128,8,128,3.391648292541504,6.1904296875,12582912
20,mlp.down_proj,8,32,8,128,0.1548198014497757,12.76171875,12582912
20,mlp.down_proj,8,64,8,128,0.18104103207588196,12.380859375,12582912
20,mlp.down_proj,8,128,8,128,0.20440535247325897,12.1904296875,12582912
21,mlp.down_proj,2,32,8,128,13.04722785949707,3.76171875,12582912
21,mlp.down_proj,2,64,8,128,15.278447151184082,3.380859375,12582912
21,mlp.down_proj,2,128,8,128,17.310148239135742,3.1904296875,12582912
21,mlp.down_proj,3,32,8,128,5.580866813659668,5.26171875,12582912
21,mlp.down_proj,3,64,8,128,6.539238929748535,4.880859375,12582912
21,mlp.down_proj,3,128,8,128,7.413907527923584,4.6904296875,12582912
21,mlp.down_proj,4,32,8,128,2.6036858558654785,6.76171875,12582912
21,mlp.down_proj,4,64,8,128,3.0518617630004883,6.380859375,12582912
21,mlp.down_proj,4,128,8,128,3.461237668991089,6.1904296875,12582912
21,mlp.down_proj,8,32,8,128,0.15759944915771484,12.76171875,12582912
21,mlp.down_proj,8,64,8,128,0.18447965383529663,12.380859375,12582912
21,mlp.down_proj,8,128,8,128,0.20852349698543549,12.1904296875,12582912
22,mlp.down_proj,2,32,8,128,12.985259056091309,3.76171875,12582912
22,mlp.down_proj,2,64,8,128,15.222857475280762,3.380859375,12582912
22,mlp.down_proj,2,128,8,128,17.262819290161133,3.1904296875,12582912
22,mlp.down_proj,3,32,8,128,5.556463241577148,5.26171875,12582912
22,mlp.down_proj,3,64,8,128,6.520841121673584,4.880859375,12582912
22,mlp.down_proj,3,128,8,128,7.409648895263672,4.6904296875,12582912
22,mlp.down_proj,4,32,8,128,2.592470645904541,6.76171875,12582912
22,mlp.down_proj,4,64,8,128,3.0439815521240234,6.380859375,12582912
22,mlp.down_proj,4,128,8,128,3.4607133865356445,6.1904296875,12582912
22,mlp.down_proj,8,32,8,128,0.15701845288276672,12.76171875,12582912
22,mlp.down_proj,8,64,8,128,0.1841168850660324,12.380859375,12582912
22,mlp.down_proj,8,128,8,128,0.20865526795387268,12.1904296875,12582912
23,mlp.down_proj,2,32,8,128,12.311083793640137,3.76171875,12582912
23,mlp.down_proj,2,64,8,128,14.453972816467285,3.380859375,12582912
23,mlp.down_proj,2,128,8,128,16.425825119018555,3.1904296875,12582912
23,mlp.down_proj,3,32,8,128,5.286034107208252,5.26171875,12582912
23,mlp.down_proj,3,64,8,128,6.239309787750244,4.880859375,12582912
23,mlp.down_proj,3,128,8,128,7.141310691833496,4.6904296875,12582912
23,mlp.down_proj,4,32,8,128,2.4688029289245605,6.76171875,12582912
23,mlp.down_proj,4,64,8,128,2.9170901775360107,6.380859375,12582912
23,mlp.down_proj,4,128,8,128,3.348921537399292,6.1904296875,12582912
23,mlp.down_proj,8,32,8,128,0.1494816690683365,12.76171875,12582912
23,mlp.down_proj,8,64,8,128,0.17657947540283203,12.380859375,12582912
23,mlp.down_proj,8,128,8,128,0.20232905447483063,12.1904296875,12582912
0,mlp.up_proj,2,32,8,128,10.868453979492188,3.76171875,12582912
0,mlp.up_proj,2,64,8,128,12.676126480102539,3.380859375,12582912
0,mlp.up_proj,2,128,8,128,14.309296607971191,3.1904296875,12582912
0,mlp.up_proj,3,32,8,128,4.648588180541992,5.26171875,12582912
0,mlp.up_proj,3,64,8,128,5.424534797668457,4.880859375,12582912
0,mlp.up_proj,3,128,8,128,6.128533363342285,4.6904296875,12582912
0,mlp.up_proj,4,32,8,128,2.1686482429504395,6.76171875,12582912
0,mlp.up_proj,4,64,8,128,2.532355546951294,6.380859375,12582912
0,mlp.up_proj,4,128,8,128,2.861039876937866,6.1904296875,12582912
0,mlp.up_proj,8,32,8,128,0.1312379688024521,12.76171875,12582912
0,mlp.up_proj,8,64,8,128,0.1530844271183014,12.380859375,12582912
0,mlp.up_proj,8,128,8,128,0.17237459123134613,12.1904296875,12582912
1,mlp.up_proj,2,32,8,128,10.743453025817871,3.76171875,12582912
1,mlp.up_proj,2,64,8,128,12.525792121887207,3.380859375,12582912
1,mlp.up_proj,2,128,8,128,14.134203910827637,3.1904296875,12582912
1,mlp.up_proj,3,32,8,128,4.593564987182617,5.26171875,12582912
1,mlp.up_proj,3,64,8,128,5.360327243804932,4.880859375,12582912
1,mlp.up_proj,3,128,8,128,6.0548930168151855,4.6904296875,12582912
1,mlp.up_proj,4,32,8,128,2.1434571743011475,6.76171875,12582912
1,mlp.up_proj,4,64,8,128,2.501976490020752,6.380859375,12582912
1,mlp.up_proj,4,128,8,128,2.8253860473632812,6.1904296875,12582912
1,mlp.up_proj,8,32,8,128,0.129713773727417,12.76171875,12582912
1,mlp.up_proj,8,64,8,128,0.1512874960899353,12.380859375,12582912
1,mlp.up_proj,8,128,8,128,0.17030788958072662,12.1904296875,12582912
2,mlp.up_proj,2,32,8,128,10.539107322692871,3.76171875,12582912
2,mlp.up_proj,2,64,8,128,12.308842658996582,3.380859375,12582912
2,mlp.up_proj,2,128,8,128,13.91684341430664,3.1904296875,12582912
2,mlp.up_proj,3,32,8,128,4.506499767303467,5.26171875,12582912
2,mlp.up_proj,3,64,8,128,5.2715301513671875,4.880859375,12582912
2,mlp.up_proj,3,128,8,128,5.970442771911621,4.6904296875,12582912
2,mlp.up_proj,4,32,8,128,2.1037795543670654,6.76171875,12582912
2,mlp.up_proj,4,64,8,128,2.4598283767700195,6.380859375,12582912
2,mlp.up_proj,4,128,8,128,2.787029981613159,6.1904296875,12582912
2,mlp.up_proj,8,32,8,128,0.12728160619735718,12.76171875,12582912
2,mlp.up_proj,8,64,8,128,0.1487886607646942,12.380859375,12582912
2,mlp.up_proj,8,128,8,128,0.16797953844070435,12.1904296875,12582912
3,mlp.up_proj,2,32,8,128,10.619022369384766,3.76171875,12582912
3,mlp.up_proj,2,64,8,128,12.393275260925293,3.380859375,12582912
3,mlp.up_proj,2,128,8,128,14.005219459533691,3.1904296875,12582912
3,mlp.up_proj,3,32,8,128,4.540561676025391,5.26171875,12582912
3,mlp.up_proj,3,64,8,128,5.305264472961426,4.880859375,12582912
3,mlp.up_proj,3,128,8,128,6.002638816833496,4.6904296875,12582912
3,mlp.up_proj,4,32,8,128,2.1187188625335693,6.76171875,12582912
3,mlp.up_proj,4,64,8,128,2.4755825996398926,6.380859375,12582912
3,mlp.up_proj,4,128,8,128,2.8028337955474854,6.1904296875,12582912
3,mlp.up_proj,8,32,8,128,0.12823164463043213,12.76171875,12582912
3,mlp.up_proj,8,64,8,128,0.1496981680393219,12.380859375,12582912
3,mlp.up_proj,8,128,8,128,0.16889508068561554,12.1904296875,12582912
4,mlp.up_proj,2,32,8,128,10.776728630065918,3.76171875,12582912
4,mlp.up_proj,2,64,8,128,12.595325469970703,3.380859375,12582912
4,mlp.up_proj,2,128,8,128,14.254875183105469,3.1904296875,12582912
4,mlp.up_proj,3,32,8,128,4.608412742614746,5.26171875,12582912
4,mlp.up_proj,3,64,8,128,5.393413543701172,4.880859375,12582912
4,mlp.up_proj,3,128,8,128,6.111492156982422,4.6904296875,12582912
4,mlp.up_proj,4,32,8,128,2.1499669551849365,6.76171875,12582912
4,mlp.up_proj,4,64,8,128,2.5168678760528564,6.380859375,12582912
4,mlp.up_proj,4,128,8,128,2.8531579971313477,6.1904296875,12582912
4,mlp.up_proj,8,32,8,128,0.1301266849040985,12.76171875,12582912
4,mlp.up_proj,8,64,8,128,0.15221856534481049,12.380859375,12582912
4,mlp.up_proj,8,128,8,128,0.17192944884300232,12.1904296875,12582912
5,mlp.up_proj,2,32,8,128,10.987258911132812,3.76171875,12582912
5,mlp.up_proj,2,64,8,128,12.85453987121582,3.380859375,12582912
5,mlp.up_proj,2,128,8,128,14.559318542480469,3.1904296875,12582912
5,mlp.up_proj,3,32,8,128,4.6990275382995605,5.26171875,12582912
5,mlp.up_proj,3,64,8,128,5.504170894622803,4.880859375,12582912
5,mlp.up_proj,3,128,8,128,6.243764400482178,4.6904296875,12582912
5,mlp.up_proj,4,32,8,128,2.1922454833984375,6.76171875,12582912
5,mlp.up_proj,4,64,8,128,2.5685925483703613,6.380859375,12582912
5,mlp.up_proj,4,128,8,128,2.9135773181915283,6.1904296875,12582912
5,mlp.up_proj,8,32,8,128,0.13272759318351746,12.76171875,12582912
5,mlp.up_proj,8,64,8,128,0.15529322624206543,12.380859375,12582912
5,mlp.up_proj,8,128,8,128,0.17559146881103516,12.1904296875,12582912
6,mlp.up_proj,2,32,8,128,11.273744583129883,3.76171875,12582912
6,mlp.up_proj,2,64,8,128,13.223512649536133,3.380859375,12582912
6,mlp.up_proj,2,128,8,128,15.021854400634766,3.1904296875,12582912
6,mlp.up_proj,3,32,8,128,4.824820518493652,5.26171875,12582912
6,mlp.up_proj,3,64,8,128,5.669344902038574,4.880859375,12582912
6,mlp.up_proj,3,128,8,128,6.458017349243164,4.6904296875,12582912
6,mlp.up_proj,4,32,8,128,2.2511565685272217,6.76171875,12582912
6,mlp.up_proj,4,64,8,128,2.6464622020721436,6.380859375,12582912
6,mlp.up_proj,4,128,8,128,3.0151939392089844,6.1904296875,12582912
6,mlp.up_proj,8,32,8,128,0.13623787462711334,12.76171875,12582912
6,mlp.up_proj,8,64,8,128,0.16000841557979584,12.380859375,12582912
6,mlp.up_proj,8,128,8,128,0.18174295127391815,12.1904296875,12582912
7,mlp.up_proj,2,32,8,128,11.541023254394531,3.76171875,12582912
7,mlp.up_proj,2,64,8,128,13.534598350524902,3.380859375,12582912
7,mlp.up_proj,2,128,8,128,15.372174263000488,3.1904296875,12582912
7,mlp.up_proj,3,32,8,128,4.934819221496582,5.26171875,12582912
7,mlp.up_proj,3,64,8,128,5.795013904571533,4.880859375,12582912
7,mlp.up_proj,3,128,8,128,6.588026523590088,4.6904296875,12582912
7,mlp.up_proj,4,32,8,128,2.3024001121520996,6.76171875,12582912
7,mlp.up_proj,4,64,8,128,2.7046797275543213,6.380859375,12582912
7,mlp.up_proj,4,128,8,128,3.0746846199035645,6.1904296875,12582912
7,mlp.up_proj,8,32,8,128,0.13933858275413513,12.76171875,12582912
7,mlp.up_proj,8,64,8,128,0.16355209052562714,12.380859375,12582912
7,mlp.up_proj,8,128,8,128,0.1853318065404892,12.1904296875,12582912
8,mlp.up_proj,2,32,8,128,11.545750617980957,3.76171875,12582912
8,mlp.up_proj,2,64,8,128,13.544340133666992,3.380859375,12582912
8,mlp.up_proj,2,128,8,128,15.393298149108887,3.1904296875,12582912
8,mlp.up_proj,3,32,8,128,4.936742305755615,5.26171875,12582912
8,mlp.up_proj,3,64,8,128,5.798323631286621,4.880859375,12582912
8,mlp.up_proj,3,128,8,128,6.597894668579102,4.6904296875,12582912
8,mlp.up_proj,4,32,8,128,2.3032827377319336,6.76171875,12582912
8,mlp.up_proj,4,64,8,128,2.705738067626953,6.380859375,12582912
8,mlp.up_proj,4,128,8,128,3.079545736312866,6.1904296875,12582912
8,mlp.up_proj,8,32,8,128,0.1394229531288147,12.76171875,12582912
8,mlp.up_proj,8,64,8,128,0.1636224091053009,12.380859375,12582912
8,mlp.up_proj,8,128,8,128,0.18558169901371002,12.1904296875,12582912
9,mlp.up_proj,2,32,8,128,11.692586898803711,3.76171875,12582912
9,mlp.up_proj,2,64,8,128,13.731476783752441,3.380859375,12582912
9,mlp.up_proj,2,128,8,128,15.61461353302002,3.1904296875,12582912
9,mlp.up_proj,3,32,8,128,5.000344276428223,5.26171875,12582912
9,mlp.up_proj,3,64,8,128,5.879440784454346,4.880859375,12582912
9,mlp.up_proj,3,128,8,128,6.6929426193237305,4.6904296875,12582912
9,mlp.up_proj,4,32,8,128,2.333564281463623,6.76171875,12582912
9,mlp.up_proj,4,64,8,128,2.7431325912475586,6.380859375,12582912
9,mlp.up_proj,4,128,8,128,3.1242432594299316,6.1904296875,12582912
9,mlp.up_proj,8,32,8,128,0.14126242697238922,12.76171875,12582912
9,mlp.up_proj,8,64,8,128,0.1659109741449356,12.380859375,12582912
9,mlp.up_proj,8,128,8,128,0.18828298151493073,12.1904296875,12582912
10,mlp.up_proj,2,32,8,128,11.74843978881836,3.76171875,12582912
10,mlp.up_proj,2,64,8,128,13.819385528564453,3.380859375,12582912
10,mlp.up_proj,2,128,8,128,15.739581108093262,3.1904296875,12582912
10,mlp.up_proj,3,32,8,128,5.026585102081299,5.26171875,12582912
10,mlp.up_proj,3,64,8,128,5.919266700744629,4.880859375,12582912
10,mlp.up_proj,3,128,8,128,6.75277042388916,4.6904296875,12582912
10,mlp.up_proj,4,32,8,128,2.345371961593628,6.76171875,12582912
10,mlp.up_proj,4,64,8,128,2.763078212738037,6.380859375,12582912
10,mlp.up_proj,4,128,8,128,3.152343511581421,6.1904296875,12582912
10,mlp.up_proj,8,32,8,128,0.14196358621120453,12.76171875,12582912
10,mlp.up_proj,8,64,8,128,0.16706004738807678,12.380859375,12582912
10,mlp.up_proj,8,128,8,128,0.18995176255702972,12.1904296875,12582912
11,mlp.up_proj,2,32,8,128,11.927030563354492,3.76171875,12582912
11,mlp.up_proj,2,64,8,128,14.039786338806152,3.380859375,12582912
11,mlp.up_proj,2,128,8,128,16.00198745727539,3.1904296875,12582912
11,mlp.up_proj,3,32,8,128,5.101443767547607,5.26171875,12582912
11,mlp.up_proj,3,64,8,128,6.012424945831299,4.880859375,12582912
11,mlp.up_proj,3,128,8,128,6.8620405197143555,4.6904296875,12582912
11,mlp.up_proj,4,32,8,128,2.38086199760437,6.76171875,12582912
11,mlp.up_proj,4,64,8,128,2.805424213409424,6.380859375,12582912
11,mlp.up_proj,4,128,8,128,3.203059196472168,6.1904296875,12582912
11,mlp.up_proj,8,32,8,128,0.14413216710090637,12.76171875,12582912
11,mlp.up_proj,8,64,8,128,0.16966623067855835,12.380859375,12582912
11,mlp.up_proj,8,128,8,128,0.1930142194032669,12.1904296875,12582912
12,mlp.up_proj,2,32,8,128,11.876314163208008,3.76171875,12582912
12,mlp.up_proj,2,64,8,128,13.97988510131836,3.380859375,12582912
12,mlp.up_proj,2,128,8,128,15.92502498626709,3.1904296875,12582912
12,mlp.up_proj,3,32,8,128,5.0813140869140625,5.26171875,12582912
12,mlp.up_proj,3,64,8,128,5.987444877624512,4.880859375,12582912
12,mlp.up_proj,3,128,8,128,6.832958221435547,4.6904296875,12582912
12,mlp.up_proj,4,32,8,128,2.3709280490875244,6.76171875,12582912
12,mlp.up_proj,4,64,8,128,2.793680191040039,6.380859375,12582912
12,mlp.up_proj,4,128,8,128,3.188279628753662,6.1904296875,12582912
12,mlp.up_proj,8,32,8,128,0.1434909701347351,12.76171875,12582912
12,mlp.up_proj,8,64,8,128,0.168955460190773,12.380859375,12582912
12,mlp.up_proj,8,128,8,128,0.19210797548294067,12.1904296875,12582912
13,mlp.up_proj,2,32,8,128,12.012198448181152,3.76171875,12582912
13,mlp.up_proj,2,64,8,128,14.152763366699219,3.380859375,12582912
13,mlp.up_proj,2,128,8,128,16.13318634033203,3.1904296875,12582912
13,mlp.up_proj,3,32,8,128,5.141159534454346,5.26171875,12582912
13,mlp.up_proj,3,64,8,128,6.064768314361572,4.880859375,12582912
13,mlp.up_proj,3,128,8,128,6.933365345001221,4.6904296875,12582912
13,mlp.up_proj,4,32,8,128,2.3972227573394775,6.76171875,12582912
13,mlp.up_proj,4,64,8,128,2.830820322036743,6.380859375,12582912
13,mlp.up_proj,4,128,8,128,3.235142946243286,6.1904296875,12582912
13,mlp.up_proj,8,32,8,128,0.14513303339481354,12.76171875,12582912
13,mlp.up_proj,8,64,8,128,0.17119167745113373,12.380859375,12582912
13,mlp.up_proj,8,128,8,128,0.19495956599712372,12.1904296875,12582912
14,mlp.up_proj,2,32,8,128,12.346914291381836,3.76171875,12582912
14,mlp.up_proj,2,64,8,128,14.598640441894531,3.380859375,12582912
14,mlp.up_proj,2,128,8,128,16.688777923583984,3.1904296875,12582912
14,mlp.up_proj,3,32,8,128,5.294558525085449,5.26171875,12582912
14,mlp.up_proj,3,64,8,128,6.28661584854126,4.880859375,12582912
14,mlp.up_proj,3,128,8,128,7.233502388000488,4.6904296875,12582912
14,mlp.up_proj,4,32,8,128,2.471611499786377,6.76171875,12582912
14,mlp.up_proj,4,64,8,128,2.9355924129486084,6.380859375,12582912
14,mlp.up_proj,4,128,8,128,3.3795220851898193,6.1904296875,12582912
14,mlp.up_proj,8,32,8,128,0.14960728585720062,12.76171875,12582912
14,mlp.up_proj,8,64,8,128,0.1775607168674469,12.380859375,12582912
14,mlp.up_proj,8,128,8,128,0.2036336064338684,12.1904296875,12582912
15,mlp.up_proj,2,32,8,128,12.979528427124023,3.76171875,12582912
15,mlp.up_proj,2,64,8,128,15.325922012329102,3.380859375,12582912
15,mlp.up_proj,2,128,8,128,17.488933563232422,3.1904296875,12582912
15,mlp.up_proj,3,32,8,128,5.5654730796813965,5.26171875,12582912
15,mlp.up_proj,3,64,8,128,6.597283363342285,4.880859375,12582912
15,mlp.up_proj,3,128,8,128,7.568397521972656,4.6904296875,12582912
15,mlp.up_proj,4,32,8,128,2.5975165367126465,6.76171875,12582912
15,mlp.up_proj,4,64,8,128,3.080422878265381,6.380859375,12582912
15,mlp.up_proj,4,128,8,128,3.538477659225464,6.1904296875,12582912
15,mlp.up_proj,8,32,8,128,0.15729518234729767,12.76171875,12582912
15,mlp.up_proj,8,64,8,128,0.18625803291797638,12.380859375,12582912
15,mlp.up_proj,8,128,8,128,0.213218554854393,12.1904296875,12582912
16,mlp.up_proj,2,32,8,128,12.760628700256348,3.76171875,12582912
16,mlp.up_proj,2,64,8,128,14.996112823486328,3.380859375,12582912
16,mlp.up_proj,2,128,8,128,17.043087005615234,3.1904296875,12582912
16,mlp.up_proj,3,32,8,128,5.459750652313232,5.26171875,12582912
16,mlp.up_proj,3,64,8,128,6.427929401397705,4.880859375,12582912
16,mlp.up_proj,3,128,8,128,7.32486629486084,4.6904296875,12582912
16,mlp.up_proj,4,32,8,128,2.548064947128296,6.76171875,12582912
16,mlp.up_proj,4,64,8,128,3.0001580715179443,6.380859375,12582912
16,mlp.up_proj,4,128,8,128,3.4179439544677734,6.1904296875,12582912
16,mlp.up_proj,8,32,8,128,0.15416821837425232,12.76171875,12582912
16,mlp.up_proj,8,64,8,128,0.18137489259243011,12.380859375,12582912
16,mlp.up_proj,8,128,8,128,0.2059038281440735,12.1904296875,12582912
17,mlp.up_proj,2,32,8,128,12.666277885437012,3.76171875,12582912
17,mlp.up_proj,2,64,8,128,14.860453605651855,3.380859375,12582912
17,mlp.up_proj,2,128,8,128,16.87097930908203,3.1904296875,12582912
17,mlp.up_proj,3,32,8,128,5.41754150390625,5.26171875,12582912
17,mlp.up_proj,3,64,8,128,6.364222526550293,4.880859375,12582912
17,mlp.up_proj,3,128,8,128,7.237978935241699,4.6904296875,12582912
17,mlp.up_proj,4,32,8,128,2.5284485816955566,6.76171875,12582912
17,mlp.up_proj,4,64,8,128,2.970951795578003,6.380859375,12582912
17,mlp.up_proj,4,128,8,128,3.3783044815063477,6.1904296875,12582912
17,mlp.up_proj,8,32,8,128,0.1530410796403885,12.76171875,12582912
17,mlp.up_proj,8,64,8,128,0.17966799437999725,12.380859375,12582912
17,mlp.up_proj,8,128,8,128,0.2035977840423584,12.1904296875,12582912
18,mlp.up_proj,2,32,8,128,12.848084449768066,3.76171875,12582912
18,mlp.up_proj,2,64,8,128,15.052410125732422,3.380859375,12582912
18,mlp.up_proj,2,128,8,128,17.06550407409668,3.1904296875,12582912
18,mlp.up_proj,3,32,8,128,5.493383884429932,5.26171875,12582912
18,mlp.up_proj,3,64,8,128,6.444672584533691,4.880859375,12582912
18,mlp.up_proj,3,128,8,128,7.317462921142578,4.6904296875,12582912
18,mlp.up_proj,4,32,8,128,2.563756227493286,6.76171875,12582912
18,mlp.up_proj,4,64,8,128,3.007032632827759,6.380859375,12582912
18,mlp.up_proj,4,128,8,128,3.414275646209717,6.1904296875,12582912
18,mlp.up_proj,8,32,8,128,0.1551976203918457,12.76171875,12582912
18,mlp.up_proj,8,64,8,128,0.1818595975637436,12.380859375,12582912
18,mlp.up_proj,8,128,8,128,0.20572037994861603,12.1904296875,12582912
19,mlp.up_proj,2,32,8,128,12.997937202453613,3.76171875,12582912
19,mlp.up_proj,2,64,8,128,15.222275733947754,3.380859375,12582912
19,mlp.up_proj,2,128,8,128,17.25130844116211,3.1904296875,12582912
19,mlp.up_proj,3,32,8,128,5.559833526611328,5.26171875,12582912
19,mlp.up_proj,3,64,8,128,6.518628120422363,4.880859375,12582912
19,mlp.up_proj,3,128,8,128,7.399384021759033,4.6904296875,12582912
19,mlp.up_proj,4,32,8,128,2.592942714691162,6.76171875,12582912
19,mlp.up_proj,4,64,8,128,3.0412633419036865,6.380859375,12582912
19,mlp.up_proj,4,128,8,128,3.452657461166382,6.1904296875,12582912
19,mlp.up_proj,8,32,8,128,0.15701508522033691,12.76171875,12582912
19,mlp.up_proj,8,64,8,128,0.1839328110218048,12.380859375,12582912
19,mlp.up_proj,8,128,8,128,0.20804475247859955,12.1904296875,12582912
20,mlp.up_proj,2,32,8,128,13.25358772277832,3.76171875,12582912
20,mlp.up_proj,2,64,8,128,15.512337684631348,3.380859375,12582912
20,mlp.up_proj,2,128,8,128,17.574047088623047,3.1904296875,12582912
20,mlp.up_proj,3,32,8,128,5.667939186096191,5.26171875,12582912
20,mlp.up_proj,3,64,8,128,6.640378475189209,4.880859375,12582912
20,mlp.up_proj,3,128,8,128,7.52998685836792,4.6904296875,12582912
20,mlp.up_proj,4,32,8,128,2.644993305206299,6.76171875,12582912
20,mlp.up_proj,4,64,8,128,3.0980634689331055,6.380859375,12582912
20,mlp.up_proj,4,128,8,128,3.514702796936035,6.1904296875,12582912
20,mlp.up_proj,8,32,8,128,0.16010050475597382,12.76171875,12582912
20,mlp.up_proj,8,64,8,128,0.18734712898731232,12.380859375,12582912
20,mlp.up_proj,8,128,8,128,0.21170729398727417,12.1904296875,12582912
21,mlp.up_proj,2,32,8,128,13.613192558288574,3.76171875,12582912
21,mlp.up_proj,2,64,8,128,15.950067520141602,3.380859375,12582912
21,mlp.up_proj,2,128,8,128,18.089176177978516,3.1904296875,12582912
21,mlp.up_proj,3,32,8,128,5.822611331939697,5.26171875,12582912
21,mlp.up_proj,3,64,8,128,6.830569744110107,4.880859375,12582912
21,mlp.up_proj,3,128,8,128,7.761965274810791,4.6904296875,12582912
21,mlp.up_proj,4,32,8,128,2.7174410820007324,6.76171875,12582912
21,mlp.up_proj,4,64,8,128,3.187932252883911,6.380859375,12582912
21,mlp.up_proj,4,128,8,128,3.6236038208007812,6.1904296875,12582912
21,mlp.up_proj,8,32,8,128,0.16449801623821259,12.76171875,12582912
21,mlp.up_proj,8,64,8,128,0.1927979439496994,12.380859375,12582912
21,mlp.up_proj,8,128,8,128,0.2182781994342804,12.1904296875,12582912
22,mlp.up_proj,2,32,8,128,14.033190727233887,3.76171875,12582912
22,mlp.up_proj,2,64,8,128,16.478639602661133,3.380859375,12582912
22,mlp.up_proj,2,128,8,128,18.719511032104492,3.1904296875,12582912
22,mlp.up_proj,3,32,8,128,6.007290840148926,5.26171875,12582912
22,mlp.up_proj,3,64,8,128,7.066381454467773,4.880859375,12582912
22,mlp.up_proj,3,128,8,128,8.057066917419434,4.6904296875,12582912
22,mlp.up_proj,4,32,8,128,2.803633213043213,6.76171875,12582912
22,mlp.up_proj,4,64,8,128,3.2981457710266113,6.380859375,12582912
22,mlp.up_proj,4,128,8,128,3.762709856033325,6.1904296875,12582912
22,mlp.up_proj,8,32,8,128,0.16966454684734344,12.76171875,12582912
22,mlp.up_proj,8,64,8,128,0.1993846446275711,12.380859375,12582912
22,mlp.up_proj,8,128,8,128,0.22666966915130615,12.1904296875,12582912
23,mlp.up_proj,2,32,8,128,15.528986930847168,3.76171875,12582912
23,mlp.up_proj,2,64,8,128,18.313148498535156,3.380859375,12582912
23,mlp.up_proj,2,128,8,128,20.925628662109375,3.1904296875,12582912
23,mlp.up_proj,3,32,8,128,6.652474880218506,5.26171875,12582912
23,mlp.up_proj,3,64,8,128,7.875884532928467,4.880859375,12582912
23,mlp.up_proj,3,128,8,128,9.053163528442383,4.6904296875,12582912
23,mlp.up_proj,4,32,8,128,3.103748321533203,6.76171875,12582912
23,mlp.up_proj,4,64,8,128,3.674664258956909,6.380859375,12582912
23,mlp.up_proj,4,128,8,128,4.226938247680664,6.1904296875,12582912
23,mlp.up_proj,8,32,8,128,0.18794280290603638,12.76171875,12582912
23,mlp.up_proj,8,64,8,128,0.22221028804779053,12.380859375,12582912
23,mlp.up_proj,8,128,8,128,0.25460585951805115,12.1904296875,12582912
