model,algo,config,bpp,attempt,ppl_wikitext,ppl_c4,load_mem_allot,model_storage_size,quant_duration,param_count
Llama-2-13b-hf,mxq,4_13,4.13,kurt-global,4.7655,6.6132,,,,13000000000
Llama-2-13b-hf,mxq,4_25,4.25,kurt-global,4.7351,6.5715,,,,13000000000
Llama-2-13b-hf,mxq,4_51,4.51,kurt-global,4.6977,6.5242000000000004,,,,13000000000
Llama-2-13b-hf,mxq,3_25,3.25,kurt-global,5.2031,7.2807,,,56.131030321121216,13000000000
Llama-2-13b-hf,mxq,3_13,3.13,kurt-global,5.5082,7.7057,,,52.83729958534241,13000000000
Llama-2-13b-hf,mxq,3_51,3.51,kurt-global,4.9436,6.8787,,,54.635329246521,13000000000
Meta-Llama-3-8B,mxq,3_51,3.51,kurt-global,7.3205,11.7367,,,30.006831645965576,8000000000
Meta-Llama-3-8B,mxq,4_51,4.51,kurt-global,6.1202,9.4794,,,28.563372373580933,8000000000
Llama-2-7b-hf,mxq,3_51,3.51,kurt-global,5.6783,7.6526,,,22.994393587112427,7000000000
Llama-2-7b-hf,mxq,4_13,4.13,kurt-global,5.3782,7.23,,,21.26705026626587,7000000000
Meta-Llama-3-8B,mxq,3_25,3.25,kurt-global,9.183,14.5493,,,27.85302138328552,8000000000
Llama-2-7b-hf,mxq,4_51,4.51,kurt-global,5.2921,7.0924,,,19.899582147598267,7000000000
Llama-2-7b-hf,mxq,4_25,4.25,kurt-global,5.3431,7.1635,,,21.100379467010494,7000000000
Llama-2-7b-hf,mxq,3_25,3.25,kurt-global,6.2932,8.561,,,22.62109351158142,7000000000
Meta-Llama-3-8B,mxq,4_25,4.25,kurt-global,6.3117,9.8399,,,26.04231977462769,8000000000
Meta-Llama-3-8B,mxq,3_13,3.13,kurt-global,10.4183,16.4045,,,27.003485679626465,8000000000
Llama-2-7b-hf,mxq,3_13,3.13,kurt-global,6.7201,9.1436,,,22.48272466659546,7000000000
Meta-Llama-3-8B,mxq,4_13,4.13,kurt-global,6.4338,10.0504,,,25.199901580810547,8000000000
Llama-2-13b-hf,mxq,4_13,4.13,kurt-scaled,4.7442,6.5869,,,45.59086585044861,13000000000
Meta-Llama-3-8B,mxq,3_51,3.51,kurt-scaled,7.2673,11.4957,,,27.52396774291992,8000000000
Llama-2-13b-hf,mxq,3_25,3.25,kurt-scaled,5.0423,7.0035,,,52.70726203918457,13000000000
Llama-2-13b-hf,mxq,3_13,3.13,kurt-scaled,5.2099,7.2535,,,52.073384284973145,13000000000
Meta-Llama-3-8B,mxq,4_51,4.51,kurt-scaled,6.1041,9.458,,,28.44096708297729,8000000000
Llama-2-7b-hf,mxq,3_51,3.51,kurt-scaled,5.6294,7.6082,,,24.83255696296692,7000000000
Llama-2-7b-hf,mxq,4_13,4.13,kurt-scaled,5.3526,7.1795,,,22.74801659584045,7000000000
Meta-Llama-3-8B,mxq,3_25,3.25,kurt-scaled,8.4928,13.6201,,,28.01907706260681,8000000000
Llama-2-13b-hf,mxq,4_25,4.25,kurt-scaled,4.7082,6.5428,,,46.99741530418396,13000000000
Llama-2-7b-hf,mxq,4_51,4.51,kurt-scaled,5.2868,7.0789,,,19.413750171661377,7000000000
Llama-2-7b-hf,mxq,4_25,4.25,kurt-scaled,5.3178,7.1209,,,20.45188570022583,7000000000
Llama-2-7b-hf,mxq,3_25,3.25,kurt-scaled,5.8519,7.9007,,,25.55066680908203,7000000000
Llama-2-13b-hf,mxq,4_51,4.51,kurt-scaled,4.6921,6.5166,,,45.22110652923584,13000000000
Meta-Llama-3-8B,mxq,4_25,4.25,kurt-scaled,6.2938,9.7943,,,26.82389187812805,8000000000
Meta-Llama-3-8B,mxq,3_13,3.13,kurt-scaled,9.5215,15.2361,,,27.188827753067017,8000000000
Llama-2-13b-hf,mxq,3_51,3.51,kurt-scaled,4.9178,6.8309,,,49.90624737739563,13000000000
Llama-2-7b-hf,mxq,3_13,3.13,kurt-scaled,6.167,8.3182,,,25.616249084472656,7000000000
Meta-Llama-3-8B,mxq,4_13,4.13,kurt-scaled,6.4023,10.004,,,25.25553274154663,8000000000
Llama-2-13b-hf,mxq,2_25,2.25,mxq1,32.811,41.7335,3.98,3.98,52.94397020339966,13000000000
Llama-2-13b-hf,mxq,2_51,2.51,mxq1,8.9401,12.4191,4.49,4.49,53.25425028800965,13000000000
Llama-2-7b-hf,mxq,2_57,2.57,mxq1,12.9279,17,,,28.16793727874756,7000000000
Meta-Llama-3-8B,mxq,2_19,2.19,mxq1,87781.2812,61938.2773,,,26.016353130340576,8000000000
Llama-2-7b-hf,mxq,2_47,2.47,mxq1,163.0594,170.9671,,,26.49335289001465,7000000000
Llama-2-7b-hf,mxq,2_15,2.15,mxq1,,,,,25.715022802352905,7000000000
Meta-Llama-3-8B,mxq,2_57,2.57,mxq1,53.2459,88.4592,,,30.894856691360477,8000000000
Meta-Llama-3-8B,mxq,2_31,2.31,mxq1,6299.3838,5084.3877,,,25.639243364334103,8000000000
Llama-2-7b-hf,mxq,2_29,2.29,mxq1,6517.4971,6266.208,,,26.90976619720459,7000000000
Llama-2-7b-hf,mxq,2_13,2.13,mxq1,,4406.4316,,,26.363276958465576,7000000000
Meta-Llama-3-8B,mxq,2_55,2.55,mxq1,55.7362,93.1902,,,26.275548934936523,8000000000
Llama-2-13b-hf,mxq,2_15,2.15,mxq1,458.1787,998.125,,,54.36496758460999,13000000000
Llama-2-7b-hf,mxq,2_55,2.55,mxq1,25.203,36.4469,,,27.793428897857662,7000000000
Meta-Llama-3-8B,mxq,2_29,2.29,mxq1,4450.3784,2712.1501,,,26.07418942451477,8000000000
Llama-2-7b-hf,mxq,2_19,2.19,mxq1,,4263.6934,,,25.5257465839386,7000000000
Llama-2-13b-hf,mxq,2_13,2.13,mxq1,859.1281,1737.4487,,,52.718018770217896,13000000000
Meta-Llama-3-8B,mxq,2_51,2.51,mxq1,75.1645,112.2336,4.08,4.08,24.515072107315063,8000000000
Llama-2-13b-hf,mxq,2_21,2.21,mxq1,63.2594,78.369,,,53.45778012275696,13000000000
Llama-2-13b-hf,mxq,2_57,2.57,mxq1,7.6239,10.5162,,,54.56654715538025,13000000000
Llama-2-7b-hf,mxq,2_31,2.31,mxq1,6221.833,6395.2168,,,26.94262170791626,7000000000
Llama-2-13b-hf,mxq,2_53,2.53,mxq1,7.8701,10.801,,,55.17441821098328,13000000000
Llama-2-13b-hf,mxq,2_31,2.31,mxq1,28.025,37.1851,,,53.44624614715576,13000000000
Llama-2-13b-hf,mxq,2_29,2.29,mxq1,29.5297,39.5324,,,53.31960153579712,13000000000
Meta-Llama-3-8B,mxq,2_17,2.17,mxq1,70275.0781,54749.7031,,,25.9489004611969,8000000000
Llama-2-7b-hf,mxq,2_17,2.17,mxq1,3624.9775,2700.9817,,,25.71911692619324,7000000000
Meta-Llama-3-8B,mxq,2_27,2.27,mxq1,9208.6211,5850.2134,,,25.73874425888061,8000000000
Llama-2-7b-hf,mxq,2_51,2.51,mxq1,37.9823,51.8843,2.47,2.47,27.23824882507324,7000000000
Llama-2-13b-hf,mxq,2_49,2.49,mxq1,11.1589,15.2583,,,53.56611061096192,13000000000
Meta-Llama-3-8B,mxq,2_45,2.45,mxq1,154.344,200.7597,,,25.179463624954224,8000000000
Meta-Llama-3-8B,mxq,2_47,2.47,mxq1,97.5642,134.4331,,,24.84200382232666,8000000000
Llama-2-13b-hf,mxq,2_55,2.55,mxq1,7.727,10.6813,,,55.89913749694824,13000000000
Llama-2-13b-hf,mxq,2_17,2.17,mxq1,339.3502,440.1154,,,53.24775695800781,13000000000
Llama-2-7b-hf,mxq,2_25,2.25,mxq1,3165.4758,2195.2532,2.21,2.21,25.3148353099823,7000000000
Meta-Llama-3-8B,mxq,2_49,2.49,mxq1,82.8497,120.7239,,,24.85382080078125,8000000000
Llama-2-13b-hf,mxq,2_19,2.19,mxq1,141.4781,165.3496,,,52.42427635192871,13000000000
Llama-2-7b-hf,mxq,2_27,2.27,mxq1,8563.4287,4808.2769,,,25.713513374328613,7000000000
Meta-Llama-3-8B,mxq,2_21,2.21,mxq1,46663.0352,27468.2246,,,25.73615527153015,8000000000
Meta-Llama-3-8B,mxq,2_25,2.25,mxq1,14484.7344,6815.4814,3.8,3.8,25.789592504501343,8000000000
Meta-Llama-3-8B,mxq,2_53,2.53,mxq1,69.2855,104.0414,,,24.58772611618042,8000000000
Meta-Llama-3-8B,mxq,2_23,2.23,mxq1,37196.2031,22969.9609,,,25.892287492752075,8000000000
Meta-Llama-3-8B,mxq,2_13,2.13,mxq1,102580.3359,84270.4375,,,26.389660120010376,8000000000
Llama-2-7b-hf,mxq,2_53,2.53,mxq1,29.0323,40.7581,,,27.771810293197632,7000000000
Llama-2-13b-hf,mxq,2_47,2.47,mxq1,11.89,16.4769,,,51.62110185623169,13000000000
Llama-2-7b-hf,mxq,2_23,2.23,mxq1,,2553.3374,,,25.2646484375,7000000000
Llama-2-7b-hf,mxq,2_49,2.49,mxq1,115.5637,150.3164,,,27.280510187149048,7000000000
Llama-2-13b-hf,mxq,2_27,2.27,mxq1,31.1418,40.785,,,53.63895511627197,13000000000
Llama-2-13b-hf,mxq,2_23,2.23,mxq1,36.6126,45.7069,,,53.58946084976196,13000000000
Llama-2-7b-hf,mxq,2_45,2.45,mxq1,220.0714,210.4805,,,26.75245475769043,7000000000
Llama-2-13b-hf,mxq,2_45,2.45,mxq1,12.6573,17.8399,,,54.017335653305054,13000000000
Meta-Llama-3-8B,mxq,2_15,2.15,mxq1,105435.9375,92822.4844,,,26.52206039428711,8000000000
Llama-2-7b-hf,mxq,2_21,2.21,mxq1,2100.0659,2256.1875,,,25.267686367034912,7000000000
Llama-2-7b-hf,mxq,3_17,3.17,mxq1,6.2066,8.3767,3.89,3.15,23.93885064125061,7000000000
Llama-2-7b-hf,mxq,3_15,3.15,mxq1,6.2498,8.4539,3.87,3.13,23.690832138061523,7000000000
Llama-2-7b-hf,mxq,3_23,3.23,mxq1,6.0822,8.1955,3.96,3.22,23.9164457321167,7000000000
Meta-Llama-3-8B,mxq,3_53,3.53,mxq1,7.2693,11.59,6.18,5.22,31.49493908882141,8000000000
Meta-Llama-3-8B,mxq,3_47,3.47,mxq1,7.3315,11.7529,6.12,5.16,28.023107051849365,8000000000
Llama-2-7b-hf,mxq,3_49,3.49,mxq1,5.6751,7.6633,4.16,3.42,23.175869464874268,7000000000
Meta-Llama-3-8B,mxq,3_23,3.23,mxq1,10.0226,16.0279,5.78,4.81,28.993937969207764,8000000000
Meta-Llama-3-8B,mxq,3_51,3.51,mxq1,7.3027,11.6846,5.2,5.2,28.63060522079468,8000000000
Llama-2-13b-hf,mxq,3_07,3.07,mxq1,5.574,7.7195,6.8,5.64,46.07139348983765,13000000000
Llama-2-13b-hf,mxq,3_21,3.21,mxq1,5.0866,7.0857,7.11,5.95,46.92101526260376,13000000000
Llama-2-13b-hf,mxq,3_11,3.11,mxq1,5.3026,7.4293,6.88,5.72,46.61716437339783,13000000000
Llama-2-13b-hf,mxq,3_29,3.29,mxq1,5.0236,6.979,7.24,6.08,46.99477672576904,13000000000
Llama-2-13b-hf,mxq,3_25,3.25,mxq1,5.0621,7.0456,6.02,6.02,46.72133708000183,13000000000
Llama-2-13b-hf,mxq,3_13,3.13,mxq1,5.2443,7.345,5.76,5.76,47.23818993568421,13000000000
Llama-2-13b-hf,mxq,3_15,3.15,mxq1,5.1828,7.2543,6.96,5.8,46.96672964096069,13000000000
Llama-2-7b-hf,mxq,3_53,3.53,mxq1,5.6258,7.6053,4.19,3.45,22.982957124710083,7000000000
Meta-Llama-3-8B,mxq,3_45,3.45,mxq1,7.3681,11.8165,6.1,5.13,28.407453775405884,8000000000
Meta-Llama-3-8B,mxq,3_15,3.15,mxq1,12.0248,19.104,5.69,4.73,27.753002405166622,8000000000
Llama-2-7b-hf,mxq,3_51,3.51,mxq1,5.6533,7.6335,3.43,3.43,22.904547214508057,7000000000
Llama-2-7b-hf,mxq,3_09,3.09,mxq1,6.6295,8.9296,3.81,3.07,23.465599298477173,7000000000
Llama-2-7b-hf,mxq,3_19,3.19,mxq1,6.1522,8.3004,3.91,3.17,23.9538152217865,7000000000
Llama-2-7b-hf,mxq,3_11,3.11,mxq1,6.4894,8.7504,3.82,3.09,23.55207371711731,7000000000
Llama-2-13b-hf,mxq,3_09,3.09,mxq1,5.5077,7.6411,6.84,5.68,46.61923623085022,13000000000
Llama-2-13b-hf,mxq,3_45,3.45,mxq1,4.9517,6.8677,7.49,6.33,46.036176919937134,13000000000
Meta-Llama-3-8B,mxq,3_55,3.55,mxq1,7.2414,11.5211,6.21,5.25,30.077120780944824,8000000000
Meta-Llama-3-8B,mxq,3_49,3.49,mxq1,7.3122,11.7176,6.14,5.18,27.61187529563904,8000000000
Llama-2-7b-hf,mxq,3_57,3.57,mxq1,5.5862,7.5596,4.21,3.47,22.52934837341309,7000000000
Llama-2-7b-hf,mxq,3_21,3.21,mxq1,6.1096,8.2316,3.94,3.2,23.31728768348694,7000000000
Meta-Llama-3-8B,mxq,3_25,3.25,mxq1,9.5211,15.2334,4.84,4.84,32.30627083778381,8000000000
Llama-2-13b-hf,mxq,3_57,3.57,mxq1,4.8925,6.8016,7.59,6.43,45.5713005065918,13000000000
Llama-2-7b-hf,mxq,3_47,3.47,mxq1,5.6933,7.6896,4.15,3.41,22.94914054870605,7000000000
Meta-Llama-3-8B,mxq,3_19,3.19,mxq1,11.2001,17.8927,5.73,4.77,28.12361979484558,8000000000
Meta-Llama-3-8B,mxq,3_07,3.07,mxq1,13.5388,21.397,5.61,4.65,27.469716787338257,8000000000
Llama-2-7b-hf,mxq,3_29,3.29,mxq1,5.9926,8.0744,4,3.26,23.572184324264526,7000000000
Llama-2-13b-hf,mxq,3_49,3.49,mxq1,4.9331,6.847,7.51,6.35,45.97244477272034,13000000000
Meta-Llama-3-8B,mxq,3_09,3.09,mxq1,13.1133,20.7977,5.63,4.67,27.431740045547485,8000000000
Llama-2-7b-hf,mxq,3_45,3.45,mxq1,5.6992,7.6996,4.14,3.4,22.95669937133789,7000000000
Llama-2-13b-hf,mxq,3_27,3.27,mxq1,5.0503,7.027,7.22,6.06,47.17163896560669,13000000000
Llama-2-7b-hf,mxq,3_27,3.27,mxq1,6.0132,8.1019,4,3.26,23.951513528823853,7000000000
Llama-2-7b-hf,mxq,3_55,3.55,mxq1,5.6029,7.5801,4.21,3.47,22.64799976348877,7000000000
Llama-2-7b-hf,mxq,3_07,3.07,mxq1,6.7787,9.1214,3.78,3.04,23.06631445884705,7000000000
Llama-2-7b-hf,mxq,3_25,3.25,mxq1,6.041,8.131,3.24,3.24,23.99044942855835,7000000000
Meta-Llama-3-8B,mxq,3_11,3.11,mxq1,12.5238,20.161,5.65,4.69,27.563595056533813,8000000000
Llama-2-13b-hf,mxq,3_23,3.23,mxq1,5.0689,7.0592,7.16,6,47.020263671875,13000000000
Llama-2-13b-hf,mxq,3_55,3.55,mxq1,4.9012,6.81,7.58,6.42,45.80900669097901,13000000000
Llama-2-7b-hf,mxq,3_31,3.31,mxq1,5.9335,7.9668,4,3.26,23.384377241134644,7000000000
Meta-Llama-3-8B,mxq,3_31,3.31,mxq1,8.2586,13.1947,5.87,4.9,29.256778717041016,8000000000
Meta-Llama-3-8B,mxq,3_13,3.13,mxq1,12.2277,19.4878,4.71,4.71,27.727351665496823,8000000000
Llama-2-13b-hf,mxq,3_51,3.51,mxq1,4.9235,6.8358,6.38,6.38,46.29764461517334,13000000000
Meta-Llama-3-8B,mxq,3_29,3.29,mxq1,8.5396,13.5828,5.84,4.88,29.192342042922974,8000000000
Llama-2-13b-hf,mxq,3_53,3.53,mxq1,4.9166,6.8245,7.56,6.4,45.62708783149719,13000000000
Meta-Llama-3-8B,mxq,3_17,3.17,mxq1,11.4509,18.2581,5.72,4.75,28.137948036193848,8000000000
Llama-2-13b-hf,mxq,3_47,3.47,mxq1,4.9483,6.8591,7.5,6.34,46.02526903152466,13000000000
Meta-Llama-3-8B,mxq,3_57,3.57,mxq1,7.2076,11.4863,6.23,5.26,36.05688500404358,8000000000
Llama-2-7b-hf,mxq,3_13,3.13,mxq1,6.3628,8.6,3.11,3.11,23.47822117805481,7000000000
Llama-2-13b-hf,mxq,3_17,3.17,mxq1,5.144,7.1616,7,5.84,46.93401551246643,13000000000
Llama-2-13b-hf,mxq,3_19,3.19,mxq1,5.1087,7.1157,7.05,5.88,46.807069063186646,13000000000
Llama-2-13b-hf,mxq,3_31,3.31,mxq1,5.0154,6.973,7.24,6.08,46.67524003982544,13000000000
Meta-Llama-3-8B,mxq,3_27,3.27,mxq1,9.1878,14.7733,5.82,4.86,29.376732349395752,8000000000
Meta-Llama-3-8B,mxq,3_21,3.21,mxq1,10.7828,17.2627,5.76,4.79,28.50547289848328,8000000000
Meta-Llama-3-8B,mxq,4_07,4.07,mxq1,6.4614,10.0802,6.53,5.57,26.681859731674194,8000000000
Llama-2-7b-hf,mxq,4_21,4.21,mxq1,5.3182,7.1353,4.43,3.7,20.549405813217163,7000000000
Llama-2-13b-hf,mxq,4_13,4.13,mxq1,4.7357,6.5707,6.94,6.94,41.649832010269165,13000000000
Meta-Llama-3-8B,mxq,4_59,4.59,mxq1,6.1108,9.4605,6.65,5.69,24.4688937664032,8000000000
Meta-Llama-3-8B,mxq,4_09,4.09,mxq1,6.431,10.0261,6.51,5.55,27.558760166168213,8000000000
Meta-Llama-3-8B,mxq,4_49,4.49,mxq1,6.1145,9.4645,6.56,5.61,23.361668825149536,8000000000
Llama-2-13b-hf,mxq,4_31,4.31,mxq1,4.7008,6.5332,8.14,6.98,39.76875686645508,13000000000
Llama-2-7b-hf,mxq,4_53,4.53,mxq1,5.2875,7.078,4.64,3.9,19.18871831893921,7000000000
Llama-2-7b-hf,mxq,4_15,4.15,mxq1,5.3283,7.1561,4.45,3.71,20.58371472358704,7000000000
Llama-2-7b-hf,mxq,4_35,4.35,mxq1,5.3039,7.0966,4.5,3.77,19.5824933052063,7000000000
Llama-2-7b-hf,mxq,4_61,4.61,mxq1,5.2864,7.0736,4.7,3.96,19.251134634017944,7000000000
Llama-2-7b-hf,mxq,4_07,4.07,mxq1,5.3565,7.2072,4.44,3.71,21.131075859069824,7000000000
Llama-2-7b-hf,mxq,4_29,4.29,mxq1,5.3113,7.114,4.46,3.72,19.97725749015808,7000000000
Meta-Llama-3-8B,mxq,4_03,4.03,mxq1,6.4963,10.1587,6.54,5.58,25.88525485992432,8000000000
Llama-2-7b-hf,mxq,4_41,4.41,mxq1,5.3008,7.0875,4.55,3.81,19.59765887260437,7000000000
Meta-Llama-3-8B,mxq,4_51,4.51,mxq1,6.1146,9.4655,5.62,5.62,24.92203664779663,8000000000
Llama-2-13b-hf,mxq,4_09,4.09,mxq1,4.7492,6.5873,8.12,6.97,42.047685384750366,13000000000
Meta-Llama-3-8B,mxq,4_05,4.05,mxq1,6.4759,10.1244,6.53,5.58,26.255170822143555,8000000000
Meta-Llama-3-8B,mxq,4_11,4.11,mxq1,6.4222,9.9862,6.5,5.55,27.063514947891235,8000000000
Meta-Llama-3-8B,mxq,4_45,4.45,mxq1,6.1205,9.4749,6.53,5.57,23.748464822769165,8000000000
Llama-2-7b-hf,mxq,4_49,4.49,mxq1,5.2904,7.0791,4.61,3.87,19.427526235580444,7000000000
Meta-Llama-3-8B,mxq,4_15,4.15,mxq1,6.405,9.9757,6.49,5.53,26.835866928100582,8000000000
Llama-2-7b-hf,mxq,4_47,4.47,mxq1,5.2959,7.0845,4.6,3.86,19.193933725357056,7000000000
Llama-2-13b-hf,mxq,4_43,4.43,mxq1,4.6938,6.5195,8.31,7.15,39.36584949493408,13000000000
Llama-2-7b-hf,mxq,4_43,4.43,mxq1,5.2992,7.0879,4.57,3.83,19.426052570343018,7000000000
Llama-2-13b-hf,mxq,4_57,4.57,mxq1,4.6882,6.5141,8.52,7.36,38.947505235672,13000000000
Llama-2-13b-hf,mxq,4_47,4.47,mxq1,4.6914,6.5168,8.37,7.21,38.94000625610352,13000000000
Llama-2-7b-hf,mxq,4_19,4.19,mxq1,5.3245,7.1459,4.44,3.7,20.743916988372803,7000000000
Llama-2-7b-hf,mxq,4_31,4.31,mxq1,5.3097,7.1112,4.48,3.74,19.612579107284542,7000000000
Llama-2-13b-hf,mxq,4_53,4.53,mxq1,4.689,6.5136,8.46,7.3,38.96563124656677,13000000000
Llama-2-13b-hf,mxq,4_23,4.23,mxq1,4.7167,6.5481,8.04,6.88,40.51502966880798,13000000000
Llama-2-7b-hf,mxq,4_27,4.27,mxq1,5.3106,7.1197,4.45,3.72,20.036747694015503,7000000000
Llama-2-13b-hf,mxq,4_21,4.21,mxq1,4.719,6.5519,8.04,6.88,41.05225133895874,13000000000
Llama-2-7b-hf,mxq,4_13,4.13,mxq1,5.334,7.1706,3.72,3.72,20.87559461593628,7000000000
Llama-2-7b-hf,mxq,4_59,4.59,mxq1,5.2849,7.0742,4.69,3.95,19.17374587059021,7000000000
Llama-2-13b-hf,mxq,4_25,4.25,mxq1,4.7089,6.5419,6.9,6.91,40.46815299987793,13000000000
Llama-2-13b-hf,mxq,4_29,4.29,mxq1,4.7031,6.5348,8.12,6.97,40.09323787689209,13000000000
Meta-Llama-3-8B,mxq,4_61,4.61,mxq1,6.111,9.459,6.66,5.7,27.436137199401852,8000000000
Llama-2-7b-hf,mxq,4_55,4.55,mxq1,5.2859,7.0774,4.66,3.93,19.15705108642578,7000000000
Llama-2-13b-hf,mxq,4_41,4.41,mxq1,4.6929,6.521,8.28,7.13,39.22174906730652,13000000000
Llama-2-13b-hf,mxq,4_03,4.03,mxq1,4.7657,6.613,8.13,6.98,42.46521067619324,13000000000
Llama-2-13b-hf,mxq,4_11,4.11,mxq1,4.7407,6.5778,8.1,6.95,41.86778664588928,13000000000
Llama-2-13b-hf,mxq,4_17,4.17,mxq1,4.7306,6.5591,8.07,6.91,41.23172092437744,13000000000
Meta-Llama-3-8B,mxq,4_17,4.17,mxq1,6.3811,9.9266,6.48,5.52,25.636372327804565,8000000000
Meta-Llama-3-8B,mxq,4_33,4.33,mxq1,6.1794,9.5815,6.43,5.47,25.249829053878784,8000000000
Llama-2-7b-hf,mxq,4_33,4.33,mxq1,5.3014,7.101,4.49,3.76,19.56880807876587,7000000000
Meta-Llama-3-8B,mxq,4_53,4.53,mxq1,6.1145,9.4646,6.6,5.64,23.70330619812012,8000000000
Meta-Llama-3-8B,mxq,4_31,4.31,mxq1,6.2252,9.6562,6.43,5.47,25.809986114501957,8000000000
Llama-2-7b-hf,mxq,4_03,4.03,mxq1,5.3814,7.2461,4.45,3.72,20.969598531723022,7000000000
Llama-2-7b-hf,mxq,4_51,4.51,mxq1,5.2898,7.0788,3.89,3.89,19.155563831329346,7000000000
Meta-Llama-3-8B,mxq,4_57,4.57,mxq1,6.1122,9.4631,6.63,5.67,24.524535417556763,8000000000
Llama-2-13b-hf,mxq,4_55,4.55,mxq1,4.6895,6.5129,8.5,7.34,38.63822436332703,13000000000
Llama-2-13b-hf,mxq,4_05,4.05,mxq1,4.756,6.6024,8.14,6.98,42.40979599952698,13000000000
Meta-Llama-3-8B,mxq,4_21,4.21,mxq1,6.3441,9.8427,6.46,5.5,25.76648712158203,8000000000
Llama-2-13b-hf,mxq,4_49,4.49,mxq1,4.6888,6.5146,8.4,7.24,38.84530258178711,13000000000
Llama-2-7b-hf,mxq,4_25,4.25,mxq1,5.3115,7.1268,3.71,3.71,20.26943135261536,7000000000
Meta-Llama-3-8B,mxq,4_23,4.23,mxq1,6.3174,9.7954,6.46,5.5,27.35953164100647,8000000000
Llama-2-7b-hf,mxq,4_05,4.05,mxq1,5.3753,7.2209,4.43,3.7,20.88037323951721,7000000000
Llama-2-7b-hf,mxq,4_11,4.11,mxq1,5.3408,7.1813,4.46,3.73,20.761564016342163,7000000000
Llama-2-13b-hf,mxq,4_19,4.19,mxq1,4.7227,6.5555,8.05,6.9,41.09080386161804,13000000000
Llama-2-13b-hf,mxq,4_61,4.61,mxq1,4.6907,6.5113,8.58,7.42,38.93445158004761,13000000000
Llama-2-13b-hf,mxq,4_07,4.07,mxq1,4.7491,6.5939,8.12,6.96,42.46434950828552,13000000000
Llama-2-7b-hf,mxq,4_45,4.45,mxq1,5.2966,7.087,4.58,3.84,19.19464921951294,7000000000
Llama-2-13b-hf,mxq,4_59,4.59,mxq1,4.6899,6.5132,8.55,7.39,38.80632185935974,13000000000
Llama-2-13b-hf,mxq,4_51,4.51,mxq1,4.6891,6.5144,7.28,7.28,38.84453558921814,13000000000
Meta-Llama-3-8B,mxq,4_25,4.25,mxq1,6.2909,9.7613,5.49,5.49,27.399765968322757,8000000000
Llama-2-7b-hf,mxq,4_09,4.09,mxq1,5.3551,7.1952,4.45,3.72,21.231635093688965,7000000000
Llama-2-13b-hf,mxq,4_15,4.15,mxq1,4.7308,6.5647,8.07,6.92,41.51810216903687,13000000000
Llama-2-13b-hf,mxq,4_45,4.45,mxq1,4.6926,6.5185,8.34,7.18,39.33842134475708,13000000000
Llama-2-13b-hf,mxq,4_27,4.27,mxq1,4.7087,6.5377,8.09,6.93,40.65523076057434,13000000000
Meta-Llama-3-8B,mxq,4_29,4.29,mxq1,6.2456,9.6912,6.43,5.47,26.04448127746582,8000000000
Meta-Llama-3-8B,mxq,4_55,4.55,mxq1,6.1126,9.4656,6.61,5.65,23.91134476661682,8000000000
Llama-2-13b-hf,mxq,4_33,4.33,mxq1,4.6976,6.5283,8.16,7.01,39.751455783844,13000000000
Meta-Llama-3-8B,mxq,4_47,4.47,mxq1,6.1155,9.4657,6.55,5.59,24.25788116455078,8000000000
Llama-2-13b-hf,mxq,4_35,4.35,mxq1,4.699,6.5243,8.19,7.04,39.7638783454895,13000000000
Meta-Llama-3-8B,mxq,4_35,4.35,mxq1,6.1673,9.5576,6.45,5.49,25.076794862747192,8000000000
Llama-2-7b-hf,mxq,4_17,4.17,mxq1,5.3282,7.1556,4.44,3.71,20.673033952713013,7000000000
Meta-Llama-3-8B,mxq,4_13,4.13,mxq1,6.405,9.9574,5.54,5.54,26.953931093215942,8000000000
Llama-2-7b-hf,mxq,4_23,4.23,mxq1,5.3175,7.1336,4.43,3.7,20.32020378112793,7000000000
Meta-Llama-3-8B,mxq,4_41,4.41,mxq1,6.1285,9.4953,6.5,5.54,23.6580011844635,8000000000
Meta-Llama-3-8B,mxq,4_19,4.19,mxq1,6.3631,9.8989,6.47,5.51,25.687644720077515,8000000000
Meta-Llama-3-8B,mxq,4_27,4.27,mxq1,6.268,9.7356,6.45,5.49,25.66309356689453,8000000000
Llama-2-7b-hf,mxq,4_57,4.57,mxq1,5.2862,7.0799,4.67,3.93,19.16224694252014,7000000000
Meta-Llama-3-8B,mxq,4_43,4.43,mxq1,6.1245,9.4828,6.51,5.56,23.717778205871586,8000000000
Meta-Llama-3-8B,mxq,6_06,6.06,mxq1,6.023,9.326,7.84,6.88,21.76242709159851,8000000000
Llama-2-7b-hf,mxq,7_74,7.74,mxq1,5.2359,6.9897,7.06,6.34,17.669595956802368,7000000000
Llama-2-13b-hf,mxq,5_98,5.98,mxq1,4.6678,6.4906,10.6,9.44,47.798495054245,13000000000
Llama-2-7b-hf,mxq,6_89,6.89,mxq1,5.2462,7.0114,6.4,5.68,25.922955751419067,7000000000
Llama-2-7b-hf,mxq,5_90,5.9,mxq1,5.2604,7.0303,5.67,4.94,19.554818153381348,7000000000
Llama-2-13b-hf,mxq,5_02,5.02,mxq1,4.6846,6.5035,9.18,8.03,49.19426798820496,13000000000
Llama-2-13b-hf,mxq,7_74,7.74,mxq1,4.6469,6.4678,13.17,12.04,44.089990854263306,13000000000
Llama-2-7b-hf,mxq,5_10,5.1,mxq1,5.2754,7.0524,5.07,4.33,19.657520294189453,7000000000
Llama-2-7b-hf,mxq,7_56,7.56,mxq1,5.237,6.9942,6.9,6.19,18.19426202774048,7000000000
Llama-2-7b-hf,mxq,6_81,6.81,mxq1,5.2469,7.011,6.34,5.62,18.86526107788086,7000000000
Llama-2-7b-hf,mxq,5_96,5.96,mxq1,5.2593,7.03,5.72,4.98,19.279616355896,7000000000
Meta-Llama-3-8B,mxq,6_71,6.71,mxq1,6.0196,9.3105,8.34,7.41,21.85685682296753,8000000000
Llama-2-7b-hf,mxq,5_94,5.94,mxq1,5.2586,7.0295,5.7,4.97,19.37894368171692,7000000000
Llama-2-13b-hf,mxq,5_14,5.14,mxq1,4.683,6.5027,9.36,8.2,56.9892475605011,13000000000
Meta-Llama-3-8B,mxq,5_88,5.88,mxq1,6.0261,9.3352,7.7,6.74,22.518107175827023,8000000000
Llama-2-13b-hf,mxq,5_08,5.08,mxq1,4.6839,6.5029,9.27,8.12,49.27021145820618,13000000000
Llama-2-13b-hf,mxq,7_66,7.66,mxq1,4.6474,6.468,13.05,11.93,47.079811811447136,13000000000
Meta-Llama-3-8B,mxq,6_72,6.72,mxq1,6.0197,9.3087,8.35,7.42,23.39883589744568,8000000000
Llama-2-7b-hf,mxq,7_60,7.6,mxq1,5.2371,6.9936,6.93,6.22,18.125155687332157,7000000000
Llama-2-13b-hf,mxq,5_94,5.94,mxq1,4.6684,6.4931,10.54,9.39,49.166083097457886,13000000000
Llama-2-7b-hf,mxq,5_08,5.08,mxq1,5.2764,7.0531,5.06,4.32,19.440809726715088,7000000000
Llama-2-13b-hf,mxq,6_77,6.77,mxq1,4.6577,6.4802,11.79,10.67,46.27151226997376,13000000000
Meta-Llama-3-8B,mxq,6_86,6.86,mxq1,6.0164,9.3046,8.46,7.53,21.96333861351013,8000000000
Llama-2-13b-hf,mxq,5_90,5.9,mxq1,4.6686,6.4937,10.48,9.33,48.043394327163696,13000000000
Llama-2-7b-hf,mxq,7_57,7.57,mxq1,5.2378,6.9941,6.91,6.2,17.95819878578186,7000000000
Llama-2-13b-hf,mxq,6_78,6.78,mxq1,4.6575,6.4794,11.84,10.71,44.31199598312378,13000000000
Meta-Llama-3-8B,mxq,6_00,6,mxq1,6.0237,9.3281,7.79,6.83,21.4712917804718,8000000000
Llama-2-7b-hf,mxq,5_04,5.04,mxq1,5.2765,7.0529,5.03,4.29,19.586140632629395,7000000000
Meta-Llama-3-8B,mxq,5_94,5.94,mxq1,6.0244,9.3323,7.74,6.78,21.61764931678772,8000000000
Llama-2-13b-hf,mxq,6_81,6.81,mxq1,4.6577,6.4795,11.82,10.7,47.39734888076782,13000000000
Llama-2-7b-hf,mxq,6_92,6.92,mxq1,5.2446,7.0088,6.44,5.72,18.701699256896973,7000000000
Llama-2-13b-hf,mxq,6_06,6.06,mxq1,4.6666,6.4898,10.72,9.56,47.00333380699158,13000000000
Llama-2-13b-hf,mxq,7_70,7.7,mxq1,4.647,6.4677,13.11,11.99,43.83094072341919,13000000000
Llama-2-7b-hf,mxq,5_92,5.92,mxq1,5.2577,7.0291,5.71,4.97,20.55404281616211,7000000000
Meta-Llama-3-8B,mxq,5_14,5.14,mxq1,6.0536,9.3788,7.09,6.13,21.712579488754272,8000000000
Llama-2-7b-hf,mxq,6_06,6.06,mxq1,5.2588,7.0279,5.79,5.06,19.3074004650116,7000000000
Meta-Llama-3-8B,mxq,5_90,5.9,mxq1,6.0255,9.3333,7.71,6.75,22.121676683425903,8000000000
Llama-2-13b-hf,mxq,6_02,6.02,mxq1,4.6668,6.4898,10.72,9.56,46.12384104728699,13000000000
Meta-Llama-3-8B,mxq,5_20,5.2,mxq1,6.0512,9.3798,7.14,6.18,21.581509828567505,8000000000
Meta-Llama-3-8B,mxq,5_04,5.04,mxq1,6.0543,9.3815,7.01,6.05,21.817686080932617,8000000000
Llama-2-7b-hf,mxq,7_72,7.72,mxq1,5.2355,6.9912,7.02,6.31,18.226958751678467,7000000000
Llama-2-7b-hf,mxq,6_02,6.02,mxq1,5.2581,7.0277,5.76,5.03,19.418373584747314,7000000000
Meta-Llama-3-8B,mxq,5_98,5.98,mxq1,6.0217,9.3299,7.78,6.82,21.374507427215576,8000000000
Llama-2-7b-hf,mxq,6_04,6.04,mxq1,5.2576,7.0268,5.78,5.04,19.052096128463745,7000000000
Meta-Llama-3-8B,mxq,5_06,5.06,mxq1,6.0522,9.3779,7.03,6.07,21.56499028205872,8000000000
Llama-2-13b-hf,mxq,6_87,6.87,mxq1,4.6573,6.4795,11.88,10.76,45.78723359107971,13000000000
Llama-2-7b-hf,mxq,5_18,5.18,mxq1,5.276,7.0518,5.13,4.39,19.973525762557983,7000000000
Meta-Llama-3-8B,mxq,5_16,5.16,mxq1,6.0507,9.3749,7.11,6.15,21.58627796173096,8000000000
Llama-2-13b-hf,mxq,6_72,6.72,mxq1,4.6594,6.4813,11.66,10.54,46.765066146850586,13000000000
Llama-2-13b-hf,mxq,6_04,6.04,mxq1,4.667,6.4902,10.69,9.53,48.153079986572266,13000000000
Llama-2-13b-hf,mxq,5_96,5.96,mxq1,4.6678,6.4916,10.57,9.41,48.17770957946777,13000000000
Llama-2-7b-hf,mxq,7_70,7.7,mxq1,5.2351,6.9918,7.01,6.29,17.992141246795654,7000000000
Llama-2-7b-hf,mxq,6_78,6.78,mxq1,5.2478,7.0112,6.31,5.6,18.597021102905277,7000000000
Meta-Llama-3-8B,mxq,7_76,7.76,mxq1,6.0055,9.2872,9.19,8.26,27.69206953048706,8000000000
Llama-2-13b-hf,mxq,5_86,5.86,mxq1,4.6691,6.4944,10.42,9.27,48.98742747306824,13000000000
Meta-Llama-3-8B,mxq,6_92,6.92,mxq1,6.0161,9.2986,8.51,7.58,22.2465500831604,8000000000
Meta-Llama-3-8B,mxq,5_12,5.12,mxq1,6.0512,9.3761,7.09,6.13,21.561537265777588,8000000000
Meta-Llama-3-8B,mxq,5_10,5.1,mxq1,6.0511,9.3766,7.06,6.1,21.59110140800476,8000000000
Llama-2-7b-hf,mxq,7_63,7.63,mxq1,5.2363,6.9925,6.96,6.24,17.663169622421265,7000000000
Llama-2-7b-hf,mxq,6_77,6.77,mxq1,5.2474,7.0115,6.31,5.59,18.561485052108765,7000000000
Meta-Llama-3-8B,mxq,7_62,7.62,mxq1,6.0003,9.2852,9.08,8.15,22.798346996307373,8000000000
Meta-Llama-3-8B,mxq,7_70,7.7,mxq1,6.0045,9.2858,9.19,8.26,71.6642336845398,8000000000
Meta-Llama-3-8B,mxq,6_02,6.02,mxq1,6.0234,9.327,7.81,6.85,22.565041303634644,8000000000
Llama-2-13b-hf,mxq,6_83,6.83,mxq1,4.6573,6.4802,11.85,10.73,46.35602283477783,13000000000
Llama-2-13b-hf,mxq,6_89,6.89,mxq1,4.6568,6.4789,11.91,10.79,48.30457520484924,13000000000
Meta-Llama-3-8B,mxq,7_56,7.56,mxq1,6.002,9.2872,9.03,8.1,22.120295524597168,8000000000
Meta-Llama-3-8B,mxq,6_78,6.78,mxq1,6.0256,9.318,8.4,7.47,22.91683387756348,8000000000
Meta-Llama-3-8B,mxq,7_60,7.6,mxq1,6.0076,9.2996,9.06,8.13,21.957447052001957,8000000000
Llama-2-13b-hf,mxq,5_10,5.1,mxq1,4.6844,6.5018,9.31,8.16,49.0630841255188,13000000000
Meta-Llama-3-8B,mxq,6_83,6.83,mxq1,6.0153,9.3035,8.46,7.53,22.001774787902832,8000000000
Meta-Llama-3-8B,mxq,7_63,7.63,mxq1,6.006,9.2906,9.09,8.16,23.30888676643372,8000000000
Meta-Llama-3-8B,mxq,7_68,7.68,mxq1,6.0022,9.2823,9.13,8.2,23.90609741210937,8000000000
Llama-2-13b-hf,mxq,5_88,5.88,mxq1,4.6688,6.494,10.45,9.3,48.39581108093262,13000000000
Llama-2-7b-hf,mxq,7_76,7.76,mxq1,5.2357,6.9899,7.05,6.34,17.89582633972168,7000000000
Meta-Llama-3-8B,mxq,7_72,7.72,mxq1,6.0038,9.292,9.19,8.26,22.09702754020691,8000000000
Llama-2-7b-hf,mxq,5_16,5.16,mxq1,5.2759,7.0515,5.12,4.38,20.5237340927124,7000000000
Meta-Llama-3-8B,mxq,7_74,7.74,mxq1,6.0006,9.2811,9.18,8.25,23.867166757583615,8000000000
Meta-Llama-3-8B,mxq,6_04,6.04,mxq1,6.0223,9.3285,7.83,6.87,21.45602321624756,8000000000
Meta-Llama-3-8B,mxq,7_57,7.57,mxq1,6.0049,9.2966,9.04,8.11,22.91953945159912,8000000000
Llama-2-7b-hf,mxq,7_62,7.62,mxq1,5.2374,6.9934,6.95,6.23,19.285237550735477,7000000000
Llama-2-13b-hf,mxq,7_56,7.56,mxq1,4.6494,6.4696,12.9,11.78,47.3088366985321,13000000000
Llama-2-7b-hf,mxq,5_20,5.2,mxq1,5.2746,7.0514,5.15,4.41,19.65858101844788,7000000000
Llama-2-13b-hf,mxq,5_04,5.04,mxq1,4.6854,6.5025,9.21,8.06,46.62364554405213,13000000000
Llama-2-7b-hf,mxq,5_88,5.88,mxq1,5.2586,7.0299,5.66,4.92,19.65648412704468,7000000000
Llama-2-13b-hf,mxq,7_68,7.68,mxq1,4.6472,6.4684,13.08,11.95,47.53784322738648,13000000000
Llama-2-7b-hf,mxq,5_14,5.14,mxq1,5.2757,7.0512,5.1,4.36,19.58873414993286,7000000000
Meta-Llama-3-8B,mxq,5_08,5.08,mxq1,6.0535,9.3792,7.05,6.09,21.678075790405277,8000000000
Llama-2-13b-hf,mxq,7_60,7.6,mxq1,4.649,6.4689,12.96,11.84,45.857011795043945,13000000000
Meta-Llama-3-8B,mxq,5_18,5.18,mxq1,6.0513,9.3791,7.13,6.17,21.55056619644165,8000000000
Llama-2-13b-hf,mxq,7_76,7.76,mxq1,4.6461,6.4672,13.19,12.07,43.27605080604553,13000000000
Llama-2-7b-hf,mxq,6_86,6.86,mxq1,5.2461,7.0104,6.38,5.66,18.698930263519287,7000000000
Meta-Llama-3-8B,mxq,6_89,6.89,mxq1,6.0148,9.302,8.49,7.56,22.465340614318848,8000000000
Llama-2-13b-hf,mxq,6_75,6.75,mxq1,4.6587,6.4808,11.73,10.61,51.45095086097717,13000000000
Llama-2-7b-hf,mxq,5_06,5.06,mxq1,5.2773,7.0527,5.04,4.3,19.507778644561768,7000000000
Llama-2-13b-hf,mxq,6_92,6.92,mxq1,4.6565,6.4785,12.03,10.9,48.840221881866455,13000000000
Meta-Llama-3-8B,mxq,5_86,5.86,mxq1,6.0263,9.3328,7.68,6.72,21.603814601898197,8000000000
Llama-2-13b-hf,mxq,5_00,5,mxq1,4.686,6.5027,8,8,50.04755926132202,13000000000
Llama-2-7b-hf,mxq,5_86,5.86,mxq1,5.259,7.0317,5.64,4.91,19.42838191986084,7000000000
Llama-2-7b-hf,mxq,5_02,5.02,mxq1,5.2756,7.053,5.01,4.27,19.654392957687374,7000000000
Llama-2-13b-hf,mxq,5_12,5.12,mxq1,4.6834,6.5027,9.33,8.17,49.11213088035584,13000000000
Llama-2-7b-hf,mxq,6_72,6.72,mxq1,5.2475,7.0121,6.27,5.56,18.748580932617188,7000000000
Meta-Llama-3-8B,mxq,6_87,6.87,mxq1,6.0212,9.3161,8.47,7.54,22.113675594329838,8000000000
Llama-2-13b-hf,mxq,6_86,6.86,mxq1,4.657,6.4802,11.87,10.74,46.65679335594177,13000000000
Llama-2-13b-hf,mxq,7_72,7.72,mxq1,4.6471,6.4678,13.14,12.01,43.9573712348938,13000000000
Meta-Llama-3-8B,mxq,6_75,6.75,mxq1,6.02,9.3097,8.37,7.44,21.745509386062626,8000000000
Llama-2-13b-hf,mxq,6_00,6,mxq1,4.6676,6.4903,10.63,9.47,47.34900975227356,13000000000
Llama-2-13b-hf,mxq,7_62,7.62,mxq1,4.649,6.4688,12.99,11.87,46.21504259109497,13000000000
Llama-2-13b-hf,mxq,5_18,5.18,mxq1,4.6829,6.5022,9.42,8.26,50.85960650444031,13000000000
Llama-2-7b-hf,mxq,5_98,5.98,mxq1,5.2592,7.0269,5.75,5.02,19.30942392349243,7000000000
Meta-Llama-3-8B,mxq,5_92,5.92,mxq1,6.0236,9.3314,7.73,6.77,21.48281145095825,8000000000
Meta-Llama-3-8B,mxq,6_77,6.77,mxq1,6.0178,9.3079,8.39,7.46,21.645708799362183,8000000000
Llama-2-7b-hf,mxq,6_00,6,mxq1,5.2607,7.0283,5.75,5.01,19.27993416786194,7000000000
Llama-2-13b-hf,mxq,5_92,5.92,mxq1,4.6684,6.4934,10.51,9.36,48.14252591133118,13000000000
Llama-2-13b-hf,mxq,6_71,6.71,mxq1,4.6595,6.4817,11.64,10.52,47.33645796775818,13000000000
Llama-2-7b-hf,mxq,5_00,5,mxq1,5.2766,7.0532,4.27,4.27,19.587546348571777,7000000000
Meta-Llama-3-8B,mxq,5_00,5,mxq1,6.0532,9.3803,6.02,6.02,21.893595218658447,8000000000
Llama-2-7b-hf,mxq,6_71,6.71,mxq1,5.2477,7.0123,6.28,5.57,18.528297424316406,7000000000
Llama-2-7b-hf,mxq,7_66,7.66,mxq1,5.236,6.9922,6.98,6.26,17.945961236953735,7000000000
Meta-Llama-3-8B,mxq,7_66,7.66,mxq1,6.0043,9.2941,9.11,8.18,27.38026094436645,8000000000
Llama-2-13b-hf,mxq,7_57,7.57,mxq1,4.6489,6.4689,12.97,11.85,46.53462791442871,13000000000
Llama-2-7b-hf,mxq,6_75,6.75,mxq1,5.2476,7.0121,6.29,5.58,18.54985857009888,7000000000
Meta-Llama-3-8B,mxq,5_02,5.02,mxq1,6.0532,9.3808,7,6.04,21.56413507461548,8000000000
Llama-2-7b-hf,mxq,6_87,6.87,mxq1,5.2457,7.0102,6.38,5.67,18.890921354293823,7000000000
Llama-2-7b-hf,mxq,7_68,7.68,mxq1,5.2354,6.9915,6.99,6.28,17.50517463684082,7000000000
Llama-2-7b-hf,mxq,6_83,6.83,mxq1,5.2457,7.0106,6.35,5.64,19.047003507614136,7000000000
Meta-Llama-3-8B,mxq,6_81,6.81,mxq1,6.0168,9.3071,8.42,7.49,22.49588942527771,8000000000
Llama-2-13b-hf,mxq,5_16,5.16,mxq1,4.6844,6.5018,9.39,8.23,51.94888925552368,13000000000
Llama-2-13b-hf,mxq,5_20,5.2,mxq1,4.6827,6.502,9.46,8.3,53.49170207977295,13000000000
Llama-2-13b-hf,mxq,7_63,7.63,mxq1,4.649,6.4688,13,11.88,45.62868070602417,13000000000
Llama-2-7b-hf,mxq,5_12,5.12,mxq1,5.2763,7.0519,5.09,4.35,19.8666250705719,7000000000
Meta-Llama-3-8B,mxq,5_96,5.96,mxq1,6.0228,9.328,7.76,6.8,22.19820022583008,8000000000
Llama-2-13b-hf,mxq,5_06,5.06,mxq1,4.6835,6.5029,9.24,8.08,45.732778549194336,13000000000
Meta-Llama-3-8B,mxq,6_17,6.17,mxq1,6.0255,9.3334,7.93,6.97,22.93013048171997,8000000000
Meta-Llama-3-8B,mxq,6_13,6.13,mxq1,6.0184,9.3218,7.9,6.94,21.69773030281067,8000000000
Llama-2-13b-hf,mxq,6_43,6.43,mxq1,4.6617,6.4843,11.27,10.11,40.88297891616821,13000000000
Llama-2-7b-hf,mxq,6_51,6.51,mxq1,5.2543,7.0177,6.13,5.4,24.40671682357788,7000000000
Llama-2-13b-hf,mxq,6_61,6.61,mxq1,4.6611,6.4834,11.5,10.38,48.03984093666077,13000000000
Llama-2-13b-hf,mxq,6_03,6.03,mxq1,4.6664,6.4897,10.71,9.55,,13000000000
Llama-2-7b-hf,mxq,6_53,6.53,mxq1,5.252,7.0181,6.15,5.41,24.252538204193115,7000000000
Meta-Llama-3-8B,mxq,6_19,6.19,mxq1,6.0189,9.3196,7.95,6.99,24.800605058670044,8000000000
Llama-2-7b-hf,mxq,6_57,6.57,mxq1,5.2477,7.0146,6.16,5.44,23.827990531921387,7000000000
Meta-Llama-3-8B,mxq,6_21,6.21,mxq1,6.0204,9.319,7.96,7,29.62066912651062,8000000000
Llama-2-13b-hf,mxq,6_65,6.65,mxq1,4.6601,6.4825,11.56,10.43,46.842421531677246,13000000000
Meta-Llama-3-8B,mxq,6_25,6.25,mxq1,6.0267,9.3208,7.97,7.04,22.11001920700073,8000000000
Meta-Llama-3-8B,mxq,6_05,6.05,mxq1,6.0212,9.3245,7.83,6.87,23.453336477279663,8000000000
Meta-Llama-3-8B,mxq,6_37,6.37,mxq1,6.0249,9.3159,8.06,7.13,22.570733785629272,8000000000
Llama-2-13b-hf,mxq,6_15,6.15,mxq1,4.6647,6.4886,10.85,9.7,43.04915261268616,13000000000
Llama-2-7b-hf,mxq,6_39,6.39,mxq1,5.2537,7.0212,6.04,5.31,22.958473443984985,7000000000
Llama-2-7b-hf,mxq,6_45,6.45,mxq1,5.2531,7.02,6.09,5.35,23.5776686668396,7000000000
Llama-2-7b-hf,mxq,6_65,6.65,mxq1,5.2479,7.0134,6.22,5.5,21.540367126464844,7000000000
Llama-2-13b-hf,mxq,6_21,6.21,mxq1,4.6639,6.4876,10.94,9.78,41.25605297088623,13000000000
Meta-Llama-3-8B,mxq,6_15,6.15,mxq1,6.0204,9.3249,7.91,6.95,26.227903127670288,8000000000
Llama-2-13b-hf,mxq,6_63,6.63,mxq1,4.66,6.4825,11.53,10.4,51.91605401039124,13000000000
Meta-Llama-3-8B,mxq,6_33,6.33,mxq1,6.0364,9.3301,8.03,7.1,24.40437388420105,8000000000
Llama-2-7b-hf,mxq,6_47,6.47,mxq1,5.2523,7.0194,6.1,5.37,23.60258746147156,7000000000
Llama-2-7b-hf,mxq,6_09,6.09,mxq1,5.2569,7.0255,5.82,5.08,23.579248666763306,7000000000
Llama-2-7b-hf,mxq,6_13,6.13,mxq1,5.2579,7.0239,5.85,5.11,25.49895691871643,7000000000
Llama-2-13b-hf,mxq,6_11,6.11,mxq1,4.6657,6.489,10.79,9.64,43.13880181312561,13000000000
Meta-Llama-3-8B,mxq,6_47,6.47,mxq1,6.0244,9.3178,8.15,7.21,21.61146068572998,8000000000
Llama-2-7b-hf,mxq,6_69,6.69,mxq1,5.2485,7.0141,6.25,5.53,19.48853874206543,7000000000
Meta-Llama-3-8B,mxq,6_61,6.61,mxq1,6.0215,9.3132,8.26,7.33,26.014561891555783,8000000000
Meta-Llama-3-8B,mxq,6_07,6.07,mxq1,6.0214,9.3248,7.85,6.89,21.678030729293823,8000000000
Llama-2-13b-hf,mxq,6_13,6.13,mxq1,4.6656,6.4888,10.82,9.67,42.97390532493591,13000000000
Meta-Llama-3-8B,mxq,6_11,6.11,mxq1,6.0281,9.3349,7.88,6.92,22.508207082748413,8000000000
Llama-2-13b-hf,mxq,6_49,6.49,mxq1,4.6612,6.4834,11.36,10.2,40.99091172218323,13000000000
Llama-2-7b-hf,mxq,6_15,6.15,mxq1,5.2566,7.0244,5.86,5.13,26.007137298583984,7000000000
Meta-Llama-3-8B,mxq,6_43,6.43,mxq1,6.0233,9.3121,8.11,7.18,22.1263689994812,8000000000
Llama-2-13b-hf,mxq,6_27,6.27,mxq1,4.6632,6.4869,11.03,9.87,40.72089266777039,13000000000
Llama-2-13b-hf,mxq,6_35,6.35,mxq1,4.6628,6.4858,11.15,9.99,41.26778674125672,13000000000
Llama-2-7b-hf,mxq,6_21,6.21,mxq1,5.2549,7.0247,5.91,5.17,23.470106840133667,7000000000
Llama-2-7b-hf,mxq,6_29,6.29,mxq1,5.2545,7.0224,5.97,5.23,22.15794897079468,7000000000
Llama-2-13b-hf,mxq,6_45,6.45,mxq1,4.6614,6.4834,11.33,10.17,,13000000000
Meta-Llama-3-8B,mxq,6_69,6.69,mxq1,6.0196,9.3092,8.32,7.39,29.697371244430546,8000000000
Llama-2-13b-hf,mxq,6_07,6.07,mxq1,4.666,6.4894,10.73,9.58,41.26340532302856,13000000000
Llama-2-13b-hf,mxq,6_09,6.09,mxq1,4.6659,6.4893,10.76,9.61,42.23245668411255,13000000000
Meta-Llama-3-8B,mxq,6_41,6.41,mxq1,6.0267,9.3203,8.1,7.17,21.650339126586918,8000000000
Llama-2-13b-hf,mxq,6_69,6.69,mxq1,4.6599,6.482,11.61,10.49,46.32084965705872,13000000000
Llama-2-13b-hf,mxq,6_19,6.19,mxq1,4.6644,6.4879,10.91,9.75,41.54255795478821,13000000000
Meta-Llama-3-8B,mxq,6_27,6.27,mxq1,6.028,9.3193,7.98,7.05,24.82377791404724,8000000000
Llama-2-7b-hf,mxq,6_43,6.43,mxq1,5.2532,7.0199,6.07,5.34,24.302505254745483,7000000000
Llama-2-7b-hf,mxq,6_41,6.41,mxq1,5.2543,7.0191,6.06,5.32,23.89293384552002,7000000000
Llama-2-13b-hf,mxq,6_59,6.59,mxq1,4.6621,6.4832,11.51,10.39,45.42416024208069,13000000000
Llama-2-7b-hf,mxq,6_25,6.25,mxq1,5.2543,7.0225,5.94,5.2,25.61358904838562,7000000000
Meta-Llama-3-8B,mxq,6_23,6.23,mxq1,6.0203,9.3191,7.98,7.02,,8000000000
Llama-2-7b-hf,mxq,6_49,6.49,mxq1,5.2533,7.02,6.12,5.38,23.66926622390747,7000000000
Llama-2-7b-hf,mxq,6_68,6.68,mxq1,5.2474,7.0129,6.24,5.53,18.623168230056763,7000000000
Meta-Llama-3-8B,mxq,6_35,6.35,mxq1,6.0297,9.324,8.05,7.12,22.2740695476532,8000000000
Meta-Llama-3-8B,mxq,6_57,6.57,mxq1,6.0251,9.314,8.23,7.3,22.460713386535645,8000000000
Llama-2-13b-hf,mxq,6_41,6.41,mxq1,4.6621,6.4844,11.27,10.11,42.46510314941406,13000000000
Llama-2-7b-hf,mxq,6_63,6.63,mxq1,5.2478,7.0137,6.2,5.49,23.32294535636902,7000000000
Llama-2-13b-hf,mxq,6_47,6.47,mxq1,4.661,6.4841,11.33,10.17,40.20678114891052,13000000000
Llama-2-13b-hf,mxq,6_68,6.68,mxq1,4.6603,6.4817,11.6,10.48,,13000000000
Llama-2-7b-hf,mxq,6_33,6.33,mxq1,5.2551,7.022,6,5.26,23.536144733428955,7000000000
Llama-2-13b-hf,mxq,6_53,6.53,mxq1,4.6605,6.4831,11.41,10.26,47.275832176208496,13000000000
Llama-2-7b-hf,mxq,6_59,6.59,mxq1,5.2492,7.015,6.17,5.46,22.223248958587646,7000000000
Llama-2-13b-hf,mxq,6_05,6.05,mxq1,4.6662,6.4897,10.71,9.55,40.876850605010986,13000000000
Llama-2-7b-hf,mxq,6_27,6.27,mxq1,5.2544,7.0221,5.95,5.21,,7000000000
Llama-2-7b-hf,mxq,6_31,6.31,mxq1,5.2561,7.0211,5.98,5.25,23.40264344215393,7000000000
Meta-Llama-3-8B,mxq,6_39,6.39,mxq1,6.0355,9.3291,8.08,7.15,24.07836151123047,8000000000
Llama-2-13b-hf,mxq,6_55,6.55,mxq1,4.6615,6.4827,11.44,10.32,47.41357588768005,13000000000
Meta-Llama-3-8B,mxq,6_31,6.31,mxq1,6.0257,9.3162,8.02,7.08,21.799571752548218,8000000000
Llama-2-7b-hf,mxq,6_55,6.55,mxq1,5.252,7.0178,6.16,5.43,25.579577922821045,7000000000
Llama-2-13b-hf,mxq,6_57,6.57,mxq1,4.6613,6.4838,11.44,10.32,48.70770192146301,13000000000
Meta-Llama-3-8B,mxq,6_63,6.63,mxq1,6.0223,9.3111,8.28,7.34,32.62412476539612,8000000000
Meta-Llama-3-8B,mxq,6_53,6.53,mxq1,6.0235,9.3147,8.19,7.26,21.89174175262451,8000000000
Llama-2-7b-hf,mxq,6_35,6.35,mxq1,5.2542,7.0218,6.01,5.28,23.822951555252075,7000000000
Llama-2-13b-hf,mxq,6_17,6.17,mxq1,4.6644,6.4882,10.88,9.72,41.66511559486389,13000000000
Llama-2-7b-hf,mxq,6_61,6.61,mxq1,5.2481,7.0141,6.19,5.47,22.252615690231323,7000000000
Llama-2-7b-hf,mxq,6_23,6.23,mxq1,5.2556,7.0216,5.94,5.2,24.29988169670105,7000000000
Llama-2-13b-hf,mxq,6_51,6.51,mxq1,4.6611,6.4833,11.38,10.23,47.42530488967896,13000000000
Llama-2-13b-hf,mxq,6_23,6.23,mxq1,4.6632,6.4872,10.97,9.81,40.49730682373047,13000000000
Meta-Llama-3-8B,mxq,6_51,6.51,mxq1,6.0235,9.3155,8.18,7.25,23.38687777519226,8000000000
Meta-Llama-3-8B,mxq,6_09,6.09,mxq1,6.0223,9.3269,7.87,6.91,21.811362504959103,8000000000
Meta-Llama-3-8B,mxq,6_65,6.65,mxq1,6.02,9.3116,8.29,7.36,23.72496223449707,8000000000
Llama-2-7b-hf,mxq,6_19,6.19,mxq1,5.2561,7.0244,5.89,5.16,23.7013635635376,7000000000
Llama-2-13b-hf,mxq,6_25,6.25,mxq1,4.6634,6.487,11,9.84,40.478312492370605,13000000000
Meta-Llama-3-8B,mxq,6_68,6.68,mxq1,6.0187,9.3106,8.32,7.39,23.753955841064453,8000000000
Meta-Llama-3-8B,mxq,6_49,6.49,mxq1,6.0197,9.3095,8.16,7.23,22.288695335388184,8000000000
Meta-Llama-3-8B,mxq,6_45,6.45,mxq1,6.0349,9.328,8.13,7.2,26.3365170955658,8000000000
Llama-2-7b-hf,mxq,6_07,6.07,mxq1,5.2577,7.0265,5.8,5.07,24.80626630783081,7000000000
Llama-2-7b-hf,mxq,6_11,6.11,mxq1,5.2581,7.027,5.83,5.1,24.015952348709103,7000000000
Llama-2-13b-hf,mxq,6_39,6.39,mxq1,4.6624,6.4852,11.21,10.05,42.11790657043457,13000000000
Llama-2-7b-hf,mxq,6_17,6.17,mxq1,5.2561,7.0242000000000004,5.88,5.14,25.667489767074585,7000000000
Llama-2-13b-hf,mxq,6_37,6.37,mxq1,4.6621,6.4844,11.27,10.11,40.69702291488648,13000000000
Llama-2-13b-hf,mxq,6_29,6.29,mxq1,4.6629,6.4868,11.06,9.9,41.20186710357666,13000000000
Llama-2-7b-hf,mxq,6_05,6.05,mxq1,5.2595,7.027,5.79,5.05,24.817551374435425,7000000000
Meta-Llama-3-8B,mxq,6_59,6.59,mxq1,6.0223,9.3125,8.24,7.31,22.284267902374268,8000000000
Meta-Llama-3-8B,mxq,6_55,6.55,mxq1,6.0262,9.3151,8.21,7.28,22.58908176422119,8000000000
Meta-Llama-3-8B,mxq,6_29,6.29,mxq1,6.0326,9.3305,8,7.07,21.697081089019772,8000000000
Llama-2-7b-hf,mxq,6_03,6.03,mxq1,5.2586,7.0262,5.77,5.04,24.330801725387573,7000000000
Meta-Llama-3-8B,mxq,6_03,6.03,mxq1,6.0233,9.3289,7.82,6.86,21.86263394355774,8000000000
Llama-2-7b-hf,mxq,6_37,6.37,mxq1,5.2538,7.0209,6.03,5.29,23.21137380599976,7000000000
Llama-2-13b-hf,mxq,6_33,6.33,mxq1,4.6626,6.4866,11.12,9.96,40.69988703727722,13000000000
Llama-2-13b-hf,mxq,6_31,6.31,mxq1,4.6627,6.4867,11.09,9.93,41.30996322631836,13000000000
Llama-2-13b-hf,mxq,5_54,5.54,mxq1,4.6775,6.4957,9.95,8.79,49.31647300720215,13000000000
Llama-2-13b-hf,mxq,5_30,5.3,mxq1,4.6826,6.5008,9.6,8.44,50.00987195968628,13000000000
Llama-2-7b-hf,mxq,3_97,3.97,mxq1,5.4148,7.2837,4.45,3.71,27.978615045547485,7000000000
Llama-2-13b-hf,mxq,3_83,3.83,mxq1,4.8208,6.6878,8.04,6.89,59.59459114074707,13000000000
Llama-2-7b-hf,mxq,4_39,4.39,mxq1,5.3019,7.0924,4.53,3.8,25.628430366516117,7000000000
Llama-2-13b-hf,mxq,7_01,7.01,mxq1,4.6542,6.4764,12.12,11,48.17560935020447,13000000000
Llama-2-13b-hf,mxq,5_52,5.52,mxq1,4.6788,6.4974,9.92,8.76,49.76578426361084,13000000000
Llama-2-13b-hf,mxq,3_37,3.37,mxq1,4.9883,6.9425,7.32,6.16,59.85954761505127,13000000000
Meta-Llama-3-8B,mxq,4_93,4.93,mxq1,6.0555,9.3822,6.92,5.96,21.183979988098145,8000000000
Llama-2-7b-hf,mxq,5_42,5.42,mxq1,5.2704,7.0446,5.31,4.58,23.909502029418945,7000000000
Llama-2-7b-hf,mxq,3_67,3.67,mxq1,5.5248,7.4694,4.33,3.59,28.905683755874637,7000000000
Llama-2-7b-hf,mxq,6_96,6.96,mxq1,5.2446,7.0085,6.45,5.74,18.35683536529541,7000000000
Llama-2-13b-hf,mxq,7_19,7.19,mxq1,4.6531,6.4756,12.35,11.23,48.2488226890564,13000000000
Llama-2-13b-hf,mxq,3_91,3.91,mxq1,4.8,6.655,8.16,7,59.70643973350525,13000000000
Meta-Llama-3-8B,mxq,3_89,3.89,mxq1,6.6791,10.5005,6.38,5.42,25.70332360267639,8000000000
Llama-2-7b-hf,mxq,7_26,7.26,mxq1,5.2415,7.002,6.68,5.96,18.305686235427856,7000000000
Meta-Llama-3-8B,mxq,5_42,5.42,mxq1,6.0463,9.3688,7.32,6.36,21.39477300643921,8000000000
Llama-2-7b-hf,mxq,3_79,3.79,mxq1,5.4756,7.3919,4.39,3.65,27.739007472991943,7000000000
Llama-2-7b-hf,mxq,3_77,3.77,mxq1,5.4789,7.4043,4.38,3.64,28.07152032852173,7000000000
Llama-2-13b-hf,mxq,3_99,3.99,mxq1,4.7783,6.6289,8.14,6.99,57.4395797252655,13000000000
Meta-Llama-3-8B,mxq,5_60,5.6,mxq1,6.0406,9.3561,7.47,6.51,21.542166233062744,8000000000
Meta-Llama-3-8B,mxq,4_87,4.87,mxq1,6.0654,9.4027,6.87,5.91,22.280656099319454,8000000000
Llama-2-7b-hf,mxq,7_50,7.5,mxq1,5.2375,6.9952,6.86,6.14,17.55693507194519,7000000000
Llama-2-7b-hf,mxq,7_14,7.14,mxq1,5.2423,7.005,6.59,5.87,18.3657546043396,7000000000
Meta-Llama-3-8B,mxq,3_41,3.41,mxq1,7.4657,11.9802,6.02,5.06,29.485385179519653,8000000000
Llama-2-7b-hf,mxq,3_43,3.43,mxq1,5.7097,7.7118,4.13,3.39,29.77008366584778,7000000000
Meta-Llama-3-8B,mxq,4_83,4.83,mxq1,6.0735,9.4189,6.84,5.88,22.990070819854736,8000000000
Llama-2-7b-hf,mxq,3_69,3.69,mxq1,5.5089,7.4537,4.35,3.62,29.06033706665039,7000000000
Meta-Llama-3-8B,mxq,3_81,3.81,mxq1,6.8313,10.7687,6.26,5.3,26.38226747512817,8000000000
Llama-2-13b-hf,mxq,5_70,5.7,mxq1,4.6714,6.4949,10.19,9.03,48.843918323516846,13000000000
Llama-2-13b-hf,mxq,5_26,5.26,mxq1,4.683,6.5018,9.54,8.38,51.51307415962219,13000000000
Llama-2-7b-hf,mxq,4_93,4.93,mxq1,5.2778,7.0546,4.94,4.21,25.59981203079224,7000000000
Meta-Llama-3-8B,mxq,7_19,7.19,mxq1,6.0041,9.3032,8.73,7.8,28.370368480682373,8000000000
Meta-Llama-3-8B,mxq,5_44,5.44,mxq1,6.0448,9.3655,7.34,6.38,21.47695994377136,8000000000
Meta-Llama-3-8B,mxq,7_44,7.44,mxq1,6.0009,9.293,8.93,8,22.628000497817997,8000000000
Meta-Llama-3-8B,mxq,7_41,7.41,mxq1,6.0029,9.2926,8.93,8,21.850175380706787,8000000000
Llama-2-7b-hf,mxq,4_81,4.81,mxq1,5.2793,7.0574,4.85,4.12,28.86678671836853,7000000000
Llama-2-7b-hf,mxq,7_16,7.16,mxq1,5.242,7.0042,6.6,5.89,18.226997137069706,7000000000
Llama-2-7b-hf,mxq,5_44,5.44,mxq1,5.2697,7.0439,5.33,4.59,25.71676087379456,7000000000
Meta-Llama-3-8B,mxq,5_26,5.26,mxq1,6.0509,9.379,7.19,6.23,21.556044101715088,8000000000
Llama-2-13b-hf,mxq,4_93,4.93,mxq1,4.6863,6.5033,9.05,7.89,70.84733772277832,13000000000
Llama-2-13b-hf,mxq,5_80,5.8,mxq1,4.67,6.4948,10.34,9.18,50.03610062599182,13000000000
Llama-2-7b-hf,mxq,5_48,5.48,mxq1,5.2696,7.0421,5.36,4.62,25.350111722946167,7000000000
Llama-2-13b-hf,mxq,7_44,7.44,mxq1,4.6504,6.4712,12.78,11.66,46.96999645233154,13000000000
Meta-Llama-3-8B,mxq,3_75,3.75,mxq1,6.982,10.9958,6.25,5.29,27.03219723701477,8000000000
Llama-2-13b-hf,mxq,6_95,6.95,mxq1,4.6549,6.4776,12.03,10.91,49.46874260902405,13000000000
Llama-2-13b-hf,mxq,4_65,4.65,mxq1,4.6907,6.5094,8.64,7.48,50.80217742919922,13000000000
Llama-2-13b-hf,mxq,4_39,4.39,mxq1,4.695,6.5211,8.25,7.1,52.7899603843689,13000000000
Llama-2-13b-hf,mxq,5_36,5.36,mxq1,4.6826,6.5004,9.69,8.53,50.82804775238037,13000000000
Llama-2-7b-hf,mxq,5_68,5.68,mxq1,5.2658,7.0355,5.51,4.77,25.674433946609497,7000000000
Llama-2-13b-hf,mxq,7_48,7.48,mxq1,4.6504,6.4712,12.78,11.66,47.635294914245605,13000000000
Meta-Llama-3-8B,mxq,5_58,5.58,mxq1,6.0411,9.3569,7.45,6.49,21.98940086364746,8000000000
Llama-2-7b-hf,mxq,5_38,5.38,mxq1,5.2714,7.0477,5.28,4.55,24.46316957473755,7000000000
Llama-2-13b-hf,mxq,5_74,5.74,mxq1,4.671,6.4955,10.25,9.09,49.56825613975525,13000000000
Llama-2-13b-hf,mxq,5_38,5.38,mxq1,4.6807,6.499,9.72,8.57,54.57664918899536,13000000000
Llama-2-13b-hf,mxq,3_85,3.85,mxq1,4.8164,6.6794,8.09,6.94,58.27704977989197,13000000000
Llama-2-7b-hf,mxq,6_98,6.98,mxq1,5.2445,7.0079,6.47,5.75,18.454780340194706,7000000000
Llama-2-7b-hf,mxq,7_53,7.53,mxq1,5.2371,6.9944,6.88,6.17,17.773108959197998,7000000000
Meta-Llama-3-8B,mxq,5_84,5.84,mxq1,6.0271,9.3356,7.66,6.7,21.90815305709839,8000000000
Llama-2-13b-hf,mxq,4_77,4.77,mxq1,4.6895,6.505,8.81,7.66,51.22358536720276,13000000000
Llama-2-13b-hf,mxq,3_81,3.81,mxq1,4.8256,6.694,8.01,6.85,58.82802391052246,13000000000
Llama-2-7b-hf,mxq,5_62,5.62,mxq1,5.2674,7.0362,5.46,4.73,25.617060899734497,7000000000
Llama-2-7b-hf,mxq,4_89,4.89,mxq1,5.2782,7.0552,4.91,4.18,25.147533655166622,7000000000
Llama-2-7b-hf,mxq,5_82,5.82,mxq1,5.2588,7.0318,5.61,4.88,20.976725816726685,7000000000
Llama-2-7b-hf,mxq,5_52,5.52,mxq1,5.2708,7.0414,5.39,4.65,25.396920442581177,7000000000
Llama-2-13b-hf,mxq,3_63,3.63,mxq1,4.8761,6.7711,7.74,6.58,58.59348392486572,13000000000
Meta-Llama-3-8B,mxq,5_82,5.82,mxq1,6.024,9.3285,7.65,6.69,21.71405291557312,8000000000
Llama-2-7b-hf,mxq,4_79,4.79,mxq1,5.2839,7.0628,4.83,4.09,25.93865180015564,7000000000
Llama-2-7b-hf,mxq,5_56,5.56,mxq1,5.2694,7.039,5.42,4.68,24.958718299865723,7000000000
Llama-2-13b-hf,mxq,5_66,5.66,mxq1,4.6721,6.4956,10.13,8.97,49.82615399360657,13000000000
Meta-Llama-3-8B,mxq,7_48,7.48,mxq1,6.0026,9.2908,8.97,8.04,29.58102869987488,8000000000
Llama-2-7b-hf,mxq,7_02,7.02,mxq1,5.2436,7.0073,6.5,5.78,18.2511842250824,7000000000
Meta-Llama-3-8B,mxq,5_76,5.76,mxq1,6.0334,9.3427,7.6,6.64,21.541686296463013,8000000000
Meta-Llama-3-8B,mxq,5_72,5.72,mxq1,6.0356,9.3457,7.57,6.61,22.011995553970337,8000000000
Llama-2-7b-hf,mxq,7_32,7.32,mxq1,5.2407,7.0011,6.72,6.01,19.1725070476532,7000000000
Meta-Llama-3-8B,mxq,5_34,5.34,mxq1,6.0477,9.3718,7.26,6.3,21.53932309150696,8000000000
Llama-2-7b-hf,mxq,3_73,3.73,mxq1,5.4962,7.4295,4.34,3.6,29.004101514816284,7000000000
Llama-2-13b-hf,mxq,7_42,7.42,mxq1,4.6515,6.4723,12.69,11.57,47.37829351425171,13000000000
Meta-Llama-3-8B,mxq,6_95,6.95,mxq1,6.0154,9.2989,8.54,7.6,23.070029973983765,8000000000
Llama-2-7b-hf,mxq,5_54,5.54,mxq1,5.2691,7.0408,5.4,4.67,25.267438173294067,7000000000
Llama-2-7b-hf,mxq,4_77,4.77,mxq1,5.2831,7.062,4.82,4.09,25.033761739730835,7000000000
Llama-2-13b-hf,mxq,5_28,5.28,mxq1,4.6838,6.5005,9.57,8.41,49.98366189002991,13000000000
Llama-2-13b-hf,mxq,3_39,3.39,mxq1,4.9744,6.9201,7.38,6.22,60.69760990142822,13000000000
Meta-Llama-3-8B,mxq,5_66,5.66,mxq1,6.0372,9.3505,7.52,6.56,21.449782848358154,8000000000
Llama-2-7b-hf,mxq,4_71,4.71,mxq1,5.2819,7.0649,4.78,4.05,25.589730739593502,7000000000
Llama-2-7b-hf,mxq,5_34,5.34,mxq1,5.2729,7.0479,5.25,4.52,27.387003183364868,7000000000
Meta-Llama-3-8B,mxq,7_36,7.36,mxq1,6.004,9.2973,8.87,7.94,23.905518770217896,8000000000
Llama-2-13b-hf,mxq,7_04,7.04,mxq1,4.655,6.4774,12.16,11.04,48.98224377632141,13000000000
Llama-2-7b-hf,mxq,3_91,3.91,mxq1,5.4342,7.3116,4.45,3.71,27.68025779724121,7000000000
Meta-Llama-3-8B,mxq,5_80,5.8,mxq1,6.0286,9.335,7.63,6.67,21.80556988716125,8000000000
Llama-2-7b-hf,mxq,5_28,5.28,mxq1,5.2732,7.0486,5.21,4.47,25.85224175453186,7000000000
Llama-2-7b-hf,mxq,6_95,6.95,mxq1,5.2447,7.0086,6.44,5.73,17.972928524017334,7000000000
Llama-2-13b-hf,mxq,7_24,7.24,mxq1,4.6519,6.474,12.52,11.39,48.170284032821655,13000000000
Llama-2-13b-hf,mxq,7_14,7.14,mxq1,4.6549,6.476,12.31,11.19,48.113617181777954,13000000000
Meta-Llama-3-8B,mxq,4_81,4.81,mxq1,6.0854,9.4414,6.82,5.86,22.937230825424194,8000000000
Meta-Llama-3-8B,mxq,3_91,3.91,mxq1,6.6453,10.4581,6.4,5.45,25.770015239715576,8000000000
Llama-2-13b-hf,mxq,5_34,5.34,mxq1,4.6837,6.5001,9.66,8.5,50.49543571472168,13000000000
Llama-2-7b-hf,mxq,7_42,7.42,mxq1,5.2391,6.9978,6.82,6.1,33.25041484832764,7000000000
Meta-Llama-3-8B,mxq,3_43,3.43,mxq1,7.417,11.8897,6.06,5.1,28.562158346176147,8000000000
Llama-2-13b-hf,mxq,5_62,5.62,mxq1,4.6753,6.496,10.07,8.91,52.23504853248596,13000000000
Meta-Llama-3-8B,mxq,4_97,4.97,mxq1,6.0482,9.3669,6.96,6,21.503031969070435,8000000000
Llama-2-13b-hf,mxq,3_95,3.95,mxq1,4.7941,6.6471,8.06,6.9,57.97587466239929,13000000000
Llama-2-7b-hf,mxq,7_04,7.04,mxq1,5.2427,7.0058,6.57,5.85,20.113675594329838,7000000000
Llama-2-7b-hf,mxq,3_83,3.83,mxq1,5.4639,7.361,4.42,3.68,27.46671795845032,7000000000
Meta-Llama-3-8B,mxq,7_34,7.34,mxq1,6.0033,9.3018,8.85,7.92,22.870113134384155,8000000000
Meta-Llama-3-8B,mxq,7_50,7.5,mxq1,6.0015,9.2895,8.98,8.05,23.23700785636902,8000000000
Meta-Llama-3-8B,mxq,4_37,4.37,mxq1,6.1519,9.5291,6.47,5.51,24.402676105499268,8000000000
Meta-Llama-3-8B,mxq,7_02,7.02,mxq1,6.0185,9.3053,8.59,7.66,21.612669944763184,8000000000
Llama-2-13b-hf,mxq,7_13,7.13,mxq1,4.6532,6.4763,12.29,11.17,49.51757788658142,13000000000
Llama-2-13b-hf,mxq,4_91,4.91,mxq1,4.687,6.5045,9.02,7.86,51.22200608253479,13000000000
Llama-2-7b-hf,mxq,5_26,5.26,mxq1,5.2744,7.0493,5.19,4.45,25.818639755249023,7000000000
Llama-2-13b-hf,mxq,4_85,4.85,mxq1,4.6872,6.505,8.93,7.78,51.86989665031433,13000000000
Llama-2-7b-hf,mxq,3_93,3.93,mxq1,5.4286,7.3034,4.46,3.72,27.22407555580139,7000000000
Meta-Llama-3-8B,mxq,7_01,7.01,mxq1,6.0119,9.3004,8.58,7.65,22.66222357749939,8000000000
Meta-Llama-3-8B,mxq,4_95,4.95,mxq1,6.0478,9.3648,6.94,5.98,21.965415716171265,8000000000
Meta-Llama-3-8B,mxq,3_33,3.33,mxq1,7.7533,12.4403,5.89,4.93,29.523408889770508,8000000000
Llama-2-13b-hf,mxq,5_46,5.46,mxq1,4.6811,6.4982,9.84,8.69,49.53258728981018,13000000000
Llama-2-7b-hf,mxq,4_01,4.01,mxq1,5.3993,7.2588,3.71,3.71,26.469258069992065,7000000000
Meta-Llama-3-8B,mxq,3_37,3.37,mxq1,7.5538,12.0992,5.97,5,29.07636523246765,8000000000
Llama-2-13b-hf,mxq,4_81,4.81,mxq1,4.688,6.5054,8.87,7.72,51.93201231956482,13000000000
Llama-2-7b-hf,mxq,5_40,5.4,mxq1,5.2706,7.0465,5.3,4.56,24.64561104774475,7000000000
Llama-2-13b-hf,mxq,7_20,7.2,mxq1,4.6543,6.4752,12.4,11.28,48.229536294937134,13000000000
Llama-2-7b-hf,mxq,5_50,5.5,mxq1,5.2707,7.0415,5.37,4.64,24.31981730461121,7000000000
Llama-2-13b-hf,mxq,5_60,5.6,mxq1,4.6758,6.4956,10.04,8.88,49.183337688446045,13000000000
Llama-2-13b-hf,mxq,7_36,7.36,mxq1,4.6516,6.4727,12.66,11.54,47.06161260604858,13000000000
Meta-Llama-3-8B,mxq,5_22,5.22,mxq1,6.0527,9.3814,7.16,6.2,21.31597685813904,8000000000
Llama-2-7b-hf,mxq,3_39,3.39,mxq1,5.8485,7.8727,4.06,3.32,29.86050248146057,7000000000
Llama-2-13b-hf,mxq,7_32,7.32,mxq1,4.6515,6.4726,12.66,11.54,47.35753536224365,13000000000
Llama-2-7b-hf,mxq,4_75,4.75,mxq1,5.2801,7.0631,4.81,4.07,23.95880961418152,7000000000
Meta-Llama-3-8B,mxq,7_24,7.24,mxq1,6.0118,9.3091,8.77,7.84,40.830764293670654,8000000000
Llama-2-13b-hf,mxq,7_06,7.06,mxq1,4.6551,6.4774,12.16,11.04,48.639543294906616,13000000000
Llama-2-13b-hf,mxq,4_67,4.67,mxq1,4.6889,6.5087,8.67,7.51,51.25603413581848,13000000000
Meta-Llama-3-8B,mxq,5_38,5.38,mxq1,6.0472,9.3705,7.29,6.33,21.510467290878296,8000000000
Meta-Llama-3-8B,mxq,4_79,4.79,mxq1,6.086,9.4429,6.81,5.85,23.381795167922974,8000000000
Llama-2-7b-hf,mxq,7_08,7.08,mxq1,5.2425,7.0057,6.56,5.85,19.43018937110901,7000000000
Llama-2-13b-hf,mxq,4_87,4.87,mxq1,4.6875,6.5037,8.97,7.82,51.04832673072815,13000000000
Meta-Llama-3-8B,mxq,4_75,4.75,mxq1,6.0973,9.4395,5.82,5.82,23.68690276145935,8000000000
Meta-Llama-3-8B,mxq,4_73,4.73,mxq1,6.097,9.4436,6.76,5.8,23.98100543022156,8000000000
Llama-2-13b-hf,mxq,4_71,4.71,mxq1,4.6903,6.5067,8.73,7.57,49.4422013759613,13000000000
Llama-2-13b-hf,mxq,3_89,3.89,mxq1,4.8063,6.6637,8.15,6.99,58.88555908203125,13000000000
Llama-2-7b-hf,mxq,7_19,7.19,mxq1,5.2432,7.0034,6.64,5.93,21.22351384162903,7000000000
Llama-2-13b-hf,mxq,3_41,3.41,mxq1,4.9644,6.8979,7.44,6.28,61.6611487865448,13000000000
Meta-Llama-3-8B,mxq,7_29,7.29,mxq1,6.0021,9.301,8.81,7.88,21.879579544067383,8000000000
Llama-2-13b-hf,mxq,5_24,5.24,mxq1,4.683,6.5017,9.51,8.35,49.88947582244873,13000000000
Llama-2-13b-hf,mxq,7_34,7.34,mxq1,4.6513,6.4727,12.6,11.48,48.50146579742432,13000000000
Llama-2-13b-hf,mxq,4_01,4.01,mxq1,4.7709,6.6189,7,7,59.001198530197136,13000000000
Llama-2-13b-hf,mxq,5_32,5.32,mxq1,4.6827,6.5006,9.63,8.47,55.0683343410492,13000000000
Llama-2-13b-hf,mxq,4_37,4.37,mxq1,4.6973,6.5232,8.22,7.07,52.49169278144837,13000000000
Llama-2-13b-hf,mxq,3_67,3.67,mxq1,4.8634,6.7456,7.87,6.71,61.84252524375916,13000000000
Llama-2-13b-hf,mxq,7_26,7.26,mxq1,4.6538,6.4744,12.46,11.33,48.402103424072266,13000000000
Llama-2-7b-hf,mxq,5_60,5.6,mxq1,5.2692,7.0377,5.45,4.71,25.61168932914734,7000000000
Meta-Llama-3-8B,mxq,4_65,4.65,mxq1,6.1098,9.4572,6.69,5.74,23.64363932609558,8000000000
Meta-Llama-3-8B,mxq,7_26,7.26,mxq1,6.0027,9.3,8.79,7.86,21.802099227905277,8000000000
Meta-Llama-3-8B,mxq,3_73,3.73,mxq1,6.9934,11.0166,6.25,5.29,26.952879428863525,8000000000
Meta-Llama-3-8B,mxq,5_48,5.48,mxq1,6.0443,9.3641,7.37,6.41,21.758259057998657,8000000000
Llama-2-7b-hf,mxq,3_63,3.63,mxq1,5.5507,7.5107,4.29,3.56,28.625083923339844,7000000000
Llama-2-7b-hf,mxq,4_97,4.97,mxq1,5.2815,7.0568,4.97,4.23,37.62708353996277,7000000000
Llama-2-7b-hf,mxq,7_54,7.54,mxq1,5.2372,6.9943,6.89,6.17,17.54260802268982,7000000000
Llama-2-13b-hf,mxq,7_22,7.22,mxq1,4.6538,6.4752,12.4,11.28,48.14791250228882,13000000000
Llama-2-7b-hf,mxq,7_06,7.06,mxq1,5.2429,7.006,6.54,5.83,18.322917938232425,7000000000
Llama-2-7b-hf,mxq,5_72,5.72,mxq1,5.2643,7.0336,5.54,4.8,23.61758255958557,7000000000
Llama-2-13b-hf,mxq,5_76,5.76,mxq1,4.6703,6.4951,10.31,9.15,50.37583112716675,13000000000
Meta-Llama-3-8B,mxq,3_95,3.95,mxq1,6.5915,10.3569,6.45,5.5,25.39377331733704,8000000000
Llama-2-7b-hf,mxq,3_89,3.89,mxq1,5.4391,7.3197,4.45,3.71,27.629743337631226,7000000000
Llama-2-13b-hf,mxq,4_83,4.83,mxq1,4.6886,6.5043,8.9,7.75,50.34788727760315,13000000000
Llama-2-7b-hf,mxq,7_29,7.29,mxq1,5.239,7,6.74,6.02,18.16615390777588,7000000000
Llama-2-13b-hf,mxq,3_33,3.33,mxq1,5.0083,6.9634,7.25,6.09,61.98342967033386,13000000000
Meta-Llama-3-8B,mxq,3_69,3.69,mxq1,7.0606,11.1569,6.26,5.3,26.653863430023197,8000000000
Llama-2-7b-hf,mxq,3_41,3.41,mxq1,5.8114,7.8307,4.1,3.36,29.538349151611328,7000000000
Meta-Llama-3-8B,mxq,4_89,4.89,mxq1,6.0589,9.388,6.89,5.93,21.788298845291138,8000000000
Llama-2-7b-hf,mxq,3_59,3.59,mxq1,5.5686,7.5403,4.23,3.49,28.652082681655884,7000000000
Llama-2-7b-hf,mxq,5_76,5.76,mxq1,5.2625,7.0342,5.57,4.83,22.95240044593811,7000000000
Llama-2-13b-hf,mxq,3_93,3.93,mxq1,4.7945,6.6491,8.13,6.97,56.41326141357422,13000000000
Llama-2-13b-hf,mxq,5_56,5.56,mxq1,4.6754,6.4974,9.98,8.82,50.38232398033142,13000000000
Meta-Llama-3-8B,mxq,7_53,7.53,mxq1,6.0022,9.2869,9.01,8.08,27.00538969039917,8000000000
Llama-2-13b-hf,mxq,4_63,4.63,mxq1,4.6896,6.5118,8.61,7.45,52.1314160823822,13000000000
Meta-Llama-3-8B,mxq,3_99,3.99,mxq1,6.5402,10.2329,6.52,5.56,24.96327424049377,8000000000
Llama-2-7b-hf,mxq,4_63,4.63,mxq1,5.2848,7.0725,4.71,3.98,25.383431911468502,7000000000
Meta-Llama-3-8B,mxq,5_62,5.62,mxq1,6.036,9.3497,7.51,6.55,21.784508228302,8000000000
Llama-2-13b-hf,mxq,4_99,4.99,mxq1,4.6858,6.504,9.14,7.98,50.829758644104,13000000000
Meta-Llama-3-8B,mxq,7_42,7.42,mxq1,6.0062,9.2916,8.99,8.06,21.91161727905273,8000000000
Meta-Llama-3-8B,mxq,4_91,4.91,mxq1,6.0516,9.3725,6.91,5.95,21.64115858078003,8000000000
Llama-2-7b-hf,mxq,3_65,3.65,mxq1,5.5413,7.4982,4.32,3.58,28.92673254013061,7000000000
Llama-2-7b-hf,mxq,7_22,7.22,mxq1,5.2426,7.0032,6.65,5.93,19.80907392501831,7000000000
Llama-2-13b-hf,mxq,3_43,3.43,mxq1,4.9559,6.881,7.47,6.31,60.68621802330017,13000000000
Llama-2-13b-hf,mxq,4_75,4.75,mxq1,4.688,6.5064,7.63,7.63,51.51594948768616,13000000000
Llama-2-7b-hf,mxq,3_85,3.85,mxq1,5.456,7.3472,4.42,3.69,27.994036197662357,7000000000
Meta-Llama-3-8B,mxq,7_08,7.08,mxq1,6.0143,9.3062,8.64,7.71,21.74775505065918,8000000000
Llama-2-7b-hf,mxq,5_74,5.74,mxq1,5.263,7.0339,5.55,4.82,23.622094869613647,7000000000
Llama-2-13b-hf,mxq,4_89,4.89,mxq1,4.6882,6.5039,8.99,7.83,51.88969945907593,13000000000
Llama-2-7b-hf,mxq,5_58,5.58,mxq1,5.27,7.0379,5.43,4.7,25.61748743057251,7000000000
Llama-2-13b-hf,mxq,7_29,7.29,mxq1,4.6518,6.4738,12.5,11.38,56.238664865493774,13000000000
Llama-2-7b-hf,mxq,5_32,5.32,mxq1,5.2721,7.0468,5.24,4.5,25.953776359558105,7000000000
Llama-2-7b-hf,mxq,3_75,3.75,mxq1,5.4893,7.419,4.35,3.61,28.02296614646912,7000000000
Llama-2-13b-hf,mxq,3_69,3.69,mxq1,4.8603,6.7441,7.87,6.72,60.39720916748047,13000000000
Llama-2-13b-hf,mxq,4_79,4.79,mxq1,4.6885,6.5057,8.84,7.69,51.13517737388611,13000000000
Llama-2-7b-hf,mxq,7_20,7.2,mxq1,5.2425,7.0032,6.63,5.92,18.12634015083313,7000000000
Llama-2-7b-hf,mxq,5_46,5.46,mxq1,5.2697,7.0425,5.35,4.61,25.58366870880127,7000000000
Llama-2-7b-hf,mxq,3_81,3.81,mxq1,5.4702,7.3697,4.42,3.68,27.548564672470093,7000000000
Meta-Llama-3-8B,mxq,7_14,7.14,mxq1,6.0123,9.3039,8.71,7.78,21.689686059951782,8000000000
Meta-Llama-3-8B,mxq,5_78,5.78,mxq1,6.0278,9.3317,7.61,6.65,21.60259056091309,8000000000
Llama-2-13b-hf,mxq,7_47,7.47,mxq1,4.6499,6.4715,12.8,11.67,47.297640562057495,13000000000
Llama-2-7b-hf,mxq,4_83,4.83,mxq1,5.2791,7.057,4.87,4.13,30.425641298294067,7000000000
Llama-2-7b-hf,mxq,3_99,3.99,mxq1,5.4112,7.269,4.43,3.7,27.402573108673096,7000000000
Llama-2-7b-hf,mxq,3_61,3.61,mxq1,5.5583,7.527,4.26,3.52,28.544350147247314,7000000000
Llama-2-7b-hf,mxq,7_38,7.38,mxq1,5.2389,6.9987,6.77,6.05,17.660014867782593,7000000000
Llama-2-13b-hf,mxq,3_71,3.71,mxq1,4.8562,6.7317,7.88,6.73,60.6399667263031,13000000000
Llama-2-7b-hf,mxq,4_87,4.87,mxq1,5.2764,7.056,4.9,4.16,25.91319727897644,7000000000
Llama-2-7b-hf,mxq,4_73,4.73,mxq1,5.2818,7.0646,4.79,4.06,24.801761865615845,7000000000
Llama-2-7b-hf,mxq,7_30,7.3,mxq1,5.24,6.9998,6.73,6.01,18.203402757644653,7000000000
Meta-Llama-3-8B,mxq,3_97,3.97,mxq1,6.5605,10.2926,6.5,5.54,25.240448474884037,8000000000
Llama-2-13b-hf,mxq,3_79,3.79,mxq1,4.8338,6.7039,7.96,6.8,59.22989153862,13000000000
Meta-Llama-3-8B,mxq,7_06,7.06,mxq1,6.0228,9.3144,8.62,7.69,26.781367540359497,8000000000
Llama-2-13b-hf,mxq,4_97,4.97,mxq1,4.6861,6.504,9.11,7.95,50.86462616920471,13000000000
Meta-Llama-3-8B,mxq,4_67,4.67,mxq1,6.1066,9.4572,6.71,5.75,23.45253300666809,8000000000
Llama-2-13b-hf,mxq,7_38,7.38,mxq1,4.6506,6.4706,12.84,11.72,46.66563391685486,13000000000
Llama-2-7b-hf,mxq,7_41,7.41,mxq1,5.239,6.9961,6.83,6.11,18.03307008743286,7000000000
Llama-2-7b-hf,mxq,7_13,7.13,mxq1,5.2431,7.0058,6.58,5.86,18.77790141105652,7000000000
Llama-2-7b-hf,mxq,7_48,7.48,mxq1,5.2383,6.9962,6.86,6.15,17.626837968826294,7000000000
Llama-2-7b-hf,mxq,5_24,5.24,mxq1,5.2738,7.0503,5.18,4.44,24.40270185470581,7000000000
Llama-2-7b-hf,mxq,3_95,3.95,mxq1,5.4259,7.2917,4.44,3.7,27.731960773468018,7000000000
Meta-Llama-3-8B,mxq,7_22,7.22,mxq1,6.0056,9.3017,8.75,7.82,,8000000000
Llama-2-7b-hf,mxq,4_69,4.69,mxq1,5.2833,7.0683,4.76,4.02,25.82795739173889,7000000000
Meta-Llama-3-8B,mxq,4_39,4.39,mxq1,6.1364,9.5119,6.48,5.52,24.043525218963623,8000000000
Llama-2-13b-hf,mxq,6_96,6.96,mxq1,4.6553,6.4777,12.13,11.01,50.7598192691803,13000000000
Meta-Llama-3-8B,mxq,6_98,6.98,mxq1,6.0123,9.2986,8.56,7.63,22.56644558906555,8000000000
Llama-2-7b-hf,mxq,7_34,7.34,mxq1,5.2399,7.0001,6.74,6.02,17.80812358856201,7000000000
Llama-2-13b-hf,mxq,3_61,3.61,mxq1,4.8774,6.7823,7.66,6.5,58.01826405525208,13000000000
Llama-2-13b-hf,mxq,7_10,7.1,mxq1,4.6546,6.476,12.28,11.16,50.30366063117981,13000000000
Meta-Llama-3-8B,mxq,7_38,7.38,mxq1,6.002,9.2937,8.88,7.95,22.010045051574707,8000000000
Meta-Llama-3-8B,mxq,3_71,3.71,mxq1,7.0435,11.1207,6.26,5.29,26.646390438079838,8000000000
Meta-Llama-3-8B,mxq,5_30,5.3,mxq1,6.0517,9.3781,7.22,6.26,21.427969455718998,8000000000
Llama-2-7b-hf,mxq,7_36,7.36,mxq1,5.239,6.9989,6.75,6.04,17.9481840133667,7000000000
Meta-Llama-3-8B,mxq,3_77,3.77,mxq1,6.9619,10.9649,6.25,5.29,26.500409603118896,8000000000
Meta-Llama-3-8B,mxq,7_13,7.13,mxq1,6.0105,9.298,8.68,7.75,25.54240155220032,8000000000
Llama-2-13b-hf,mxq,5_68,5.68,mxq1,4.6716,6.4952,10.16,9,49.76358723640442,13000000000
Llama-2-13b-hf,mxq,3_35,3.35,mxq1,5.0015,6.9567,7.28,6.12,60.01457715034485,13000000000
Meta-Llama-3-8B,mxq,6_96,6.96,mxq1,6.0232,9.3128,8.54,7.61,21.76552367210388,8000000000
Meta-Llama-3-8B,mxq,5_64,5.64,mxq1,6.0388,9.352,7.5,6.54,21.838934421539307,8000000000
Llama-2-7b-hf,mxq,3_33,3.33,mxq1,5.9094,7.9487,4.01,3.27,30.25158214569092,7000000000
Llama-2-7b-hf,mxq,3_71,3.71,mxq1,5.506,7.4423,4.33,3.6,28.57865619659424,7000000000
Llama-2-13b-hf,mxq,3_73,3.73,mxq1,4.8516,6.7233,7.9,6.74,59.26543307304382,13000000000
Meta-Llama-3-8B,mxq,3_65,3.65,mxq1,7.0886,11.2419,6.27,5.31,26.971898794174194,8000000000
Llama-2-7b-hf,mxq,5_78,5.78,mxq1,5.2604,7.0312,5.58,4.85,19.60476231575012,7000000000
Llama-2-7b-hf,mxq,4_37,4.37,mxq1,5.3012,7.0962,4.52,3.78,25.805508852005005,7000000000
Meta-Llama-3-8B,mxq,5_68,5.68,mxq1,6.036,9.3478,7.53,6.57,22.140166521072388,8000000000
Meta-Llama-3-8B,mxq,5_24,5.24,mxq1,6.0497,9.3767,7.18,6.22,21.6561496257782,8000000000
Llama-2-13b-hf,mxq,4_95,4.95,mxq1,4.6871,6.5033,9.09,7.93,52.49813795089722,13000000000
Llama-2-13b-hf,mxq,3_75,3.75,mxq1,4.8458,6.7156,7.94,6.78,59.62384080886841,13000000000
Llama-2-7b-hf,mxq,5_64,5.64,mxq1,5.2667,7.0348,5.48,4.74,25.599289178848267,7000000000
Meta-Llama-3-8B,mxq,5_74,5.74,mxq1,6.0373,9.3498,7.58,6.62,21.57810759544373,8000000000
Meta-Llama-3-8B,mxq,7_32,7.32,mxq1,6.0025,9.3009,8.84,7.91,21.78781270980835,8000000000
Meta-Llama-3-8B,mxq,7_04,7.04,mxq1,6.0121,9.2976,8.61,7.68,22.79050874710083,8000000000
Meta-Llama-3-8B,mxq,3_39,3.39,mxq1,7.4975,12.0324,6,5.04,28.347898960113525,8000000000
Meta-Llama-3-8B,mxq,5_46,5.46,mxq1,6.0426,9.3636,7.35,6.39,21.42946529388428,8000000000
Llama-2-13b-hf,mxq,3_59,3.59,mxq1,4.8838,6.7948,7.6,6.44,57.94742131233215,13000000000
Meta-Llama-3-8B,mxq,4_77,4.77,mxq1,6.0947,9.4453,6.79,5.83,23.39246082305908,8000000000
Llama-2-13b-hf,mxq,3_65,3.65,mxq1,4.8696,6.7594,7.81,6.65,60.38679122924805,13000000000
Meta-Llama-3-8B,mxq,5_36,5.36,mxq1,6.0493,9.3739,7.27,6.31,21.838635444641117,8000000000
Llama-2-7b-hf,mxq,5_66,5.66,mxq1,5.2658,7.0359,5.49,4.76,25.69726514816284,7000000000
Llama-2-13b-hf,mxq,5_64,5.64,mxq1,4.6752,6.4954,10.1,8.94,50.305874824523926,13000000000
Meta-Llama-3-8B,mxq,7_16,7.16,mxq1,6.003,9.3011,8.73,7.8,27.208728313446045,8000000000
Llama-2-13b-hf,mxq,7_08,7.08,mxq1,4.6549,6.4763,12.25,11.13,48.37306547164917,13000000000
Meta-Llama-3-8B,mxq,7_20,7.2,mxq1,6.0036,9.3013,8.74,7.81,28.57712149620056,8000000000
Meta-Llama-3-8B,mxq,5_50,5.5,mxq1,6.0425,9.3619,7.39,6.43,21.487945795059204,8000000000
Llama-2-13b-hf,mxq,7_50,7.5,mxq1,4.6503,6.4709,12.81,11.69,48.42101621627808,13000000000
Meta-Llama-3-8B,mxq,3_59,3.59,mxq1,7.1709,11.4078,6.25,5.29,31.435981035232544,8000000000
Meta-Llama-3-8B,mxq,5_56,5.56,mxq1,6.0414,9.3576,7.44,6.48,21.64201092720032,8000000000
Meta-Llama-3-8B,mxq,5_28,5.28,mxq1,6.0497,9.3773,7.21,6.25,21.90146899223328,8000000000
Llama-2-7b-hf,mxq,5_36,5.36,mxq1,5.2728,7.0484,5.27,4.53,24.868343830108643,7000000000
Llama-2-13b-hf,mxq,3_77,3.77,mxq1,4.8415,6.7087,7.95,6.79,58.38144040107727,13000000000
Meta-Llama-3-8B,mxq,3_61,3.61,mxq1,7.1294,11.3209,6.28,5.32,35.6772940158844,8000000000
Meta-Llama-3-8B,mxq,4_99,4.99,mxq1,6.0534,9.3787,6.97,6.01,21.622035264968872,8000000000
Meta-Llama-3-8B,mxq,3_79,3.79,mxq1,6.8473,10.7864,6.26,5.3,26.482266426086422,8000000000
Llama-2-13b-hf,mxq,7_54,7.54,mxq1,4.6494,6.4696,12.9,11.78,47.305339097976685,13000000000
Meta-Llama-3-8B,mxq,3_83,3.83,mxq1,6.7998,10.71,6.3,5.34,26.486599922180176,8000000000
Llama-2-7b-hf,mxq,4_99,4.99,mxq1,5.2769,7.054,4.99,4.25,29.32381820678711,7000000000
Llama-2-13b-hf,mxq,7_53,7.53,mxq1,4.6497,6.4706,12.86,11.73,46.54800009727478,13000000000
Llama-2-13b-hf,mxq,5_44,5.44,mxq1,4.6807,6.4983,9.8,8.65,52.78856778144837,13000000000
Meta-Llama-3-8B,mxq,7_54,7.54,mxq1,6.0041,9.2895,9.01,8.08,28.903321027755737,8000000000
Meta-Llama-3-8B,mxq,5_52,5.52,mxq1,6.0416,9.3615,7.4,6.44,21.449333429336548,8000000000
Llama-2-13b-hf,mxq,5_40,5.4,mxq1,4.6822,6.4996,9.74,8.59,50.12807083129883,13000000000
Meta-Llama-3-8B,mxq,3_87,3.87,mxq1,6.7263,10.5854,6.35,5.39,26.231744289398197,8000000000
Llama-2-7b-hf,mxq,5_22,5.22,mxq1,5.2755,7.0504,5.16,4.42,25.09876918792725,7000000000
Llama-2-7b-hf,mxq,4_67,4.67,mxq1,5.2826,7.0689,4.75,4.02,25.368815660476685,7000000000
Meta-Llama-3-8B,mxq,7_30,7.3,mxq1,6.0101,9.3081,8.82,7.89,88.4477059841156,8000000000
Llama-2-13b-hf,mxq,5_58,5.58,mxq1,4.6764,6.4958,10.01,8.85,50.025638818740845,13000000000
Llama-2-13b-hf,mxq,5_82,5.82,mxq1,4.6698,6.4947,10.37,9.21,50.22820019721985,13000000000
Llama-2-7b-hf,mxq,3_87,3.87,mxq1,5.4454,7.3297,4.46,3.72,28.125261783599854,7000000000
Llama-2-7b-hf,mxq,4_85,4.85,mxq1,5.2783,7.0562,4.89,4.15,25.63247799873352,7000000000
Llama-2-7b-hf,mxq,4_95,4.95,mxq1,5.2769,7.0532,4.96,4.22,25.75835871696472,7000000000
Meta-Llama-3-8B,mxq,4_63,4.63,mxq1,6.1112,9.4583,6.68,5.72,23.455182313919067,8000000000
Llama-2-13b-hf,mxq,5_48,5.48,mxq1,4.68,6.4977,9.86,8.71,50.16878342628479,13000000000
Llama-2-13b-hf,mxq,4_73,4.73,mxq1,4.6889,6.5071,8.76,7.6,51.82523512840271,13000000000
Llama-2-7b-hf,mxq,5_84,5.84,mxq1,5.2585,7.0312,5.63,4.89,19.49560165405273,7000000000
Llama-2-13b-hf,mxq,5_42,5.42,mxq1,4.6807,6.4995,9.79,8.63,48.78963899612427,13000000000
Llama-2-13b-hf,mxq,3_87,3.87,mxq1,4.8117,6.6717,8.12,6.97,58.63590240478516,13000000000
Llama-2-7b-hf,mxq,4_65,4.65,mxq1,5.2838,7.0694,4.74,4,25.290733098983765,7000000000
Llama-2-7b-hf,mxq,5_30,5.3,mxq1,5.2725,7.0478,5.22,4.48,25.626981019973755,7000000000
Meta-Llama-3-8B,mxq,3_93,3.93,mxq1,6.6149,10.3966,6.42,5.47,25.483166217803955,8000000000
Meta-Llama-3-8B,mxq,3_63,3.63,mxq1,7.1147,11.2785,6.28,5.31,26.45194363594055,8000000000
Llama-2-7b-hf,mxq,7_47,7.47,mxq1,5.2398,6.9964,6.84,6.12,18.36153650283813,7000000000
Meta-Llama-3-8B,mxq,4_01,4.01,mxq1,6.5165,10.1877,5.59,5.59,24.984758377075195,8000000000
Meta-Llama-3-8B,mxq,5_40,5.4,mxq1,6.0465,9.3725,7.31,6.35,21.30106234550476,8000000000
Llama-2-7b-hf,mxq,7_10,7.1,mxq1,5.2425,7.0054,6.56,5.84,18.25672912597656,7000000000
Llama-2-13b-hf,mxq,5_50,5.5,mxq1,4.6789,6.4982,9.89,8.74,50.82984948158264,13000000000
Llama-2-7b-hf,mxq,3_35,3.35,mxq1,5.9248,8.0176,4.01,3.27,29.685085773468018,7000000000
Llama-2-7b-hf,mxq,3_37,3.37,mxq1,5.8764,7.9125,4.03,3.3,29.2813024520874,7000000000
Meta-Llama-3-8B,mxq,4_69,4.69,mxq1,6.1047,9.4554,6.73,5.77,23.5069432258606,8000000000
Meta-Llama-3-8B,mxq,3_67,3.67,mxq1,7.0721,11.1956,6.27,5.3,26.81784152984619,8000000000
Llama-2-7b-hf,mxq,7_24,7.24,mxq1,5.2424,7.0022,6.68,5.97,19.81021785736084,7000000000
Llama-2-13b-hf,mxq,7_30,7.3,mxq1,4.6528,6.4736,12.52,11.39,47.49688959121704,13000000000
Llama-2-13b-hf,mxq,7_02,7.02,mxq1,4.6556,6.478,12.1,10.98,49.15617156028748,13000000000
Llama-2-13b-hf,mxq,5_78,5.78,mxq1,4.6702,6.4951,10.31,9.15,50.12552452087402,13000000000
Meta-Llama-3-8B,mxq,5_32,5.32,mxq1,6.0495,9.3753,7.24,6.28,21.262410402297974,8000000000
Llama-2-13b-hf,mxq,5_22,5.22,mxq1,4.6838,6.5014,9.48,8.32,49.90577721595764,13000000000
Llama-2-7b-hf,mxq,7_01,7.01,mxq1,5.2439,7.0075,6.49,5.77,18.865073442459103,7000000000
Llama-2-7b-hf,mxq,4_91,4.91,mxq1,5.2785,7.0549,4.93,4.19,25.09949827194214,7000000000
Llama-2-13b-hf,mxq,7_16,7.16,mxq1,4.6549,6.476,12.31,11.19,48.0704996585846,13000000000
Meta-Llama-3-8B,mxq,3_35,3.35,mxq1,7.6146,12.2021,5.93,4.97,29.35656809806824,8000000000
Llama-2-13b-hf,mxq,5_84,5.84,mxq1,4.6698,6.4942,10.39,9.24,49.98740792274475,13000000000
Meta-Llama-3-8B,mxq,4_85,4.85,mxq1,6.0699,9.4117,6.86,5.9,22.2575740814209,8000000000
Llama-2-7b-hf,mxq,5_70,5.7,mxq1,5.2656,7.0345,5.52,4.79,25.81827068328857,7000000000
Meta-Llama-3-8B,mxq,5_54,5.54,mxq1,6.0424,9.3601,7.42,6.46,21.535847902297974,8000000000
Llama-2-7b-hf,mxq,7_44,7.44,mxq1,5.2384,6.9969,6.81,6.1,19.544636726379395,7000000000
Meta-Llama-3-8B,mxq,3_85,3.85,mxq1,6.7826,10.6783,6.33,5.37,25.93725872039795,8000000000
Llama-2-13b-hf,mxq,5_72,5.72,mxq1,4.6708,6.4967,10.22,9.06,49.822482109069824,13000000000
Llama-2-13b-hf,mxq,4_69,4.69,mxq1,4.6887,6.508,8.7,7.54,49.65893650054932,13000000000
Meta-Llama-3-8B,mxq,4_71,4.71,mxq1,6.0958,9.4436,6.74,5.78,23.4683678150177,8000000000
Llama-2-7b-hf,mxq,5_80,5.8,mxq1,5.2608,7.0316,5.6,4.86,19.85802149772644,7000000000
Llama-2-13b-hf,mxq,6_98,6.98,mxq1,4.6551,6.4784,12.07,10.95,48.51734519004822,13000000000
Meta-Llama-3-8B,mxq,7_10,7.1,mxq1,6.0102,9.2989,8.66,7.73,22.83919477462769,8000000000
Llama-2-13b-hf,mxq,7_41,7.41,mxq1,4.6491,6.4707,12.83,11.71,47.471407890319824,13000000000
Meta-Llama-3-8B,mxq,5_70,5.7,mxq1,6.0356,9.3462,7.55,6.59,21.7558650970459,8000000000
Llama-2-13b-hf,mxq,3_97,3.97,mxq1,4.7832,6.6362,8.13,6.98,58.845821380615234,13000000000
Meta-Llama-3-8B,mxq,7_47,7.47,mxq1,6.0014,9.2897,8.96,8.03,23.23203945159912,8000000000
Meta-Llama-3-8B,mxq,8_13,8.13,mxq1,6.0033,9.2966,9.49,8.56,22.368326663970947,8000000000
Llama-2-13b-hf,mxq,8_13,8.13,mxq1,4.6372,6.4626,13.74,12.62,46.49796843528748,13000000000
Llama-2-13b-hf,mxq,8_25,8.25,mxq1,4.6423,6.4638,13.92,12.8,46.96759104728699,13000000000
Llama-2-7b-hf,mxq,8_13,8.13,mxq1,5.2092,6.9721,7.33,6.62,17.209035396575928,7000000000
Meta-Llama-3-8B,mxq,8_51,8.51,mxq1,6.0778,9.4209,9.8,8.87,26.99336671829224,8000000000
Meta-Llama-3-8B,mxq,8_25,8.25,mxq1,6.0173,9.3191,9.59,8.66,23.151795387268063,8000000000
Llama-2-7b-hf,mxq,8_51,8.51,mxq1,5.2149,6.9966,7.62,6.9,17.689634323120117,7000000000
Llama-2-13b-hf,mxq,8_51,8.51,mxq1,4.6482,6.4706,14.3,13.18,36.30884647369385,13000000000
Llama-2-7b-hf,mxq,8_25,8.25,mxq1,5.2058,6.9778,7.42,6.71,17.007137060165405,7000000000
Llama-2-7b-hf,mxq,3_42,3.42,mxq1,5.7168,7.7284,4.11,3.37,27.863762855529785,7000000000
Llama-2-13b-hf,mxq,3_42,3.42,mxq1,4.9581,6.8851,7.47,6.31,59.71775817871094,13000000000
Meta-Llama-3-8B,mxq,3_42,3.42,mxq1,7.4276,11.9169,6.05,5.08,36.28864669799805,8000000000
Llama-2-13b-hf,awq,b4g64,4.25,,4.71029,6.5293,7.1,6.98,883.8464283943176,13000000000
Llama-2-13b-hf,awq,b4g128,4.13,,4.7113,6.5489,6.92,6.75,812.8657555580139,13000000000
Llama-2-13b-hf,awq,b4g32,4.51,,4.6865,6.508,7.59,7.44,1059.5766835212708,13000000000
Llama-2-7b-hf,fp16,base,16,,5.1847,6.9453,12.55,12.55,,7000000000
Meta-Llama-3-8B,fp16,base,16,,5.8132,8.9824,14.96,14.96,,8000000000
Llama-2-13b-hf,fp16,base,16,,4.6301,6.4458,19.21,24.24,,13000000000
Llama-2-7b-hf,gptq,b3g128,3.13,,6.3173,8.2991,2.87,2.87,817.5435881614685,7000000000
Meta-Llama-3-8B,gptq,b4g128,4.13,,97.0309,27.7734,6.33,5.34,966.0167262554168,8000000000
Llama-2-7b-hf,gptq,b3g32,3.51,,5.9409,7.8088,3.2,3.2,826.258552312851,7000000000
Llama-2-7b-hf,gptq,b3g64,3.25,,6.1327,8.0688,2.98,2.98,818.5346009731293,7000000000
Meta-Llama-3-8B,gptq,b3g128,3.13,,52.779,30.0427,4.52,4.52,967.3104581832886,8000000000
Meta-Llama-3-8B,gptq,b4g32,4.51,,8.805,10.4355,6.71,5.72,980.0271611213684,8000000000
Llama-2-13b-hf,gptq,b3g128,3.13,,5.2384,7.1918,5.27,5.27,1540.2862856388092,13000000000
Llama-2-7b-hf,gptq,b4g128,4.13,,5.3939,7.1774,4.39,3.63,812.6538500785828,7000000000
Llama-2-7b-hf,gptq,b4g32,4.51,,5.3859,7.1101,4.74,3.98,825.9306561946869,7000000000
Meta-Llama-3-8B,gptq,b3g32,3.51,,17.758,17.9848,4.88,4.88,976.306769132614,8000000000
Llama-2-13b-hf,gptq,b3g32,3.51,,5.0878,6.9585,5.93,5.93,1546.1331825256348,13000000000
Meta-Llama-3-8B,gptq,b3g64,3.25,,11.1596,14.3308,4.64,4.64,1056.0845897197723,8000000000
Llama-2-13b-hf,gptq,b4g32,4.51,,4.7167,6.537,8.43,7.45,1545.0226376056671,13000000000
Llama-2-13b-hf,gptq,b3g64,3.25,,5.1423,7.0625,5.49,5.49,1538.153817653656,13000000000
Llama-2-7b-hf,gptq,b4g64,4.25,,5.3901,7.1289,4.5,3.74,819.5383853912354,7000000000
Meta-Llama-3-8B,gptq,b4g64,4.25,,11.8327,11.7743,6.46,5.47,974.3064377307892,8000000000
Llama-2-13b-hf,gptq,b4g128,4.13,,4.7422,6.5699,7.74,6.76,1538.8324785232544,13000000000
Llama-2-13b-hf,gptq,b4g64,4.25,,4.7325,6.5575,7.97,6.99,1540.7657170295715,13000000000
Llama-2-13b-hf,hqq,b4g64,4.25,,4.6991,6.5404,7.07,7.07,44.68034362792969,13000000000
Meta-Llama-3-8B,hqq,b3g32,3.51,,7.0856,11.1553,5.82,5.82,23.726492404937744,8000000000
Meta-Llama-3-8B,hqq,b2g64,2.25,,6515.2036,5274.7139,3.89,3.89,23.28206992149353,8000000000
Llama-2-7b-hf,hqq,b4g32,4.51,,5.2768,7.0594,4.07,4.07,20.951829195022583,7000000000
Llama-2-13b-hf,hqq,b2g32,2.51,,7.6278,10.4313,4.67,4.67,47.27951836585999,13000000000
Llama-2-13b-hf,hqq,b4g128,4.13,,4.7379,6.5694,6.8,6.8,44.970765829086304,13000000000
Llama-2-13b-hf,hqq,b3g128,3.13,,5.1527,7.1373,5.69,5.69,55.92547369003296,13000000000
Llama-2-7b-hf,hqq,b4g128,4.13,,5.3463,7.1574,3.65,3.65,23.7102792263031,7000000000
Meta-Llama-3-8B,hqq,b2g16,3.02,,15.5983,25.9953,4.8,4.8,20.47137975692749,8000000000
Llama-2-7b-hf,hqq,b4g64,4.25,,5.3039,7.1136,3.79,3.79,22.514469623565677,7000000000
Meta-Llama-3-8B,hqq,b4g64,4.25,,6.1903,9.5988,5.51,5.51,23.242197275161743,8000000000
Llama-2-13b-hf,hqq,b4g32,4.51,,4.691,6.5133,7.63,7.63,43.59392046928406,13000000000
Meta-Llama-3-8B,hqq,b3g64,3.25,,7.7979,12.346,5.11,5.11,26.31030797958374,8000000000
Llama-2-7b-hf,hqq,b2g32,2.51,,15.6067,21.3448,2.56,2.56,20.570948839187626,7000000000
Meta-Llama-3-8B,hqq,b4g32,4.51,,6.0711,9.4051,5.82,5.82,19.94433546066284,8000000000
Llama-2-13b-hf,hqq,b2g16,3.02,,6.3553,8.724,5.78,5.78,47.33265924453735,13000000000
Meta-Llama-3-8B,hqq,b4g128,4.13,,6.3788,9.9358,5.36,5.36,26.249545574188232,8000000000
Meta-Llama-3-8B,hqq,b3g128,3.13,,9.3149,14.9025,4.75,4.75,29.24294137954712,8000000000
Meta-Llama-3-8B,hqq,b2g32,2.51,,154.2794,178.8888,4.19,4.19,19.63822054862976,8000000000
Llama-2-13b-hf,hqq,b3g32,3.51,,4.8893,6.7812,7.63,7.63,52.63454294204712,13000000000
Llama-2-7b-hf,hqq,b2g16,3.02,,7.301,9.8529,3.13,3.13,21.13390564918518,7000000000
Llama-2-13b-hf,hqq,b3g64,3.25,,4.9847,6.939,6.33,6.34,51.12559008598328,13000000000
Llama-2-7b-hf,hqq,b3g128,3.13,,6.2003,8.3927,3.08,3.08,26.549920558929443,7000000000
Llama-2-7b-hf,hqq,b2g64,2.25,,186.3204,153.661,2.28,2.28,22.112624168396,7000000000
Llama-2-13b-hf,hqq,b2g64,2.25,,13.8018,17.7041,4.12,4.12,48.67269015312195,13000000000
Llama-2-7b-hf,hqq,b3g32,3.51,,5.6156,7.534,4.07,4.07,24.573203325271606,7000000000
Llama-2-7b-hf,hqq,b3g64,3.25,,5.8187,7.8016,3.41,3.41,25.21928334236145,7000000000
Meta-Llama-3-8B,awq,b4g128,4.13,,6.209,9.6688,5.33,5.33,443.1117050647736,8000000000
Meta-Llama-3-8B,awq,b4g32,4.51,,6.0663,9.3942,5.72,5.72,591.7591543197632,8000000000
Meta-Llama-3-8B,awq,b4g64,4.25,,6.1454,9.5234,5.46,5.46,488.3597602844238,8000000000
Llama-2-7b-hf,awq,b4g64,4.25,,5.2851,7.0702,3.74,3.74,488.7674260139465,7000000000
Llama-2-7b-hf,awq,b4g128,4.13,,5.3135,7.0998,3.62,3.62,495.0557653903961,7000000000
Llama-2-7b-hf,awq,b4g32,4.51,,5.262,7.04,3.98,3.98,612.8054578304291,7000000000
Llama-2-7b-hf,gptq,b8g64,8.25,,5.186,6.9462,6.81,6.81,816.7253777980804,7000000000
Meta-Llama-3-8B,gptq,b8g32,8.51,,5.8131,8.9833,9.07,9.07,0,8000000000
Meta-Llama-3-8B,gptq,b8g128,8.13,,5.8155,8.9844,8.61,8.61,973.6111924648284,8000000000
Llama-2-7b-hf,gptq,b8g128,8.13,,5.1863,6.9459,6.67,6.67,818.6892747879028,7000000000
Llama-2-13b-hf,gptq,b8g64,8.25,,4.6308,6.4455,12.99,12.99,1568.4314601421356,13000000000
Llama-2-13b-hf,gptq,b8g32,8.51,,4.6307,6.4461,13.54,13.54,1557.962459564209,13000000000
Llama-2-7b-hf,gptq,b8g32,8.51,,5.1861,6.9465,7.09,7.09,825.0034923553467,7000000000
Meta-Llama-3-8B,gptq,b8g64,8.25,,5.814,8.9836,8.77,8.77,0,8000000000
Llama-2-13b-hf,gptq,b8g128,8.13,,4.631,6.446,12.71,12.71,1545.3703949451449,13000000000
Llama-2-7b-hf,bnb,b8g128,8.13,,5.2151,6.9793,6.59,6.53,2.3675479888916016,7000000000
Llama-2-13b-hf,bnb,b8g128,8.13,,4.6676,6.4639,12.54,12.44,3.731398344039917,13000000000
Meta-Llama-3-8B,bnb,b4g64,4.25,,6.2037,9.6428,5.31,5.31,3.9524896144866943,8000000000
Meta-Llama-3-8B,bnb,b8g128,8.13,,5.9052,9.1156,8.59,8.46,3.766427755355835,8000000000
Llama-2-13b-hf,bnb,b4g64,4.25,,4.7233,6.5475,6.71,6.71,3.897571563720703,13000000000
Llama-2-7b-hf,bnb,b4g64,4.25,,5.319,7.1207,3.6,3.6,2.413228750228882,7000000000
Meta-Llama-3-8B,hqq,b8g128,8.13,,5.8201,8.9993,9.54,8.61,21.799835681915283,8000000000
Llama-2-7b-hf,hqq,b8g128,8.13,,5.1878,6.9489,7.38,6.66,22.86240005493164,7000000000
Llama-2-13b-hf,hqq,b8g64,8.25,,4.6303,6.446,14.1,12.98,46.15033745765686,13000000000
Meta-Llama-3-8B,hqq,b8g64,8.25,,5.819,8.9975,9.69,8.76,27.65206980705261,8000000000
Llama-2-7b-hf,hqq,b8g32,8.51,,5.1883,6.9473,7.8,7.09,23.08701801300049,7000000000
Llama-2-7b-hf,hqq,b8g64,8.25,,5.1883,6.9471,7.52,6.8,24.152408361434937,7000000000
Llama-2-13b-hf,hqq,b8g32,8.51,,4.6297,6.4464,14.66,13.54,49.63392734527588,13000000000
Llama-2-13b-hf,hqq,b8g128,8.13,,4.6306,6.4457,13.83,12.7,46.40956997871399,13000000000
Meta-Llama-3-8B,hqq,b8g32,8.51,,5.8151,8.986,10,9.07,20.91456770896912,8000000000
