module,param_count,layer,percentile_0,percentile_99,percentile_999,percentile_9999,percentile_100,kurtosis
input_layernorm,8192,0,8.344650268554688e-07,0.11487792968750021,0.2742714843750065,0.37689394531246023,0.4296875,99.4425306199526
input_layernorm,8192,1,7.033348083496094e-06,0.203125,0.2781777343750065,0.3249253906249976,0.328125,15.641782393768674
input_layernorm,8192,2,4.172325134277344e-06,0.11332519531250007,0.22386328125000432,0.2826632812499952,0.2890625,30.495444628353784
input_layernorm,8192,3,2.1338462829589844e-05,0.18075195312500014,0.30236132812500216,0.38080019531246023,0.43359375,22.685226302982727
input_layernorm,8192,4,4.744529724121094e-05,0.322265625,0.42540820312500216,0.5085191406249976,0.51171875,11.054508362121394
input_layernorm,8192,5,0.000133514404296875,0.28125,0.38048632812500216,0.443653515624959,0.498046875,15.697681963541037
input_layernorm,8192,6,0.0001697540283203125,0.265625,0.4246621093750065,0.47814257812498795,0.494140625,26.8889900718867
input_layernorm,8192,7,0.000148773193359375,0.2333984375,0.38717968750000864,0.5061732421874723,0.54296875,39.207935226293145
input_layernorm,8192,8,0.00494384765625,0.205078125,0.3993593750000173,0.47012382812496867,0.51171875,58.936672725341616
input_layernorm,8192,9,5.4836273193359375e-06,0.228515625,0.40214648437502376,0.5172929687499277,0.61328125,55.95466010952034
input_layernorm,8192,10,5.888938903808594e-05,0.193359375,0.41954882812500216,0.48890898437494457,0.5625,91.97292194063358
input_layernorm,8192,11,1.537799835205078e-05,0.23046875,0.44689257812500216,0.531544140624959,0.5859375,61.16338332985868
input_layernorm,8192,12,0.000156402587890625,0.197265625,0.4559121093750065,0.523358593749947,0.59375,106.83617686826302
input_layernorm,8192,13,3.62396240234375e-05,0.22860351562500014,0.46642382812500216,0.5659937499999614,0.6171875,93.63211349354279
input_layernorm,8192,14,2.9921531677246094e-05,0.26171875,0.4973886718750151,0.6267074218749542,0.6875,91.78786753154836
input_layernorm,8192,15,9.870529174804688e-05,0.265625,0.4739511718750151,0.5866046874999711,0.625,64.73550867427896
input_layernorm,8192,16,6.341934204101562e-05,0.251953125,0.47265625,0.5759261718749542,0.63671875,93.66410741744293
input_layernorm,8192,17,7.62939453125e-06,0.255859375,0.498046875,0.6125351562499759,0.64453125,83.37157549065948
input_layernorm,8192,18,3.719329833984375e-05,0.27734375,0.5100292968750324,0.6455714843749831,0.66796875,90.98809001547883
input_layernorm,8192,19,9.298324584960938e-05,0.28515625,0.49850781250000864,0.6072156249999807,0.6328125,79.33919184645391
input_layernorm,8192,20,9.775161743164062e-05,0.275390625,0.5063203125000086,0.6093355468749735,0.64453125,107.84165849862684
input_layernorm,8192,21,9.298324584960938e-05,0.263671875,0.5219453125000086,0.6260402343749831,0.6484375,107.52725604628945
input_layernorm,8192,22,4.792213439941406e-05,0.2412109375,0.505574218750013,0.597283203124988,0.61328125,128.49857846699814
input_layernorm,8192,23,2.0503997802734375e-05,0.26171875,0.53515625,0.6505574218749928,0.66015625,128.77403391727483
input_layernorm,8192,24,2.586841583251953e-05,0.2431640625,0.5299335937500302,0.6175210937499855,0.63671875,134.86969339237464
input_layernorm,8192,25,6.29425048828125e-05,0.25,0.49962695312500216,0.6149886718749542,0.67578125,127.27472712927946
input_layernorm,8192,26,7.534027099609375e-05,0.2931445312500003,0.5500351562500043,0.668262890624959,0.72265625,111.28372309645661
input_layernorm,8192,27,0.0001239776611328125,0.25390625,0.509480468750013,0.6097085937499855,0.62890625,134.07281070191135
input_layernorm,8192,28,7.05718994140625e-05,0.29296875,0.5625,0.6611570312499566,0.71875,133.51436858935372
input_layernorm,8192,29,4.887580871582031e-06,0.30078125,0.5734726562500043,0.6771550781249687,0.71875,139.69562668841064
input_layernorm,8192,30,4.887580871582031e-06,0.28515625,0.5,0.6036429687499663,0.6484375,98.35274827610802
input_layernorm,8192,31,5.650520324707031e-05,0.3125,0.5751406250000173,0.6629433593749638,0.7109375,114.87269152267456
input_layernorm,8192,32,1.919269561767578e-05,0.3009570312500003,0.5734726562500043,0.6913667968749735,0.7265625,141.45394549708752
input_layernorm,8192,33,1.424551010131836e-05,0.3204882812500003,0.6039765625000086,0.7016722656249783,0.73046875,119.43364025090682
input_layernorm,8192,34,1.3113021850585938e-06,0.2578125,0.5492890625000086,0.6590765624999904,0.671875,153.3199890756432
input_layernorm,8192,35,1.8835067749023438e-05,0.298828125,0.59765625,0.6786078124999904,0.69140625,141.34170066022793
input_layernorm,8192,36,1.704692840576172e-05,0.29296875,0.5649140625000086,0.6693820312499952,0.67578125,132.0574766787698
input_layernorm,8192,37,6.377696990966797e-06,0.326171875,0.5546875,0.6654757812499952,0.671875,107.6317339415875
input_layernorm,8192,38,2.562999725341797e-05,0.3458789062500003,0.5930039062500043,0.7005925781249687,0.7421875,101.44670604742502
input_layernorm,8192,39,2.872943878173828e-05,0.349609375,0.578125,0.6530109374999711,0.69140625,95.60532294355339
input_layernorm,8192,40,0.0225830078125,0.345703125,0.5805390625000086,0.6501449218749542,0.7109375,105.99791685657362
input_layernorm,8192,41,0.039794921875,0.345703125,0.5695664062500043,0.648358593749947,0.71875,78.47268618373823
input_layernorm,8192,42,0.0228271484375,0.36328125,0.5500351562500043,0.6338132812499566,0.69140625,71.73428446179165
input_layernorm,8192,43,0.022216796875,0.333984375,0.5807148437500302,0.6583699218749928,0.66796875,97.77713420298171
input_layernorm,8192,44,0.036376953125,0.392578125,0.6047226562500043,0.7236964843749831,0.74609375,80.86888333476034
input_layernorm,8192,45,3.266334533691406e-05,0.361328125,0.5812851562500043,0.69140625,0.69140625,82.21343900713761
input_layernorm,8192,46,7.724761962890625e-05,0.3654101562500003,0.6361484375000259,0.7489203124999904,0.76171875,92.47174391370896
input_layernorm,8192,47,0.01287841796875,0.33984375,0.6525195312500216,0.7581460937499855,0.77734375,160.97195379259884
input_layernorm,8192,48,1.8477439880371094e-06,0.3400195312500003,0.6235078125000086,0.753533203124988,0.76953125,107.51032982030928
input_layernorm,8192,49,0.00010395050048828125,0.30078125,0.5649140625000086,0.6974324218749928,0.70703125,134.28236218335456
input_layernorm,8192,50,6.389617919921875e-05,0.3654101562500003,0.6368945312500216,0.7723578124999904,0.78515625,81.21059162318222
input_layernorm,8192,51,2.09808349609375e-05,0.357421875,0.6517734375000259,0.7538667968749735,0.7890625,102.67290962444169
input_layernorm,8192,52,4.601478576660156e-05,0.419921875,0.7306445312500216,0.9037570312499952,0.91015625,97.66127095402865
input_layernorm,8192,53,6.866455078125e-05,0.3359375,0.6283359375000259,0.7592257812499952,0.765625,110.10801870407124
input_layernorm,8192,54,6.818771362304688e-05,0.3575976562500003,0.6649843750000173,0.7833699218749928,0.79296875,105.97608509606683
input_layernorm,8192,55,1.8358230590820312e-05,0.3556445312500003,0.7297226562500043,0.859001953124988,0.875,151.75562580481426
input_layernorm,8192,56,0.00025177001953125,0.330078125,0.6783710937500302,0.7879828124999904,0.80078125,147.57301254437007
input_layernorm,8192,57,2.8133392333984375e-05,0.357421875,0.6945664062500043,0.8071410156249783,0.8359375,124.63150445622787
input_layernorm,8192,58,4.887580871582031e-06,0.322265625,0.6352265625000086,0.7631320312499952,0.76953125,123.09825474353903
input_layernorm,8192,59,7.867813110351562e-05,0.34375,0.6977265625000086,0.7979152343749831,0.8203125,117.96610056593777
input_layernorm,8192,60,1.2636184692382812e-05,0.2599414062500003,0.521199218750013,0.6739160156249397,0.75390625,138.53856635326898
input_layernorm,8192,61,2.0384788513183594e-05,0.310546875,0.5773789062500043,0.6988062499999614,0.75,116.4586344936125
input_layernorm,8192,62,5.7697296142578125e-05,0.3359375,0.6571718750000173,0.7158445312499566,0.7734375,114.31474295931554
input_layernorm,8192,63,2.0265579223632812e-06,0.31640625,0.6203476562500043,0.7311359374999711,0.76953125,131.58536150275128
input_layernorm,8192,64,1.436471939086914e-05,0.345703125,0.6776250000000346,0.7751843749999807,0.80078125,130.44067734882236
input_layernorm,8192,65,4.9114227294921875e-05,0.279296875,0.5539414062500043,0.6622761718749928,0.671875,131.65768269785946
input_layernorm,8192,66,9.012222290039062e-05,0.31640625,0.673542968750013,0.7741046874999711,0.8125,147.09486827204915
input_layernorm,8192,67,4.172325134277344e-07,0.232421875,0.5900195312500216,0.7233234374999711,0.76171875,174.44090307420703
input_layernorm,8192,68,1.055002212524414e-05,0.380859375,0.677449218750013,0.8256320312499952,0.83203125,127.26524339456209
input_layernorm,8192,69,6.9141387939453125e-06,0.4083789062500003,0.7375351562500043,0.8494031249999807,0.875,133.96282924990254
input_layernorm,8192,70,5.1975250244140625e-05,0.357421875,0.7135273437500302,0.8117144531249494,0.87890625,162.11528327240796
input_layernorm,8192,71,2.2411346435546875e-05,0.37109375,0.7408710937500302,0.8913316406249976,0.89453125,161.41026207579304
input_layernorm,8192,72,1.1205673217773438e-05,0.38671875,0.8515625,1.0433023437499855,1.0625,205.8749022444323
input_layernorm,8192,73,6.914138793945312e-05,0.38671875,0.7336289062500043,0.9186753906249976,0.921875,187.39370646365165
input_layernorm,8192,74,0.042724609375,0.373046875,0.8712695312500216,1.108628906249976,1.140625,237.29927372443913
input_layernorm,8192,75,0.041259765625,0.3671875,0.81640625,0.9538316406249976,0.95703125,203.80418587139502
input_layernorm,8192,76,0.05810546875,0.3966601562500003,0.9188906250000173,1.2435218749999422,1.3203125,278.76192075384944
input_layernorm,8192,77,0.050048828125,0.359375,0.8394062500001382,0.9964273437499855,1.015625,180.25096646128063
input_layernorm,8192,78,0.037109375,0.365234375,0.8863242187500475,1.015625,1.015625,168.03401721977983
input_layernorm,8192,79,0.000743865966796875,0.33984375,0.8111835937500302,0.9623507812499952,0.96875,108.56141941635637
mlp.down_proj,234881024,0,0.0,0.03076171875,0.041748046875,0.058349609375,0.486328125,5.6620543940738965
mlp.down_proj,234881024,1,0.0,0.03515625,0.04541015625,0.05712890625,0.51171875,3.461556710425622
mlp.down_proj,234881024,2,0.0,0.036376953125,0.046630859375,0.056640625,2.15625,6.53613883204877
mlp.down_proj,234881024,3,0.0,0.03662109375,0.047119140625,0.056884765625,0.5390625,3.2107296908126557
mlp.down_proj,234881024,4,0.0,0.03662109375,0.047119140625,0.056396484375,0.4921875,3.1254935259414265
mlp.down_proj,234881024,5,0.0,0.03662109375,0.047119140625,0.056640625,0.546875,3.1458105515269605
mlp.down_proj,234881024,6,0.0,0.036865234375,0.04736328125,0.057373046875,0.4375,3.1525629707280234
mlp.down_proj,234881024,7,0.0,0.036865234375,0.047607421875,0.057373046875,0.94921875,3.517373149730636
mlp.down_proj,234881024,8,0.0,0.037109375,0.047607421875,0.056884765625,2.015625,10.420369709863406
mlp.down_proj,234881024,9,0.0,0.037109375,0.047607421875,0.056640625,0.96484375,3.6562042816398157
mlp.down_proj,234881024,10,0.0,0.037109375,0.047607421875,0.056884765625,0.90625,3.3993866644441524
mlp.down_proj,234881024,11,0.0,0.037109375,0.047607421875,0.056884765625,0.56640625,3.1794384777228997
mlp.down_proj,234881024,12,0.0,0.037109375,0.047607421875,0.057373046875,1.1171875,3.4519363234843814
mlp.down_proj,234881024,13,0.0,0.037109375,0.0478515625,0.05712890625,1.5,3.660742282256625
mlp.down_proj,234881024,14,0.0,0.037109375,0.0478515625,0.05712890625,0.703125,3.2649080800751373
mlp.down_proj,234881024,15,0.0,0.037109375,0.047607421875,0.056884765625,0.578125,3.1392535873391143
mlp.down_proj,234881024,16,0.0,0.037109375,0.0478515625,0.057373046875,0.59375,3.2137524262834902
mlp.down_proj,234881024,17,0.0,0.037353515625,0.0478515625,0.057373046875,0.87109375,3.4468484127274994
mlp.down_proj,234881024,18,0.0,0.037353515625,0.0478515625,0.05712890625,1.171875,3.8764000196646218
mlp.down_proj,234881024,19,0.0,0.037353515625,0.0478515625,0.05712890625,1.015625,3.544574503296278
mlp.down_proj,234881024,20,0.0,0.037353515625,0.0478515625,0.05712890625,1.0859375,3.4282820920842543
mlp.down_proj,234881024,21,0.0,0.037353515625,0.048095703125,0.05712890625,0.96875,3.234190332688299
mlp.down_proj,234881024,22,0.0,0.037353515625,0.048095703125,0.05712890625,1.0859375,3.25886243476088
mlp.down_proj,234881024,23,0.0,0.037353515625,0.0478515625,0.05712890625,0.8203125,3.1613007782692812
mlp.down_proj,234881024,24,0.0,0.037353515625,0.048095703125,0.057861328125,1.03125,3.613406079126363
mlp.down_proj,234881024,25,0.0,0.03759765625,0.048095703125,0.0576171875,0.83203125,3.2398576435406046
mlp.down_proj,234881024,26,0.0,0.037353515625,0.048095703125,0.057373046875,1.4296875,3.512548072319041
mlp.down_proj,234881024,27,0.0,0.037353515625,0.0478515625,0.05712890625,0.96484375,3.2348783116246977
mlp.down_proj,234881024,28,0.0,0.037353515625,0.0478515625,0.05712890625,1.453125,3.507107659955623
mlp.down_proj,234881024,29,0.0,0.037353515625,0.0478515625,0.05712890625,0.71875,3.1048975833984813
mlp.down_proj,234881024,30,0.0,0.037353515625,0.0478515625,0.05712890625,0.6875,3.087823013259781
mlp.down_proj,234881024,31,0.0,0.037353515625,0.0478515625,0.056884765625,1.015625,3.1954725853085457
mlp.down_proj,234881024,32,0.0,0.037353515625,0.0478515625,0.05712890625,0.8125,3.1362162453428857
mlp.down_proj,234881024,33,0.0,0.037353515625,0.0478515625,0.05712890625,0.828125,3.187904071810364
mlp.down_proj,234881024,34,0.0,0.037109375,0.0478515625,0.056884765625,1.0,3.176148894258846
mlp.down_proj,234881024,35,0.0,0.037109375,0.0478515625,0.056884765625,1.0,3.15520216859893
mlp.down_proj,234881024,36,0.0,0.037109375,0.0478515625,0.05712890625,1.28125,3.364447961627566
mlp.down_proj,234881024,37,0.0,0.037109375,0.0478515625,0.05712890625,1.0,3.2107956397468547
mlp.down_proj,234881024,38,0.0,0.037353515625,0.0478515625,0.057373046875,0.94921875,3.205266444379937
mlp.down_proj,234881024,39,0.0,0.037353515625,0.048095703125,0.05810546875,1.171875,3.360804748624601
mlp.down_proj,234881024,40,0.0,0.03759765625,0.048095703125,0.05810546875,1.0703125,3.4951084847054315
mlp.down_proj,234881024,41,0.0,0.037353515625,0.048095703125,0.0576171875,0.703125,3.163203240083086
mlp.down_proj,234881024,42,0.0,0.037353515625,0.0478515625,0.057373046875,0.5078125,3.0874361292230117
mlp.down_proj,234881024,43,0.0,0.037353515625,0.0478515625,0.0576171875,0.9140625,3.2824339548569976
mlp.down_proj,234881024,44,0.0,0.037109375,0.047607421875,0.056640625,0.4921875,3.06136810401781
mlp.down_proj,234881024,45,0.0,0.037109375,0.047607421875,0.056640625,0.6953125,3.0864648192146054
mlp.down_proj,234881024,46,0.0,0.037109375,0.04736328125,0.056396484375,0.5859375,3.0419922235298245
mlp.down_proj,234881024,47,0.0,0.036865234375,0.04736328125,0.05615234375,1.0859375,3.366523355216616
mlp.down_proj,234881024,48,0.0,0.036865234375,0.04736328125,0.05615234375,1.109375,3.2697295905761172
mlp.down_proj,234881024,49,0.0,0.036865234375,0.04736328125,0.05615234375,0.9140625,3.1223449577581324
mlp.down_proj,234881024,50,0.0,0.036865234375,0.04736328125,0.05615234375,0.5390625,3.039341856269272
mlp.down_proj,234881024,51,0.0,0.036865234375,0.04736328125,0.05615234375,0.9453125,3.1614499485589085
mlp.down_proj,234881024,52,0.0,0.036865234375,0.04736328125,0.05615234375,1.1796875,3.28343019016195
mlp.down_proj,234881024,53,0.0,0.036865234375,0.04736328125,0.05615234375,0.546875,3.038271152420923
mlp.down_proj,234881024,54,0.0,0.037109375,0.04736328125,0.05615234375,0.359375,3.0193028265167214
mlp.down_proj,234881024,55,0.0,0.037109375,0.04736328125,0.056396484375,0.80859375,3.1212768489274727
mlp.down_proj,234881024,56,0.0,0.037109375,0.04736328125,0.05615234375,0.890625,3.103082937078939
mlp.down_proj,234881024,57,0.0,0.037109375,0.047607421875,0.056396484375,0.9921875,3.1424321757067153
mlp.down_proj,234881024,58,0.0,0.037109375,0.047607421875,0.056396484375,0.6796875,3.0737670858002093
mlp.down_proj,234881024,59,0.0,0.037109375,0.047607421875,0.056396484375,1.1796875,3.231549970536516
mlp.down_proj,234881024,60,0.0,0.037109375,0.047607421875,0.056396484375,0.87890625,3.1255242216771184
mlp.down_proj,234881024,61,0.0,0.037353515625,0.047607421875,0.056640625,0.5234375,3.027828805865428
mlp.down_proj,234881024,62,0.0,0.037353515625,0.0478515625,0.056640625,1.3203125,3.315892609259542
mlp.down_proj,234881024,63,0.0,0.037353515625,0.0478515625,0.056640625,1.25,3.418947185630941
mlp.down_proj,234881024,64,0.0,0.037353515625,0.0478515625,0.056884765625,1.125,3.2216970372900002
mlp.down_proj,234881024,65,0.0,0.037353515625,0.0478515625,0.056884765625,0.46484375,3.0314385370572667
mlp.down_proj,234881024,66,0.0,0.037353515625,0.048095703125,0.056884765625,1.171875,3.3231000833836837
mlp.down_proj,234881024,67,0.0,0.03759765625,0.048095703125,0.05712890625,0.9921875,3.130661479884055
mlp.down_proj,234881024,68,0.0,0.03759765625,0.048095703125,0.057373046875,0.69921875,3.0940132694894014
mlp.down_proj,234881024,69,0.0,0.037841796875,0.04833984375,0.0576171875,1.2734375,3.2950272982295794
mlp.down_proj,234881024,70,0.0,0.037841796875,0.048583984375,0.057861328125,0.609375,3.0802964340138628
mlp.down_proj,234881024,71,0.0,0.037841796875,0.048583984375,0.05810546875,0.48046875,3.0574140738958926
mlp.down_proj,234881024,72,0.0,0.0380859375,0.048828125,0.058349609375,0.640625,3.075421378554738
mlp.down_proj,234881024,73,0.0,0.0380859375,0.048828125,0.05859375,1.15625,3.3691677381219765
mlp.down_proj,234881024,74,0.0,0.0380859375,0.048828125,0.058837890625,0.6015625,3.122482356171597
mlp.down_proj,234881024,75,0.0,0.0380859375,0.049072265625,0.0595703125,1.3515625,4.86702826133251
mlp.down_proj,234881024,76,0.0,0.0380859375,0.049072265625,0.061279296875,1.09375,4.21182049872796
mlp.down_proj,234881024,77,0.0,0.038330078125,0.0498046875,0.06591796875,1.1171875,6.141964312388198
mlp.down_proj,234881024,78,0.0,0.03857421875,0.051025390625,0.08154296875,1.5390625,6.188189623102526
mlp.down_proj,234881024,79,0.0,0.038818359375,0.05224609375,0.09375,1.5625,16.59179714856732
mlp.gate_proj,234881024,0,0.0,0.026123046875,0.037109375,0.06103515625,0.61328125,4.786317000735184
mlp.gate_proj,234881024,1,0.0,0.03369140625,0.044921875,0.0654296875,0.5078125,3.5681876346123422
mlp.gate_proj,234881024,2,0.0,0.03662109375,0.048095703125,0.06396484375,0.7734375,3.5317569791711283
mlp.gate_proj,234881024,3,0.0,0.03759765625,0.04931640625,0.06298828125,0.5390625,3.2613149836277637
mlp.gate_proj,234881024,4,0.0,0.037841796875,0.050048828125,0.0654296875,0.431640625,3.242364532938241
mlp.gate_proj,234881024,5,0.0,0.0380859375,0.05029296875,0.06396484375,0.453125,3.227008376281903
mlp.gate_proj,234881024,6,0.0,0.038330078125,0.05029296875,0.06298828125,0.439453125,3.200811757715258
mlp.gate_proj,234881024,7,0.0,0.03857421875,0.050537109375,0.06396484375,0.451171875,3.2809370179011217
mlp.gate_proj,234881024,8,0.0,0.039306640625,0.052734375,0.08740234375,0.6484375,4.636296481420176
mlp.gate_proj,234881024,9,0.0,0.03955078125,0.05224609375,0.0693359375,0.64453125,3.7027428574960437
mlp.gate_proj,234881024,10,0.0,0.039794921875,0.052490234375,0.068359375,0.5625,3.541183687515963
mlp.gate_proj,234881024,11,0.0,0.03955078125,0.05224609375,0.06787109375,0.51171875,3.4996429287959616
mlp.gate_proj,234881024,12,0.0,0.039306640625,0.0517578125,0.06640625,0.419921875,3.248534918205318
mlp.gate_proj,234881024,13,0.0,0.0390625,0.05126953125,0.06591796875,0.97265625,3.326325679228319
mlp.gate_proj,234881024,14,0.0,0.0390625,0.051513671875,0.06591796875,0.640625,3.3195811599229694
mlp.gate_proj,234881024,15,0.0,0.0390625,0.051513671875,0.06591796875,0.478515625,3.2603533938186517
mlp.gate_proj,234881024,16,0.0,0.0390625,0.05126953125,0.06640625,0.74609375,3.2915233135431747
mlp.gate_proj,234881024,17,0.0,0.0390625,0.0517578125,0.06640625,0.384765625,3.246036576482412
mlp.gate_proj,234881024,18,0.0,0.039306640625,0.0517578125,0.0673828125,0.482421875,3.2559388025766673
mlp.gate_proj,234881024,19,0.0,0.0390625,0.05126953125,0.064453125,0.671875,3.2399151386633087
mlp.gate_proj,234881024,20,0.0,0.0390625,0.051513671875,0.06591796875,0.39453125,3.197190912405281
mlp.gate_proj,234881024,21,0.0,0.0390625,0.05078125,0.0634765625,0.43359375,3.166397673045201
mlp.gate_proj,234881024,22,0.0,0.038818359375,0.05078125,0.06298828125,0.69921875,3.190819435816744
mlp.gate_proj,234881024,23,0.0,0.038818359375,0.05078125,0.0634765625,0.66796875,3.200435930575119
mlp.gate_proj,234881024,24,0.0,0.038818359375,0.05078125,0.06396484375,0.6015625,3.2471865788555236
mlp.gate_proj,234881024,25,0.0,0.03857421875,0.050537109375,0.0654296875,0.431640625,3.1969138721966854
mlp.gate_proj,234881024,26,0.0,0.03857421875,0.050537109375,0.064453125,0.380859375,3.1807294526604304
mlp.gate_proj,234881024,27,0.0,0.03857421875,0.050537109375,0.06396484375,0.47265625,3.1876131488553137
mlp.gate_proj,234881024,28,0.0,0.03857421875,0.050537109375,0.06396484375,0.53515625,3.2019429492815608
mlp.gate_proj,234881024,29,0.0,0.03857421875,0.050537109375,0.06396484375,0.5,3.161505471128473
mlp.gate_proj,234881024,30,0.0,0.03857421875,0.05078125,0.06494140625,0.423828125,3.1765037557048963
mlp.gate_proj,234881024,31,0.0,0.03857421875,0.050537109375,0.06396484375,0.384765625,3.1649756288450406
mlp.gate_proj,234881024,32,0.0,0.03857421875,0.050537109375,0.06298828125,0.482421875,3.167357845573255
mlp.gate_proj,234881024,33,0.0,0.03857421875,0.050537109375,0.06396484375,0.3984375,3.18463720212995
mlp.gate_proj,234881024,34,0.0,0.03857421875,0.05078125,0.0654296875,0.50390625,3.207710320415526
mlp.gate_proj,234881024,35,0.0,0.03857421875,0.05078125,0.064453125,0.43359375,3.1764042347737766
mlp.gate_proj,234881024,36,0.0,0.03857421875,0.051025390625,0.06591796875,0.640625,3.248223198798892
mlp.gate_proj,234881024,37,0.0,0.03857421875,0.05126953125,0.06689453125,0.48046875,3.2197960340986658
mlp.gate_proj,234881024,38,0.0,0.038818359375,0.051513671875,0.06787109375,0.484375,3.2363892633218434
mlp.gate_proj,234881024,39,0.0,0.038818359375,0.052001953125,0.0703125,0.390625,3.2540479645297715
mlp.gate_proj,234881024,40,0.0,0.038818359375,0.05126953125,0.0673828125,0.55859375,3.2203744395191616
mlp.gate_proj,234881024,41,0.0,0.0390625,0.0517578125,0.06787109375,0.41015625,3.1985180385326633
mlp.gate_proj,234881024,42,0.0,0.03955078125,0.052001953125,0.06640625,0.4296875,3.1715481797236156
mlp.gate_proj,234881024,43,0.0,0.039794921875,0.052490234375,0.0673828125,0.671875,3.207509770931157
mlp.gate_proj,234881024,44,0.0,0.040283203125,0.052734375,0.06640625,0.388671875,3.124585753469354
mlp.gate_proj,234881024,45,0.0,0.04052734375,0.052978515625,0.0654296875,0.40234375,3.1053947161098723
mlp.gate_proj,234881024,46,0.0,0.040771484375,0.05322265625,0.06640625,0.40234375,3.106062106622865
mlp.gate_proj,234881024,47,0.0,0.041015625,0.053466796875,0.06640625,0.3828125,3.105143212082607
mlp.gate_proj,234881024,48,0.0,0.041259765625,0.053466796875,0.06640625,0.38671875,3.098950825610089
mlp.gate_proj,234881024,49,0.0,0.041259765625,0.053466796875,0.06591796875,0.451171875,3.1159322545845667
mlp.gate_proj,234881024,50,0.0,0.041259765625,0.053466796875,0.06640625,0.466796875,3.1230800047408045
mlp.gate_proj,234881024,51,0.0,0.041259765625,0.053466796875,0.06591796875,0.388671875,3.0926231279692735
mlp.gate_proj,234881024,52,0.0,0.041259765625,0.053466796875,0.0654296875,0.498046875,3.085012095754253
mlp.gate_proj,234881024,53,0.0,0.041259765625,0.053466796875,0.06591796875,0.408203125,3.090199299909921
mlp.gate_proj,234881024,54,0.0,0.041259765625,0.053466796875,0.0654296875,0.2890625,3.0769125088967013
mlp.gate_proj,234881024,55,0.0,0.041015625,0.05322265625,0.0654296875,0.31640625,3.0828583246691066
mlp.gate_proj,234881024,56,0.0,0.041015625,0.053466796875,0.06591796875,0.3359375,3.079553028389119
mlp.gate_proj,234881024,57,0.0,0.041015625,0.053466796875,0.06591796875,0.419921875,3.099189381904832
mlp.gate_proj,234881024,58,0.0,0.041015625,0.0537109375,0.06689453125,0.474609375,3.104487740148955
mlp.gate_proj,234881024,59,0.0,0.041015625,0.0537109375,0.06689453125,0.357421875,3.103651981617985
mlp.gate_proj,234881024,60,0.0,0.041015625,0.0537109375,0.06689453125,0.5703125,3.118881182324601
mlp.gate_proj,234881024,61,0.0,0.041015625,0.0537109375,0.0673828125,0.41015625,3.1128974104348077
mlp.gate_proj,234881024,62,0.0,0.041015625,0.0537109375,0.0673828125,0.703125,3.1344313278388367
mlp.gate_proj,234881024,63,0.0,0.041015625,0.0537109375,0.06787109375,0.48828125,3.1385121467116894
mlp.gate_proj,234881024,64,0.0,0.041015625,0.053955078125,0.068359375,0.416015625,3.1344647005574044
mlp.gate_proj,234881024,65,0.0,0.040771484375,0.0537109375,0.06787109375,0.388671875,3.130194129746986
mlp.gate_proj,234881024,66,0.0,0.040771484375,0.0537109375,0.068359375,0.41015625,3.143537788895948
mlp.gate_proj,234881024,67,0.0,0.040771484375,0.053466796875,0.06787109375,0.6171875,3.155394348131238
mlp.gate_proj,234881024,68,0.0,0.040771484375,0.0537109375,0.06787109375,0.455078125,3.1594313222829045
mlp.gate_proj,234881024,69,0.0,0.04052734375,0.05322265625,0.0673828125,0.62890625,3.160503413998568
mlp.gate_proj,234881024,70,0.0,0.04052734375,0.05322265625,0.0673828125,0.443359375,3.144198211901483
mlp.gate_proj,234881024,71,0.0,0.04052734375,0.05322265625,0.0673828125,0.44921875,3.1498150452263456
mlp.gate_proj,234881024,72,0.0,0.040283203125,0.052978515625,0.06689453125,0.400390625,3.1484845684395664
mlp.gate_proj,234881024,73,0.0,0.040283203125,0.052978515625,0.06689453125,0.796875,3.191208309012275
mlp.gate_proj,234881024,74,0.0,0.040283203125,0.052978515625,0.06689453125,0.443359375,3.1549987810320768
mlp.gate_proj,234881024,75,0.0,0.040283203125,0.05322265625,0.0673828125,0.498046875,3.198492520113139
mlp.gate_proj,234881024,76,0.0,0.04052734375,0.0537109375,0.0693359375,0.380859375,3.2141555730610283
mlp.gate_proj,234881024,77,0.0,0.040771484375,0.053955078125,0.0693359375,0.48828125,3.3504564986292973
mlp.gate_proj,234881024,78,0.0,0.041259765625,0.05517578125,0.07421875,0.396484375,3.359650877241948
mlp.gate_proj,234881024,79,0.0,0.04248046875,0.0576171875,0.078125,0.41796875,3.3573096530346707
mlp.up_proj,234881024,0,0.0,0.025390625,0.034423828125,0.04443359375,0.2578125,3.5081872702076264
mlp.up_proj,234881024,1,0.0,0.03271484375,0.042236328125,0.05126953125,0.365234375,3.1110670507654428
mlp.up_proj,234881024,2,0.0,0.034912109375,0.044921875,0.053955078125,0.302734375,3.078689835676128
mlp.up_proj,234881024,3,0.0,0.035888671875,0.046142578125,0.0556640625,0.34765625,3.093643462508587
mlp.up_proj,234881024,4,0.0,0.035888671875,0.04638671875,0.055419921875,0.51953125,3.0911230506787746
mlp.up_proj,234881024,5,0.0,0.0361328125,0.046630859375,0.055908203125,0.33203125,3.080791935582095
mlp.up_proj,234881024,6,0.0,0.036376953125,0.046875,0.05615234375,0.41796875,3.07946155900633
mlp.up_proj,234881024,7,0.0,0.03662109375,0.046875,0.05615234375,0.35546875,3.078376046209604
mlp.up_proj,234881024,8,0.0,0.03662109375,0.047119140625,0.0595703125,0.58984375,3.2624866501855188
mlp.up_proj,234881024,9,0.0,0.03662109375,0.047119140625,0.05615234375,0.298828125,3.0454834281569854
mlp.up_proj,234881024,10,0.0,0.036865234375,0.04736328125,0.056396484375,0.349609375,3.051014987034886
mlp.up_proj,234881024,11,0.0,0.037109375,0.047607421875,0.056884765625,0.396484375,3.062329618709724
mlp.up_proj,234881024,12,0.0,0.037109375,0.047607421875,0.05712890625,0.310546875,3.0734861721312163
mlp.up_proj,234881024,13,0.0,0.037109375,0.047607421875,0.056884765625,0.3125,3.0487585762115335
mlp.up_proj,234881024,14,0.0,0.037109375,0.047607421875,0.05712890625,0.330078125,3.0617763255285984
mlp.up_proj,234881024,15,0.0,0.037109375,0.047607421875,0.056884765625,0.296875,3.0472538761320003
mlp.up_proj,234881024,16,0.0,0.037109375,0.0478515625,0.057373046875,0.51953125,3.102063501530822
mlp.up_proj,234881024,17,0.0,0.037109375,0.047607421875,0.05712890625,0.4609375,3.0733338334690594
mlp.up_proj,234881024,18,0.0,0.036865234375,0.04736328125,0.056884765625,0.353515625,3.065869862360259
mlp.up_proj,234881024,19,0.0,0.037109375,0.047607421875,0.056884765625,0.322265625,3.048934529331515
mlp.up_proj,234881024,20,0.0,0.037109375,0.047607421875,0.05712890625,0.404296875,3.055075870749331
mlp.up_proj,234881024,21,0.0,0.037353515625,0.0478515625,0.05712890625,0.31640625,3.0518523281901953
mlp.up_proj,234881024,22,0.0,0.037353515625,0.0478515625,0.05712890625,0.427734375,3.0509873307560147
mlp.up_proj,234881024,23,0.0,0.037353515625,0.0478515625,0.057373046875,0.494140625,3.0703850280690443
mlp.up_proj,234881024,24,0.0,0.037353515625,0.048095703125,0.057861328125,0.439453125,3.0876687283624493
mlp.up_proj,234881024,25,0.0,0.037353515625,0.0478515625,0.057373046875,0.376953125,3.058228242054466
mlp.up_proj,234881024,26,0.0,0.037353515625,0.0478515625,0.057373046875,0.2578125,3.0403818602064945
mlp.up_proj,234881024,27,0.0,0.037109375,0.0478515625,0.05712890625,0.4765625,3.059810881757176
mlp.up_proj,234881024,28,0.0,0.037109375,0.0478515625,0.05712890625,0.46875,3.0483772178058772
mlp.up_proj,234881024,29,0.0,0.037109375,0.0478515625,0.05712890625,0.30859375,3.0440377374725847
mlp.up_proj,234881024,30,0.0,0.037109375,0.0478515625,0.05712890625,0.484375,3.0662543531392643
mlp.up_proj,234881024,31,0.0,0.037353515625,0.0478515625,0.05712890625,0.412109375,3.0504683694097334
mlp.up_proj,234881024,32,0.0,0.037353515625,0.0478515625,0.05712890625,0.44140625,3.06156452758174
mlp.up_proj,234881024,33,0.0,0.037109375,0.0478515625,0.05712890625,0.59765625,3.065670710534475
mlp.up_proj,234881024,34,0.0,0.037109375,0.047607421875,0.056884765625,0.443359375,3.0454815528363635
mlp.up_proj,234881024,35,0.0,0.037109375,0.047607421875,0.056884765625,0.53125,3.083164492324232
mlp.up_proj,234881024,36,0.0,0.037109375,0.047607421875,0.056884765625,0.314453125,3.04849342596537
mlp.up_proj,234881024,37,0.0,0.037109375,0.047607421875,0.056884765625,0.4609375,3.0569316802489515
mlp.up_proj,234881024,38,0.0,0.037109375,0.047607421875,0.05712890625,0.5546875,3.076118809787057
mlp.up_proj,234881024,39,0.0,0.037109375,0.0478515625,0.057373046875,0.435546875,3.0743932595379864
mlp.up_proj,234881024,40,0.0,0.037109375,0.0478515625,0.05712890625,0.515625,3.0712271729452265
mlp.up_proj,234881024,41,0.0,0.036865234375,0.04736328125,0.056884765625,0.380859375,3.0538148746967706
mlp.up_proj,234881024,42,0.0,0.036865234375,0.047119140625,0.056640625,0.3828125,3.0506349686618504
mlp.up_proj,234881024,43,0.0,0.036865234375,0.04736328125,0.056884765625,0.365234375,3.06532462012441
mlp.up_proj,234881024,44,0.0,0.036376953125,0.046875,0.055908203125,0.2890625,3.0348962847470173
mlp.up_proj,234881024,45,0.0,0.036376953125,0.046630859375,0.0556640625,0.3203125,3.035997889588633
mlp.up_proj,234881024,46,0.0,0.036376953125,0.046630859375,0.0556640625,0.25,3.030469529079205
mlp.up_proj,234881024,47,0.0,0.036376953125,0.046630859375,0.055419921875,0.3203125,3.0371237140608747
mlp.up_proj,234881024,48,0.0,0.036376953125,0.046630859375,0.055419921875,0.298828125,3.0347458433718524
mlp.up_proj,234881024,49,0.0,0.036376953125,0.046630859375,0.0556640625,0.306640625,3.0361659985590377
mlp.up_proj,234881024,50,0.0,0.036376953125,0.046630859375,0.0556640625,0.259765625,3.0297362482889105
mlp.up_proj,234881024,51,0.0,0.036376953125,0.046630859375,0.0556640625,0.30859375,3.0325763441826954
mlp.up_proj,234881024,52,0.0,0.03662109375,0.046875,0.0556640625,0.58203125,3.0406909514568583
mlp.up_proj,234881024,53,0.0,0.03662109375,0.046875,0.0556640625,0.25,3.0200878447650776
mlp.up_proj,234881024,54,0.0,0.03662109375,0.046875,0.055908203125,0.26171875,3.020826590668966
mlp.up_proj,234881024,55,0.0,0.036865234375,0.047119140625,0.055908203125,0.29296875,3.0214691663691937
mlp.up_proj,234881024,56,0.0,0.036865234375,0.047119140625,0.05615234375,0.2060546875,3.01699873937322
mlp.up_proj,234881024,57,0.0,0.036865234375,0.04736328125,0.05615234375,0.326171875,3.026519430165164
mlp.up_proj,234881024,58,0.0,0.036865234375,0.04736328125,0.056396484375,0.267578125,3.0218889578614156
mlp.up_proj,234881024,59,0.0,0.037109375,0.04736328125,0.056396484375,0.357421875,3.022086784905392
mlp.up_proj,234881024,60,0.0,0.037109375,0.047607421875,0.056640625,0.283203125,3.021162224310567
mlp.up_proj,234881024,61,0.0,0.037353515625,0.047607421875,0.056884765625,0.28515625,3.0214001665898618
mlp.up_proj,234881024,62,0.0,0.037353515625,0.0478515625,0.056884765625,0.2119140625,3.018377957834516
mlp.up_proj,234881024,63,0.0,0.037353515625,0.0478515625,0.056884765625,0.31640625,3.0247921804877316
mlp.up_proj,234881024,64,0.0,0.037353515625,0.048095703125,0.05712890625,0.59765625,3.036882167025032
mlp.up_proj,234881024,65,0.0,0.03759765625,0.048095703125,0.057373046875,0.322265625,3.025668654748221
mlp.up_proj,234881024,66,0.0,0.03759765625,0.04833984375,0.0576171875,0.298828125,3.0273489992020224
mlp.up_proj,234881024,67,0.0,0.037841796875,0.04833984375,0.0576171875,0.384765625,3.0305145166920826
mlp.up_proj,234881024,68,0.0,0.037841796875,0.048583984375,0.057861328125,0.52734375,3.056833300938871
mlp.up_proj,234881024,69,0.0,0.0380859375,0.048828125,0.05810546875,0.287109375,3.031780868274619
mlp.up_proj,234881024,70,0.0,0.0380859375,0.048828125,0.05859375,0.369140625,3.0357732721614754
mlp.up_proj,234881024,71,0.0,0.0380859375,0.049072265625,0.05859375,0.3125,3.0353551880864087
mlp.up_proj,234881024,72,0.0,0.038330078125,0.049072265625,0.058837890625,0.24609375,3.036298407973419
mlp.up_proj,234881024,73,0.0,0.038330078125,0.04931640625,0.05908203125,0.404296875,3.0441648253932665
mlp.up_proj,234881024,74,0.0,0.038330078125,0.04931640625,0.0595703125,0.322265625,3.0532560366270465
mlp.up_proj,234881024,75,0.0,0.038330078125,0.049560546875,0.06005859375,0.71875,3.1628071202220465
mlp.up_proj,234881024,76,0.0,0.038330078125,0.049560546875,0.06201171875,0.408203125,3.174376809104812
mlp.up_proj,234881024,77,0.0,0.03857421875,0.050048828125,0.06247502440965036,0.43359375,3.1580678082527602
mlp.up_proj,234881024,78,0.0,0.0390625,0.050537109375,0.06298828125,0.84765625,3.501756188046813
mlp.up_proj,234881024,79,0.0,0.040283203125,0.053466796875,0.07177734375,0.69921875,3.5643299782310467
post_attention_layernorm,8192,0,4.839897155761719e-05,0.04052734375,0.08979443359375594,0.12720332031248915,0.1416015625,59.400680610200155
post_attention_layernorm,8192,1,0.000946044921875,0.064453125,0.06924267578125054,0.1373097167968247,0.2041015625,12.949780902779484
post_attention_layernorm,8192,2,0.004974365234375,0.08349609375,0.08779736328125054,0.12650385742184156,0.1708984375,11.080796052009795
post_attention_layernorm,8192,3,0.00634765625,0.1015625,0.10439892578125054,0.10595703125,0.10595703125,8.593576578270401
post_attention_layernorm,8192,4,0.000873565673828125,0.109375,0.1123046875,0.1141228515624988,0.11572265625,13.877810721239877
post_attention_layernorm,8192,5,0.00396728515625,0.11083984375,0.11376953125,0.1159876464843741,0.1171875,16.877018629944136
post_attention_layernorm,8192,6,0.0032501220703125,0.11767578125,0.12109375,0.12357685546874819,0.1259765625,21.89221757121124
post_attention_layernorm,8192,7,0.0087890625,0.12353515625,0.126953125,0.13226279296873855,0.1474609375,30.42976879715486
post_attention_layernorm,8192,8,0.01141357421875,0.138671875,0.1416015625,0.3294791015624554,0.388671875,96.67517060767199
post_attention_layernorm,8192,9,0.016357421875,0.1494140625,0.15234375,0.1538502929687482,0.15625,57.77025639995018
post_attention_layernorm,8192,10,0.003448486328125,0.16015625,0.1630859375,0.1652157226562494,0.166015625,64.84573625456572
post_attention_layernorm,8192,11,0.0224609375,0.1640625,0.16796875,0.1700985351562494,0.1708984375,58.14854388745275
post_attention_layernorm,8192,12,0.0390625,0.1640625,0.16796875,0.1704518554687482,0.1728515625,47.44759102014087
post_attention_layernorm,8192,13,0.03369140625,0.1669921875,0.1708984375,0.1748046875,0.1748046875,56.728489271383694
post_attention_layernorm,8192,14,0.04248046875,0.1748046875,0.1787109375,0.1837704101562494,0.1845703125,59.95428387092967
post_attention_layernorm,8192,15,0.0269775390625,0.1806640625,0.1845703125,0.1880299804687482,0.1904296875,69.19790273781481
post_attention_layernorm,8192,16,0.031982421875,0.1845703125,0.1884765625,0.1921128906249976,0.1953125,63.28063084510789
post_attention_layernorm,8192,17,0.0400390625,0.1845703125,0.1884765625,0.19140625,0.19140625,63.205742537609936
post_attention_layernorm,8192,18,0.0245361328125,0.193359375,0.197265625,0.2025017578124988,0.2041015625,76.04756101696177
post_attention_layernorm,8192,19,0.00457763671875,0.201171875,0.205078125,0.2091610351562494,0.2099609375,83.68919874645611
post_attention_layernorm,8192,20,0.00154876708984375,0.2080078125,0.21270410156250108,0.2153737304687482,0.2177734375,91.22774285068182
post_attention_layernorm,8192,21,0.0023651123046875,0.2109375,0.21484375,0.2230095703124988,0.224609375,94.87471925546303
post_attention_layernorm,8192,22,0.00244140625,0.2158203125,0.2197265625,0.2247860351562494,0.2255859375,97.02358325187316
post_attention_layernorm,8192,23,0.0019989013671875,0.216796875,0.220703125,0.2249626953124988,0.2265625,100.78345463956602
post_attention_layernorm,8192,24,0.00775146484375,0.212890625,0.216796875,0.220703125,0.220703125,93.79558596014928
post_attention_layernorm,8192,25,0.035888671875,0.20703125,0.2109375,0.21484375,0.21484375,99.89122338515539
post_attention_layernorm,8192,26,0.002685546875,0.21786132812500014,0.22246972656250108,0.2267391601562494,0.2275390625,116.94058934645221
post_attention_layernorm,8192,27,0.0018463134765625,0.22265625,0.2265625,0.2301988281249976,0.2333984375,122.9390019785991
post_attention_layernorm,8192,28,0.00189971923828125,0.2265625,0.2294921875,0.2327751953124988,0.234375,130.44592522495861
post_attention_layernorm,8192,29,0.00164031982421875,0.2314453125,0.2353515625,0.2366814453124988,0.23828125,131.55588001928786
post_attention_layernorm,8192,30,0.001739501953125,0.236328125,0.240234375,0.2423641601562494,0.2431640625,133.65801274894724
post_attention_layernorm,8192,31,0.00189971923828125,0.240234375,0.2431640625,0.2443172851562494,0.2451171875,138.7447255342941
post_attention_layernorm,8192,32,0.004302978515625,0.2421875,0.2451171875,0.2472469726562494,0.248046875,135.43055944016646
post_attention_layernorm,8192,33,0.004241943359375,0.2451171875,0.248046875,0.25,0.25,140.19240447498828
post_attention_layernorm,8192,34,0.006011962890625,0.2490234375,0.251953125,0.25390625,0.25390625,148.86177638097686
post_attention_layernorm,8192,35,0.0026092529296875,0.255859375,0.25939257812500216,0.2608255859374964,0.265625,148.50944019380347
post_attention_layernorm,8192,36,0.0025482177734375,0.259765625,0.26171875,0.2640251953124988,0.265625,150.92792757850611
post_attention_layernorm,8192,37,0.0025634765625,0.263671875,0.265625,0.2698845703124988,0.271484375,148.16691895709465
post_attention_layernorm,8192,38,0.0034942626953125,0.267578125,0.271484375,0.2734375,0.2734375,145.49968383457207
post_attention_layernorm,8192,39,0.0208740234375,0.26953125,0.271484375,0.2757439453124988,0.27734375,146.27398759566162
post_attention_layernorm,8192,40,0.0032196044921875,0.275390625,0.279296875,0.283203125,0.283203125,131.82915681173455
post_attention_layernorm,8192,41,0.0028839111328125,0.2814257812500003,0.287109375,0.2913689453124988,0.29296875,131.8558746860794
post_attention_layernorm,8192,42,0.0033416748046875,0.291015625,0.294921875,0.298828125,0.298828125,131.4398739802043
post_attention_layernorm,8192,43,0.025146484375,0.294921875,0.298828125,0.302734375,0.302734375,124.86301844912143
post_attention_layernorm,8192,44,0.0054931640625,0.306640625,0.310546875,0.3125,0.3125,132.0575980597736
post_attention_layernorm,8192,45,0.00567626953125,0.314453125,0.318359375,0.3203125,0.3203125,137.60045254082058
post_attention_layernorm,8192,46,0.0091552734375,0.322265625,0.326171875,0.328125,0.328125,141.041958425236
post_attention_layernorm,8192,47,0.0120849609375,0.326171875,0.330078125,0.333984375,0.333984375,148.0270353054127
post_attention_layernorm,8192,48,0.01165771484375,0.33203125,0.3359375,0.337890625,0.337890625,151.77122836426602
post_attention_layernorm,8192,49,0.01611328125,0.337890625,0.33984375,0.3428568359374964,0.34765625,155.3858802426292
post_attention_layernorm,8192,50,0.0201416015625,0.341796875,0.345703125,0.34765625,0.34765625,155.9390003740614
post_attention_layernorm,8192,51,0.0159912109375,0.345703125,0.349609375,0.3522691406249976,0.35546875,158.415837548437
post_attention_layernorm,8192,52,0.0093994140625,0.349609375,0.353515625,0.3577751953124988,0.359375,161.22313450563965
post_attention_layernorm,8192,53,0.01025390625,0.353515625,0.357421875,0.361328125,0.361328125,164.5224601278517
post_attention_layernorm,8192,54,0.01348876953125,0.357421875,0.36095507812500216,0.3636345703124988,0.365234375,166.8134171687399
post_attention_layernorm,8192,55,0.022705078125,0.359375,0.36328125,0.365234375,0.365234375,170.09939751584892
post_attention_layernorm,8192,56,0.01348876953125,0.365234375,0.369140625,0.37109375,0.37109375,174.8007307778376
post_attention_layernorm,8192,57,0.019287109375,0.3671875,0.37109375,0.373046875,0.373046875,176.29525888824634
post_attention_layernorm,8192,58,0.014404296875,0.37109375,0.375,0.3753533203124988,0.376953125,179.36002841847966
post_attention_layernorm,8192,59,0.01220703125,0.376953125,0.37890625,0.380859375,0.380859375,180.93433405732202
post_attention_layernorm,8192,60,0.0118408203125,0.37890625,0.3828125,0.3874253906249976,0.390625,186.0409478440576
post_attention_layernorm,8192,61,0.012939453125,0.3828125,0.38671875,0.390625,0.390625,187.02589945005656
post_attention_layernorm,8192,62,0.0196533203125,0.38671875,0.390625,0.394344726562494,0.40234375,186.94641712298468
post_attention_layernorm,8192,63,0.0169677734375,0.390625,0.39453125,0.3975443359374964,0.40234375,189.03018367286367
post_attention_layernorm,8192,64,0.012939453125,0.396484375,0.40001757812500216,0.4046501953124988,0.40625,193.5775392680205
post_attention_layernorm,8192,65,0.0137939453125,0.400390625,0.404296875,0.4085564453124988,0.41015625,192.94897856506003
post_attention_layernorm,8192,66,0.0216064453125,0.404296875,0.408203125,0.4115695312499952,0.41796875,195.91631475052625
post_attention_layernorm,8192,67,0.0169677734375,0.408203125,0.41173632812500216,0.4154757812499952,0.421875,197.25775038300742
post_attention_layernorm,8192,68,0.025146484375,0.4140625,0.41796875,0.4206285156249976,0.423828125,195.26179396222182
post_attention_layernorm,8192,69,0.032470703125,0.41796875,0.419921875,0.4245347656249976,0.427734375,194.609309213158
post_attention_layernorm,8192,70,0.023681640625,0.423828125,0.427734375,0.4296875,0.4296875,195.63624428734414
post_attention_layernorm,8192,71,0.028076171875,0.4296875,0.435546875,0.4375,0.4375,200.99851315322238
post_attention_layernorm,8192,72,0.029296875,0.4375,0.44140625,0.4453125,0.4453125,193.3256351481123
post_attention_layernorm,8192,73,0.052734375,0.443359375,0.447265625,0.4518785156249976,0.455078125,195.00209876641827
post_attention_layernorm,8192,74,0.048583984375,0.451171875,0.455078125,0.45703125,0.45703125,184.49282259941273
post_attention_layernorm,8192,75,0.064453125,0.455078125,0.458984375,0.462890625,0.462890625,165.9571015119593
post_attention_layernorm,8192,76,0.0703125,0.45703125,0.4609375,0.46484375,0.46484375,162.96355297846233
post_attention_layernorm,8192,77,0.07958984375,0.451171875,0.45703125,0.4600443359374964,0.46484375,129.39152336315223
post_attention_layernorm,8192,78,0.1044921875,0.427734375,0.44298632812500216,0.4577378906249976,0.4609375,80.41763978628153
post_attention_layernorm,8192,79,0.1103515625,0.376953125,0.4129433593750065,0.45665820312498795,0.47265625,15.409938471138958
self_attn.k_proj,8388608,0,0.0,0.08447265625,0.1943359375,0.34402207031052967,0.9453125,35.15006052945255
self_attn.k_proj,8388608,1,0.0,0.091796875,0.1591796875,0.23046875,0.431640625,10.24947498748589
self_attn.k_proj,8388608,2,0.0,0.0966796875,0.1435546875,0.1962890625,0.53125,5.604381398304096
self_attn.k_proj,8388608,3,0.0,0.08349609375,0.1220703125,0.162109375,0.32421875,5.15996180536152
self_attn.k_proj,8388608,4,0.0,0.0732421875,0.11279296875,0.16015625,0.296875,5.789335787872108
self_attn.k_proj,8388608,5,0.0,0.07421875,0.11181640625,0.16796875,0.40625,5.601637723095333
self_attn.k_proj,8388608,6,0.0,0.07373046875,0.11083984375,0.1591796875,0.40625,5.272595934714555
self_attn.k_proj,8388608,7,0.0,0.0751953125,0.1103515625,0.146484375,0.2890625,5.3582385667512025
self_attn.k_proj,8388608,8,0.0,0.08056640625,0.1171875,0.154296875,0.333984375,5.272093786571497
self_attn.k_proj,8388608,9,0.0,0.07373046875,0.109375,0.1455078125,0.359375,5.460765762786592
self_attn.k_proj,8388608,10,0.0,0.0693359375,0.10546875,0.140625,0.365234375,5.979348506036181
self_attn.k_proj,8388608,11,0.0,0.0703125,0.0986328125,0.12890625,0.35546875,4.875720436104639
self_attn.k_proj,8388608,12,0.0,0.07275390625,0.103515625,0.13671875,0.31640625,4.56336866596086
self_attn.k_proj,8388608,13,0.0,0.0751953125,0.1083984375,0.1455078125,0.4296875,5.671633969835476
self_attn.k_proj,8388608,14,0.0,0.06982421875,0.099609375,0.130859375,0.333984375,4.879994638299029
self_attn.k_proj,8388608,15,0.0,0.06884765625,0.10302734375,0.138671875,0.34765625,5.9142036201978465
self_attn.k_proj,8388608,16,0.0,0.0703125,0.10302734375,0.1396484375,0.390625,5.429110046315517
self_attn.k_proj,8388608,17,0.0,0.07568359375,0.111328125,0.1455078125,0.29296875,5.212521361147853
self_attn.k_proj,8388608,18,0.0,0.068359375,0.09814453125,0.1298828125,0.330078125,5.148859973709398
self_attn.k_proj,8388608,19,0.0,0.07080078125,0.10400390625,0.140625,0.353515625,5.662541803849905
self_attn.k_proj,8388608,20,0.0,0.0712890625,0.1015625,0.1337890625,0.353515625,5.447387540967428
self_attn.k_proj,8388608,21,0.0,0.07373046875,0.10986328125,0.146484375,0.353515625,6.833834348041368
self_attn.k_proj,8388608,22,0.0,0.07177734375,0.10595703125,0.142578125,0.37890625,5.99483555080825
self_attn.k_proj,8388608,23,0.0,0.06982421875,0.1005859375,0.1337890625,0.384765625,5.12192614185141
self_attn.k_proj,8388608,24,0.0,0.06884765625,0.0966796875,0.126953125,0.357421875,4.937415069749425
self_attn.k_proj,8388608,25,0.0,0.08154296875,0.12109375,0.16015625,0.515625,6.262598617221395
self_attn.k_proj,8388608,26,0.0,0.07080078125,0.1025390625,0.13671875,0.3125,5.118938946842652
self_attn.k_proj,8388608,27,0.0,0.0693359375,0.099609375,0.1328125,0.37109375,5.657630780947998
self_attn.k_proj,8388608,28,0.0,0.06640625,0.09814453125,0.1337890625,0.3671875,5.489443335371259
self_attn.k_proj,8388608,29,0.0,0.0654296875,0.09423828125,0.1259765625,0.384765625,5.519745766017776
self_attn.k_proj,8388608,30,0.0,0.0634765625,0.10400390625,0.14453125,0.41015625,8.277437238465394
self_attn.k_proj,8388608,31,0.0,0.06494140625,0.0927734375,0.1220703125,0.365234375,5.422976646796302
self_attn.k_proj,8388608,32,0.0,0.06640625,0.095703125,0.1279296875,0.35546875,5.24155325214765
self_attn.k_proj,8388608,33,0.0,0.06787109375,0.10107421875,0.13671875,0.416015625,5.413624991004512
self_attn.k_proj,8388608,34,0.0,0.07177734375,0.103515625,0.1376953125,0.3828125,5.708220590040663
self_attn.k_proj,8388608,35,0.0,0.0654296875,0.095703125,0.12890625,0.376953125,5.715683713540609
self_attn.k_proj,8388608,36,0.0,0.06689453125,0.09521484375,0.126953125,0.419921875,5.556943866748074
self_attn.k_proj,8388608,37,0.0,0.06640625,0.09375,0.12165004882763242,0.375,5.049355925044236
self_attn.k_proj,8388608,38,0.0,0.0673828125,0.09423828125,0.12311489257763242,0.337890625,5.187808435385833
self_attn.k_proj,8388608,39,0.0,0.06591796875,0.09130859375,0.119140625,0.322265625,4.522466433339415
self_attn.k_proj,8388608,40,0.0,0.0654296875,0.0927734375,0.125,0.392578125,4.871769054587662
self_attn.k_proj,8388608,41,0.0,0.06884765625,0.1025390625,0.1376953125,0.3515625,5.5794495446175985
self_attn.k_proj,8388608,42,0.0,0.06591796875,0.09765625,0.130859375,0.3984375,5.752041437031339
self_attn.k_proj,8388608,43,0.0,0.06494140625,0.0927734375,0.1259765625,0.40234375,5.282798528245328
self_attn.k_proj,8388608,44,0.0,0.06591796875,0.09375,0.126953125,0.32421875,5.67006930848827
self_attn.k_proj,8388608,45,0.0,0.060791015625,0.0908203125,0.1259765625,0.45703125,5.771071217821497
self_attn.k_proj,8388608,46,0.0,0.0595703125,0.08642578125,0.1220703125,0.419921875,5.618899425191446
self_attn.k_proj,8388608,47,0.0,0.06689453125,0.09521484375,0.12890625,0.458984375,5.174949901498731
self_attn.k_proj,8388608,48,0.0,0.06005859375,0.08740234375,0.12255859375,0.330078125,6.596760332751429
self_attn.k_proj,8388608,49,0.0,0.056640625,0.0849609375,0.126953125,0.369140625,6.583119042700368
self_attn.k_proj,8388608,50,0.0,0.05517578125,0.0830078125,0.123046875,0.330078125,6.827953838654632
self_attn.k_proj,8388608,51,0.0,0.05712890625,0.08447265625,0.1201171875,0.357421875,5.917712879427661
self_attn.k_proj,8388608,52,0.0,0.05908203125,0.0849609375,0.11865234375,0.494140625,6.002010774910359
self_attn.k_proj,8388608,53,0.0,0.054931640625,0.08447265625,0.1259765625,0.353515625,7.758821285773003
self_attn.k_proj,8388608,54,0.0,0.0537109375,0.0830078125,0.12890625,0.3671875,7.866686977877362
self_attn.k_proj,8388608,55,0.0,0.058837890625,0.08740234375,0.1279296875,0.318359375,6.310416616960513
self_attn.k_proj,8388608,56,0.0,0.060302734375,0.0908203125,0.134765625,0.359375,7.112406546647933
self_attn.k_proj,8388608,57,0.0,0.055419921875,0.0849609375,0.1328125,0.353515625,7.68938546841409
self_attn.k_proj,8388608,58,0.0,0.056640625,0.09130859375,0.140625,0.38671875,9.148368724637347
self_attn.k_proj,8388608,59,0.0,0.0546875,0.08984375,0.1435546875,0.3671875,8.825746878578004
self_attn.k_proj,8388608,60,0.0,0.046630859375,0.08642578125,0.177734375,0.57421875,18.639843152222436
self_attn.k_proj,8388608,61,0.0,0.053466796875,0.08544921875,0.1533203125,0.455078125,10.076232637649557
self_attn.k_proj,8388608,62,0.0,0.0556640625,0.09228515625,0.1484375,0.388671875,10.066170486044584
self_attn.k_proj,8388608,63,0.0,0.0537109375,0.0849609375,0.1513671875,0.470703125,9.961400148158367
self_attn.k_proj,8388608,64,0.0,0.05908203125,0.09033203125,0.146484375,0.421875,7.845353991944258
self_attn.k_proj,8388608,65,0.0,0.05126953125,0.0869140625,0.1630859375,0.53125,13.10509395686919
self_attn.k_proj,8388608,66,0.0,0.0576171875,0.09423828125,0.1591796875,0.39453125,10.635909111720421
self_attn.k_proj,8388608,67,0.0,0.057861328125,0.0947265625,0.1796875,0.62109375,14.300284615193867
self_attn.k_proj,8388608,68,0.0,0.0556640625,0.08447265625,0.134765625,0.34375,6.465409563962258
self_attn.k_proj,8388608,69,0.0,0.056640625,0.083984375,0.1318359375,0.310546875,5.122266295826275
self_attn.k_proj,8388608,70,0.0,0.05615234375,0.08251953125,0.12890625,0.3046875,5.517088683532557
self_attn.k_proj,8388608,71,0.0,0.057861328125,0.08447265625,0.1240234375,0.34765625,4.985539030531275
self_attn.k_proj,8388608,72,0.0,0.060302734375,0.08642578125,0.126953125,0.314453125,4.887223568608206
self_attn.k_proj,8388608,73,0.0,0.05712890625,0.08203125,0.125,0.30859375,4.921450457088408
self_attn.k_proj,8388608,74,0.0,0.05908203125,0.0849609375,0.12158203125,0.373046875,4.85556027342657
self_attn.k_proj,8388608,75,0.0,0.05517578125,0.080078125,0.11767578125,0.3046875,4.834087696685173
self_attn.k_proj,8388608,76,0.0,0.05615234375,0.07861328125,0.1142578125,0.31640625,4.352558224086975
self_attn.k_proj,8388608,77,0.0,0.056640625,0.08203125,0.1181640625,0.345703125,4.8474331490083244
self_attn.k_proj,8388608,78,0.0,0.056396484375,0.08056640625,0.11572265625,0.298828125,4.704142625781122
self_attn.k_proj,8388608,79,0.0,0.058349609375,0.08544921875,0.119140625,0.38671875,4.956262517476067
self_attn.o_proj,67108864,0,0.0,0.0218505859375,0.03271484375,0.053955078125,0.5859375,32.152104221430804
self_attn.o_proj,67108864,1,0.0,0.0263671875,0.037353515625,0.06494140625,0.62890625,10.660632376654323
self_attn.o_proj,67108864,2,0.0,0.030029296875,0.041015625,0.0703125,0.4609375,5.10289229444794
self_attn.o_proj,67108864,3,0.0,0.032470703125,0.042724609375,0.058837890625,0.546875,3.9686263209892627
self_attn.o_proj,67108864,4,0.0,0.03125,0.041259765625,0.0556640625,0.51953125,4.361830462844227
self_attn.o_proj,67108864,5,0.0,0.0322265625,0.042236328125,0.05419921875,0.3125,3.3108025243472676
self_attn.o_proj,67108864,6,0.0,0.03271484375,0.042236328125,0.052978515625,0.5078125,3.6853840864881744
self_attn.o_proj,67108864,7,0.0,0.032470703125,0.042236328125,0.052978515625,0.310546875,3.1697219433819974
self_attn.o_proj,67108864,8,0.0,0.033203125,0.043701171875,0.06298828125,0.82421875,10.562950814831641
self_attn.o_proj,67108864,9,0.0,0.03369140625,0.04345703125,0.053466796875,0.51953125,3.4607451057494694
self_attn.o_proj,67108864,10,0.0,0.033447265625,0.0439453125,0.05810546875,1.140625,8.515713377786856
self_attn.o_proj,67108864,11,0.0,0.033203125,0.04345703125,0.05517578125,0.6328125,4.696547943989709
self_attn.o_proj,67108864,12,0.0,0.033447265625,0.044189453125,0.061279296875,0.470703125,3.6303898766252454
self_attn.o_proj,67108864,13,0.0,0.033935546875,0.04443359375,0.05712890625,0.95703125,5.454178901347854
self_attn.o_proj,67108864,14,0.0,0.0341796875,0.044677734375,0.055908203125,0.53515625,3.527924909232723
self_attn.o_proj,67108864,15,0.0,0.03466796875,0.045166015625,0.056396484375,0.85546875,5.605720155247088
self_attn.o_proj,67108864,16,0.0,0.03466796875,0.045166015625,0.060546875,0.4453125,3.7266000705039395
self_attn.o_proj,67108864,17,0.0,0.03466796875,0.04541015625,0.056640625,0.8203125,3.7484396472810992
self_attn.o_proj,67108864,18,0.0,0.03515625,0.0458984375,0.05712890625,1.2265625,6.938050348318099
self_attn.o_proj,67108864,19,0.0,0.03564453125,0.04638671875,0.05712890625,0.87890625,4.772532023036357
self_attn.o_proj,67108864,20,0.0,0.03466796875,0.045166015625,0.056396484375,1.96875,27.177843382813705
self_attn.o_proj,67108864,21,0.0,0.034423828125,0.044921875,0.056396484375,1.0234375,5.212871482259437
self_attn.o_proj,67108864,22,0.0,0.034912109375,0.044921875,0.054443359375,0.75390625,3.408716163004871
self_attn.o_proj,67108864,23,0.0,0.03466796875,0.045166015625,0.0556640625,1.3984375,18.632651473015404
self_attn.o_proj,67108864,24,0.0,0.03369140625,0.044677734375,0.068359375,0.7109375,4.081846007593105
self_attn.o_proj,67108864,25,0.0,0.0341796875,0.045166015625,0.058837890625,0.91796875,6.587993107534145
self_attn.o_proj,67108864,26,0.0,0.03515625,0.045654296875,0.055908203125,0.59375,3.33449529851884
self_attn.o_proj,67108864,27,0.0,0.03466796875,0.04541015625,0.05615234375,1.65625,57.02283649430834
self_attn.o_proj,67108864,28,0.0,0.03515625,0.045654296875,0.0556640625,0.53125,3.2007974664754695
self_attn.o_proj,67108864,29,0.0,0.03515625,0.04541015625,0.055419921875,1.2578125,8.745531078046877
self_attn.o_proj,67108864,30,0.0,0.034423828125,0.044677734375,0.054443359375,0.5859375,3.2922053801385576
self_attn.o_proj,67108864,31,0.0,0.034423828125,0.04443359375,0.05419921875,1.4375,39.59616734460832
self_attn.o_proj,67108864,32,0.0,0.034423828125,0.04541015625,0.0615234375,0.671875,3.9285687166688983
self_attn.o_proj,67108864,33,0.0,0.03515625,0.04638671875,0.0595703125,1.109375,5.945410999482063
self_attn.o_proj,67108864,34,0.0,0.034423828125,0.045166015625,0.056396484375,0.6171875,3.393229747476425
self_attn.o_proj,67108864,35,0.0,0.03466796875,0.046142578125,0.0595703125,1.25,5.486647358909571
self_attn.o_proj,67108864,36,0.0,0.03466796875,0.0458984375,0.060302734375,0.99609375,5.619910936278773
self_attn.o_proj,67108864,37,0.0,0.03515625,0.04638671875,0.06005859375,0.484375,3.484164578678409
self_attn.o_proj,67108864,38,0.0,0.03564453125,0.0478515625,0.0634765625,0.671875,4.155975588696822
self_attn.o_proj,67108864,39,0.0,0.035888671875,0.047607421875,0.062255859375,0.58203125,3.7858310477494532
self_attn.o_proj,67108864,40,0.0,0.036865234375,0.04833984375,0.059814453125,0.640625,3.3070432652736517
self_attn.o_proj,67108864,41,0.0,0.0361328125,0.047607421875,0.060791015625,1.46875,23.20254816328279
self_attn.o_proj,67108864,42,0.0,0.036865234375,0.04931640625,0.064453125,1.640625,18.455116726095707
self_attn.o_proj,67108864,43,0.0,0.03564453125,0.046875,0.060791015625,0.5625,3.4603609661285275
self_attn.o_proj,67108864,44,0.0,0.0380859375,0.0498046875,0.06201171875,1.0078125,12.361510518719598
self_attn.o_proj,67108864,45,0.0,0.036376953125,0.0478515625,0.06298828125,0.890625,6.563460415441661
self_attn.o_proj,67108864,46,0.0,0.0361328125,0.046875,0.05810546875,0.98828125,6.270526981301949
self_attn.o_proj,67108864,47,0.0,0.036865234375,0.048828125,0.06640625,1.3984375,44.05696798784987
self_attn.o_proj,67108864,48,0.0,0.0361328125,0.047119140625,0.05810546875,1.4453125,10.223472905793551
self_attn.o_proj,67108864,49,0.0,0.034423828125,0.045166015625,0.06103515625,0.88671875,5.216569474836244
self_attn.o_proj,67108864,50,0.0,0.03564453125,0.046142578125,0.0556640625,0.53515625,3.5024054097688455
self_attn.o_proj,67108864,51,0.0,0.03564453125,0.04638671875,0.056884765625,0.5,3.6947614535148765
self_attn.o_proj,67108864,52,0.0,0.03662109375,0.0478515625,0.0595703125,1.2578125,28.69286157584862
self_attn.o_proj,67108864,53,0.0,0.03564453125,0.046142578125,0.056640625,0.6171875,3.537064843733846
self_attn.o_proj,67108864,54,0.0,0.03564453125,0.04638671875,0.056396484375,1.234375,4.892125801475307
self_attn.o_proj,67108864,55,0.0,0.036865234375,0.0478515625,0.057861328125,0.5546875,3.2128379824798383
self_attn.o_proj,67108864,56,0.0,0.03564453125,0.046875,0.061767578125,1.328125,43.3677704171738
self_attn.o_proj,67108864,57,0.0,0.0361328125,0.046630859375,0.05615234375,0.3515625,3.099919202189204
self_attn.o_proj,67108864,58,0.0,0.034912109375,0.0458984375,0.057373046875,1.140625,4.818522045186646
self_attn.o_proj,67108864,59,0.0,0.034912109375,0.045654296875,0.056396484375,0.71875,3.509177558356114
self_attn.o_proj,67108864,60,0.0,0.0341796875,0.044189453125,0.052978515625,0.4609375,3.2652718305825585
self_attn.o_proj,67108864,61,0.0,0.03515625,0.045654296875,0.05517578125,0.54296875,3.1559106063665108
self_attn.o_proj,67108864,62,0.0,0.03466796875,0.045166015625,0.054931640625,0.4140625,3.175278645673086
self_attn.o_proj,67108864,63,0.0,0.0341796875,0.04541015625,0.056640625,1.359375,7.071326842907912
self_attn.o_proj,67108864,64,0.0,0.035888671875,0.047119140625,0.05859375,0.404296875,3.165759869867002
self_attn.o_proj,67108864,65,0.0,0.033203125,0.043701171875,0.052978515625,0.29296875,3.2995951881600964
self_attn.o_proj,67108864,66,0.0,0.03515625,0.045654296875,0.0556640625,0.55078125,3.259602478692121
self_attn.o_proj,67108864,67,0.0,0.033935546875,0.046875,0.06640625,1.6171875,20.750885051079468
self_attn.o_proj,67108864,68,0.0,0.03662109375,0.04833984375,0.059326171875,0.47265625,3.319419767852728
self_attn.o_proj,67108864,69,0.0,0.03857421875,0.051025390625,0.0634765625,0.3125,3.2437027019692573
self_attn.o_proj,67108864,70,0.0,0.036376953125,0.048583984375,0.061767578125,0.4296875,3.4105481368545103
self_attn.o_proj,67108864,71,0.0,0.03662109375,0.048095703125,0.059814453125,0.5234375,3.7114174126672506
self_attn.o_proj,67108864,72,0.0,0.03662109375,0.047607421875,0.057861328125,0.37890625,3.2145404299375553
self_attn.o_proj,67108864,73,0.0,0.03662109375,0.048095703125,0.059814453125,0.48828125,3.790494120412884
self_attn.o_proj,67108864,74,0.0,0.037109375,0.04931640625,0.06689453125,0.43359375,3.7815107497886715
self_attn.o_proj,67108864,75,0.0,0.037841796875,0.0517578125,0.068359375,0.57421875,4.931312295539985
self_attn.o_proj,67108864,76,0.0,0.041259765625,0.056884765625,0.07421875,0.49609375,3.6435742014998445
self_attn.o_proj,67108864,77,0.0,0.039306640625,0.054931640625,0.07275390625,0.765625,4.268202599629647
self_attn.o_proj,67108864,78,0.0,0.036865234375,0.051025390625,0.068359375,1.1171875,18.210405311822818
self_attn.o_proj,67108864,79,0.0,0.032470703125,0.04931640625,0.09130859375,0.51171875,7.630958168858458
self_attn.q_proj,67108864,0,0.0,0.038818359375,0.06689453125,0.12109375,0.6640625,25.47240531212264
self_attn.q_proj,67108864,1,0.0,0.05078125,0.08984375,0.13671875,0.43359375,13.050064924235038
self_attn.q_proj,67108864,2,0.0,0.054931640625,0.08349609375,0.1142578125,0.30859375,5.562771397183609
self_attn.q_proj,67108864,3,0.0,0.048828125,0.0712890625,0.09765625,0.451171875,5.1015898060349105
self_attn.q_proj,67108864,4,0.0,0.045166015625,0.0654296875,0.0888671875,0.5859375,4.905973309406296
self_attn.q_proj,67108864,5,0.0,0.046630859375,0.0673828125,0.091796875,0.59765625,4.598714791634046
self_attn.q_proj,67108864,6,0.0,0.049072265625,0.07421875,0.10546875,0.478515625,5.036503914327247
self_attn.q_proj,67108864,7,0.0,0.048095703125,0.0703125,0.09521484375,0.443359375,4.677925204557734
self_attn.q_proj,67108864,8,0.0,0.048095703125,0.06884765625,0.09375,0.447265625,4.460259163145837
self_attn.q_proj,67108864,9,0.0,0.0439453125,0.06298828125,0.08349609375,0.404296875,4.390923247518791
self_attn.q_proj,67108864,10,0.0,0.04296875,0.06201171875,0.08251953125,0.5234375,5.0429938194934225
self_attn.q_proj,67108864,11,0.0,0.044189453125,0.062255859375,0.08056640625,0.283203125,4.551556673656405
self_attn.q_proj,67108864,12,0.0,0.044677734375,0.0634765625,0.0859375,0.287109375,4.166839519272102
self_attn.q_proj,67108864,13,0.0,0.045654296875,0.06591796875,0.087890625,0.49609375,4.917940567015658
self_attn.q_proj,67108864,14,0.0,0.04541015625,0.064453125,0.0859375,0.46875,4.3248546314995435
self_attn.q_proj,67108864,15,0.0,0.04296875,0.062255859375,0.08203125,0.478515625,5.090240477732467
self_attn.q_proj,67108864,16,0.0,0.04345703125,0.0634765625,0.08642578125,0.49609375,4.966817605957359
self_attn.q_proj,67108864,17,0.0,0.046142578125,0.06591796875,0.087890625,0.486328125,4.539185730276765
self_attn.q_proj,67108864,18,0.0,0.04345703125,0.0625,0.0830078125,0.244140625,4.6853156629006545
self_attn.q_proj,67108864,19,0.0,0.042724609375,0.06201171875,0.083984375,0.443359375,4.811515524643489
self_attn.q_proj,67108864,20,0.0,0.04248046875,0.059814453125,0.07763671875,0.423828125,4.69518787071838
self_attn.q_proj,67108864,21,0.0,0.042236328125,0.062255859375,0.0830078125,0.25,5.559649321384781
self_attn.q_proj,67108864,22,0.0,0.04052734375,0.059814453125,0.0830078125,0.2578125,5.313997640890456
self_attn.q_proj,67108864,23,0.0,0.041748046875,0.058837890625,0.07666015625,0.4296875,4.6980907493614215
self_attn.q_proj,67108864,24,0.0,0.042236328125,0.060302734375,0.080078125,0.2294921875,4.656279105351244
self_attn.q_proj,67108864,25,0.0,0.045654296875,0.06689453125,0.0888671875,0.55078125,5.351096820644303
self_attn.q_proj,67108864,26,0.0,0.04296875,0.0625,0.08447265625,0.3671875,4.579002666474538
self_attn.q_proj,67108864,27,0.0,0.04052734375,0.058837890625,0.0791015625,0.546875,5.447534703587695
self_attn.q_proj,67108864,28,0.0,0.041015625,0.060302734375,0.08056640625,0.2451171875,5.005221756792146
self_attn.q_proj,67108864,29,0.0,0.040771484375,0.060302734375,0.08203125,0.2138671875,5.294440891139013
self_attn.q_proj,67108864,30,0.0,0.0361328125,0.055419921875,0.07568359375,0.244140625,6.217116099593143
self_attn.q_proj,67108864,31,0.0,0.0400390625,0.057373046875,0.07421875,0.66796875,5.270672559664906
self_attn.q_proj,67108864,32,0.0,0.0400390625,0.056640625,0.07470703125,0.455078125,4.656860825038343
self_attn.q_proj,67108864,33,0.0,0.042724609375,0.061279296875,0.08154296875,0.26171875,4.427234221052061
self_attn.q_proj,67108864,34,0.0,0.041748046875,0.060546875,0.07958984375,0.2353515625,5.177879711919088
self_attn.q_proj,67108864,35,0.0,0.040771484375,0.05908203125,0.0791015625,0.2158203125,5.001682112981134
self_attn.q_proj,67108864,36,0.0,0.041748046875,0.0595703125,0.07861328125,0.267578125,4.909579189879103
self_attn.q_proj,67108864,37,0.0,0.04150390625,0.057861328125,0.0751953125,0.21484375,4.351300955452767
self_attn.q_proj,67108864,38,0.0,0.04345703125,0.0634765625,0.08642578125,0.484375,4.950146960957086
self_attn.q_proj,67108864,39,0.0,0.04443359375,0.06298828125,0.08251953125,0.21484375,4.260525090116418
self_attn.q_proj,67108864,40,0.0,0.044677734375,0.06494140625,0.0888671875,0.3515625,4.748192474259655
self_attn.q_proj,67108864,41,0.0,0.04296875,0.061767578125,0.08251953125,0.53125,4.857337056238282
self_attn.q_proj,67108864,42,0.0,0.042236328125,0.060791015625,0.08056640625,0.419921875,4.792985356383507
self_attn.q_proj,67108864,43,0.0,0.042236328125,0.0615234375,0.08154296875,0.498046875,5.197463188323694
self_attn.q_proj,67108864,44,0.0,0.044677734375,0.06494140625,0.08642578125,0.486328125,5.0204172464162085
self_attn.q_proj,67108864,45,0.0,0.03857421875,0.057373046875,0.07763671875,0.2431640625,4.923592997108848
self_attn.q_proj,67108864,46,0.0,0.0380859375,0.0546875,0.072265625,0.2255859375,4.7723657758307825
self_attn.q_proj,67108864,47,0.0,0.041259765625,0.058349609375,0.078125,0.61328125,4.907656087903604
self_attn.q_proj,67108864,48,0.0,0.03662109375,0.052734375,0.07080078125,0.421875,5.586542818771552
self_attn.q_proj,67108864,49,0.0,0.033203125,0.049072265625,0.068359375,0.255859375,5.531745310528399
self_attn.q_proj,67108864,50,0.0,0.034912109375,0.052001953125,0.072265625,0.2265625,5.569674363731118
self_attn.q_proj,67108864,51,0.0,0.03662109375,0.0537109375,0.07275390625,0.287109375,5.312795813570407
self_attn.q_proj,67108864,52,0.0,0.039306640625,0.055908203125,0.07470703125,0.6484375,5.212372773251622
self_attn.q_proj,67108864,53,0.0,0.033203125,0.050048828125,0.06982421875,0.33984375,5.788032130944045
self_attn.q_proj,67108864,54,0.0,0.0341796875,0.051513671875,0.07080078125,0.25390625,5.832142197035233
self_attn.q_proj,67108864,55,0.0,0.037353515625,0.05419921875,0.07275390625,0.26953125,5.137531403293709
self_attn.q_proj,67108864,56,0.0,0.035400390625,0.052734375,0.0751953125,0.65234375,6.228803850350928
self_attn.q_proj,67108864,57,0.0,0.033935546875,0.05078125,0.0693359375,0.208984375,5.282768250776089
self_attn.q_proj,67108864,58,0.0,0.03369140625,0.0517578125,0.0712890625,0.2421875,6.133203348127439
self_attn.q_proj,67108864,59,0.0,0.031982421875,0.0498046875,0.07177734375,0.3828125,7.244393891725026
self_attn.q_proj,67108864,60,0.0,0.02587890625,0.0390625,0.061279296875,0.232421875,5.948916431856227
self_attn.q_proj,67108864,61,0.0,0.0302734375,0.046142578125,0.06689453125,0.2470703125,5.675426725866715
self_attn.q_proj,67108864,62,0.0,0.03173828125,0.05029296875,0.07080078125,0.23828125,6.229252042475997
self_attn.q_proj,67108864,63,0.0,0.031005859375,0.04736328125,0.0703125,0.361328125,7.985549751946248
self_attn.q_proj,67108864,64,0.0,0.033203125,0.049560546875,0.072265625,0.2578125,5.411561993066769
self_attn.q_proj,67108864,65,0.0,0.027587890625,0.041259765625,0.06298828125,0.234375,6.02234653217149
self_attn.q_proj,67108864,66,0.0,0.033447265625,0.0517578125,0.07275390625,0.2236328125,6.136869480104778
self_attn.q_proj,67108864,67,0.0,0.0306396484375,0.050048828125,0.07958984375,0.515625,9.24446957716433
self_attn.q_proj,67108864,68,0.0,0.03369140625,0.0498046875,0.07080078125,0.2197265625,5.03036813248755
self_attn.q_proj,67108864,69,0.0,0.035400390625,0.052001953125,0.07666015625,0.47265625,6.488557526027275
self_attn.q_proj,67108864,70,0.0,0.035400390625,0.0517578125,0.076171875,0.3359375,5.206064248804304
self_attn.q_proj,67108864,71,0.0,0.037109375,0.05419921875,0.076171875,0.20703125,4.605556916943799
self_attn.q_proj,67108864,72,0.0,0.037841796875,0.053466796875,0.07373046875,0.248046875,4.213561123578709
self_attn.q_proj,67108864,73,0.0,0.035888671875,0.050537109375,0.07080078125,0.4609375,4.691668266072623
self_attn.q_proj,67108864,74,0.0,0.03955078125,0.05712890625,0.07958984375,0.333984375,4.731443211597361
self_attn.q_proj,67108864,75,0.0,0.037109375,0.052978515625,0.07275390625,0.3203125,4.437985615106247
self_attn.q_proj,67108864,76,0.0,0.039794921875,0.0556640625,0.07568359375,0.359375,4.225689524275516
self_attn.q_proj,67108864,77,0.0,0.03857421875,0.0556640625,0.0771484375,0.36328125,4.582166086840849
self_attn.q_proj,67108864,78,0.0,0.037841796875,0.05322265625,0.0712890625,0.271484375,4.458688824969612
self_attn.q_proj,67108864,79,0.0,0.037109375,0.053955078125,0.0751953125,0.314453125,4.872821931162308
self_attn.v_proj,8388608,0,0.0,0.0250244140625,0.034912109375,0.044189453125,0.07080078125,4.045211542157932
self_attn.v_proj,8388608,1,0.0,0.025146484375,0.03466796875,0.043212890625,0.07421875,4.341023975830825
self_attn.v_proj,8388608,2,0.0,0.0250244140625,0.033203125,0.040283203125,0.10595703125,3.417559656888608
self_attn.v_proj,8388608,3,0.0,0.028564453125,0.037353515625,0.044921875,0.07470703125,3.247632509190879
self_attn.v_proj,8388608,4,0.0,0.0284423828125,0.0380859375,0.04638671875,0.103515625,3.5009484421326706
self_attn.v_proj,8388608,5,0.0,0.028076171875,0.036865234375,0.044677734375,0.0703125,3.2236495068799775
self_attn.v_proj,8388608,6,0.0,0.0281982421875,0.036865234375,0.04443359375,0.060546875,3.1677343079474034
self_attn.v_proj,8388608,7,0.0,0.027587890625,0.03662109375,0.044677734375,0.08837890625,3.248622282282896
self_attn.v_proj,8388608,8,0.0,0.0279541015625,0.036865234375,0.044677734375,0.0830078125,3.209895702899422
self_attn.v_proj,8388608,9,0.0,0.0311279296875,0.04052734375,0.048828125,0.115234375,3.207447537683295
self_attn.v_proj,8388608,10,0.0,0.03271484375,0.0419921875,0.050048828125,0.0751953125,3.0618483310128135
self_attn.v_proj,8388608,11,0.0,0.0308837890625,0.039794921875,0.047607421875,0.08544921875,3.0842996781835907
self_attn.v_proj,8388608,12,0.0,0.0322265625,0.04150390625,0.049560546875,0.1162109375,3.102099116082785
self_attn.v_proj,8388608,13,0.0,0.031005859375,0.040283203125,0.04833984375,0.07275390625,3.1863073552970325
self_attn.v_proj,8388608,14,0.0,0.03076171875,0.0400390625,0.0478515625,0.06640625,3.121978174884965
self_attn.v_proj,8388608,15,0.0,0.033447265625,0.04345703125,0.052001953125,0.07666015625,3.17878236882887
self_attn.v_proj,8388608,16,0.0,0.03271484375,0.04248046875,0.05078125,0.07763671875,3.0893570252981783
self_attn.v_proj,8388608,17,0.0,0.03271484375,0.043212890625,0.05224609375,0.08056640625,3.295055441451759
self_attn.v_proj,8388608,18,0.0,0.034912109375,0.04541015625,0.054443359375,0.083984375,3.1353054566009675
self_attn.v_proj,8388608,19,0.0,0.035888671875,0.046630859375,0.0556640625,0.0859375,3.1422017391626667
self_attn.v_proj,8388608,20,0.0,0.033935546875,0.04443359375,0.053466796875,0.19140625,3.21787377080359
self_attn.v_proj,8388608,21,0.0,0.033447265625,0.04345703125,0.0517578125,0.09228515625,3.1657587410665324
self_attn.v_proj,8388608,22,0.0,0.037109375,0.048828125,0.05908203125,0.15234375,3.1832371740253445
self_attn.v_proj,8388608,23,0.0,0.035888671875,0.047119140625,0.056884765625,0.08154296875,3.1487259316358176
self_attn.v_proj,8388608,24,0.0,0.032958984375,0.04296875,0.0517578125,0.1396484375,3.1060375235456137
self_attn.v_proj,8388608,25,0.0,0.031982421875,0.04150390625,0.050048828125,0.07177734375,3.143224244734636
self_attn.v_proj,8388608,26,0.0,0.0341796875,0.044189453125,0.052978515625,0.07275390625,3.0854049865624233
self_attn.v_proj,8388608,27,0.0,0.03662109375,0.04736328125,0.05615234375,0.09130859375,3.083992913375633
self_attn.v_proj,8388608,28,0.0,0.03759765625,0.048583984375,0.057861328125,0.08837890625,3.069695326405639
self_attn.v_proj,8388608,29,0.0,0.036865234375,0.047607421875,0.05712890625,0.0791015625,3.09232904784364
self_attn.v_proj,8388608,30,0.0,0.037841796875,0.048828125,0.05810546875,0.1083984375,3.0757308855580843
self_attn.v_proj,8388608,31,0.0,0.036865234375,0.0478515625,0.057373046875,0.083984375,3.1420491922877716
self_attn.v_proj,8388608,32,0.0,0.036376953125,0.046875,0.055908203125,0.078125,3.0801045942281253
self_attn.v_proj,8388608,33,0.0,0.035888671875,0.047119140625,0.05712890625,0.0791015625,3.1735263099370625
self_attn.v_proj,8388608,34,0.0,0.03662109375,0.04736328125,0.056884765625,0.0869140625,3.119339162249519
self_attn.v_proj,8388608,35,0.0,0.03662109375,0.0478515625,0.0576171875,0.0830078125,3.2031832698155327
self_attn.v_proj,8388608,36,0.0,0.037109375,0.048095703125,0.0576171875,0.12451171875,3.182064539281225
self_attn.v_proj,8388608,37,0.0,0.037353515625,0.04833984375,0.057861328125,0.10546875,3.1721460323981066
self_attn.v_proj,8388608,38,0.0,0.035888671875,0.046630859375,0.055908203125,0.078125,3.1554339319261575
self_attn.v_proj,8388608,39,0.0,0.03662109375,0.0478515625,0.0576171875,0.08837890625,3.1470636176773747
self_attn.v_proj,8388608,40,0.0,0.0390625,0.051025390625,0.061279296875,0.1318359375,3.181109120767753
self_attn.v_proj,8388608,41,0.0,0.03759765625,0.048828125,0.05859375,0.0869140625,3.124193225099644
self_attn.v_proj,8388608,42,0.0,0.03955078125,0.052001953125,0.06298828125,0.08984375,3.2340353998335143
self_attn.v_proj,8388608,43,0.0,0.038818359375,0.051025390625,0.061279296875,0.08642578125,3.1823280780476644
self_attn.v_proj,8388608,44,0.0,0.040283203125,0.052734375,0.0634765625,0.10791015625,3.1640367914678467
self_attn.v_proj,8388608,45,0.0,0.041748046875,0.054443359375,0.06591796875,0.11669921875,3.143517272726959
self_attn.v_proj,8388608,46,0.0,0.041015625,0.052734375,0.0625,0.0908203125,3.045544161801887
self_attn.v_proj,8388608,47,0.0,0.040771484375,0.05322265625,0.06396484375,0.111328125,3.2576320686818523
self_attn.v_proj,8388608,48,0.0,0.042236328125,0.055419921875,0.0673828125,0.095703125,3.1351699891838414
self_attn.v_proj,8388608,49,0.0,0.04150390625,0.053955078125,0.064453125,0.0859375,3.1266154960131294
self_attn.v_proj,8388608,50,0.0,0.04248046875,0.05517578125,0.0654296875,0.08935546875,3.1572656354181743
self_attn.v_proj,8388608,51,0.0,0.043701171875,0.056884765625,0.068359375,0.1015625,3.1861052962546372
self_attn.v_proj,8388608,52,0.0,0.043212890625,0.05615234375,0.06689453125,0.0966796875,3.2018983431666914
self_attn.v_proj,8388608,53,0.0,0.04443359375,0.058349609375,0.07080078125,0.1123046875,3.1945412196768697
self_attn.v_proj,8388608,54,0.0,0.04443359375,0.058349609375,0.0703125,0.1015625,3.28300070070239
self_attn.v_proj,8388608,55,0.0,0.044921875,0.058349609375,0.0703125,0.1025390625,3.1062258758457846
self_attn.v_proj,8388608,56,0.0,0.044189453125,0.0576171875,0.06884765625,0.0966796875,3.2687720100745086
self_attn.v_proj,8388608,57,0.0,0.045166015625,0.05859375,0.0703125,0.10595703125,3.11288791399481
self_attn.v_proj,8388608,58,0.0,0.043212890625,0.056396484375,0.068359375,0.11279296875,3.124364115947001
self_attn.v_proj,8388608,59,0.0,0.0439453125,0.05712890625,0.068359375,0.09423828125,3.140502565644081
self_attn.v_proj,8388608,60,0.0,0.0439453125,0.056884765625,0.06787109375,0.095703125,3.159989254392609
self_attn.v_proj,8388608,61,0.0,0.044677734375,0.05810546875,0.0693359375,0.09521484375,3.1116149348924376
self_attn.v_proj,8388608,62,0.0,0.0439453125,0.056884765625,0.0673828125,0.09326171875,3.083550143935314
self_attn.v_proj,8388608,63,0.0,0.044189453125,0.05859375,0.07177734375,0.1025390625,3.2717803755208825
self_attn.v_proj,8388608,64,0.0,0.044921875,0.057861328125,0.068359375,0.0966796875,3.057794215165398
self_attn.v_proj,8388608,65,0.0,0.04345703125,0.05712890625,0.0693359375,0.103515625,3.291911773074779
self_attn.v_proj,8388608,66,0.0,0.043212890625,0.0556640625,0.06640625,0.09130859375,3.0859600040731405
self_attn.v_proj,8388608,67,0.0,0.045166015625,0.06005859375,0.072265625,0.09814453125,3.7920928603191832
self_attn.v_proj,8388608,68,0.0,0.048583984375,0.0654296875,0.08056640625,0.1171875,3.2862336353127506
self_attn.v_proj,8388608,69,0.0,0.05029296875,0.06591796875,0.0791015625,0.11572265625,3.1423384837438935
self_attn.v_proj,8388608,70,0.0,0.047119140625,0.0615234375,0.07373046875,0.10595703125,3.1521020442501717
self_attn.v_proj,8388608,71,0.0,0.046630859375,0.061279296875,0.07421875,0.11279296875,3.1784335072501593
self_attn.v_proj,8388608,72,0.0,0.046142578125,0.059814453125,0.07177734375,0.10205078125,3.1228270858935985
self_attn.v_proj,8388608,73,0.0,0.049072265625,0.06396484375,0.0771484375,0.1103515625,3.124112934599909
self_attn.v_proj,8388608,74,0.0,0.046875,0.061279296875,0.07379848632763242,0.10693359375,3.2238377298559726
self_attn.v_proj,8388608,75,0.0,0.051513671875,0.06982421875,0.08642578125,0.1181640625,3.3397791368560226
self_attn.v_proj,8388608,76,0.0,0.054931640625,0.07421875,0.09033203125,0.138671875,3.4005134850258902
self_attn.v_proj,8388608,77,0.0,0.052734375,0.06982421875,0.08447265625,0.11669921875,3.3874834975490855
self_attn.v_proj,8388608,78,0.0,0.04833984375,0.06494140625,0.08056640625,0.138671875,3.384841350887811
self_attn.v_proj,8388608,79,0.0,0.04150390625,0.05810546875,0.0732421875,0.1142578125,3.815418155285609
