model,algo,config,bpp,attempt,ppl_wikitext,ppl_c4,load_mem_allot,model_storage_size,quant_duration,param_count
Qwen3.5-9B,bnb,b8g128,8.13,,8.2207,11.756,10.24,10.24,0,9000000000
Qwen3.5-9B,bnb,b4g64,4.25,,8.4621,12.0673,7.12,7.12,3.8200972080230713,9000000000
Qwen3.5-2B,bnb,b8g128,8.13,,11.78,16.954,2.23,2.23,2.811291217803955,2000000000
Qwen3.5-4B,bnb,b8g128,8.13,,9.238,13.4537,4.51,4.51,5.548757791519165,4000000000
Qwen3.5-2B,bnb,b4g64,4.25,,12.3053,17.9482,1.61,1.61,2.3397908210754395,2000000000
Qwen3.5-4B,bnb,b4g64,4.25,,9.9809,13.9025,2.9,2.9,2.8312790393829346,4000000000
Qwen3.5-4B,awq,b4g32,4.51,,9.357,13.6601,5.29,5.29,567.0703585147858,4000000000
Qwen3.5-9B,awq,b4g32,4.51,,8.461,11.9216,10.96,10.96,983.1591565608978,9000000000
Qwen3.5-4B,awq,b4g128,4.13,,9.5053,13.8479,5.15,5.15,491.5282211303711,4000000000
Qwen3.5-4B,awq,b4g64,4.25,,9.3731,13.7215,5.2,5.2,513.8567271232605,4000000000
Qwen3.5-2B,awq,b4g128,4.13,,12.6429,17.8486,2.87,2.87,259.39180874824524,2000000000
Qwen3.5-2B,awq,b4g64,4.25,,12.355,17.6432,2.88,2.88,285.58462262153625,2000000000
Qwen3.5-9B,awq,b4g128,4.13,,8.6393,12.0775,10.67,10.67,748.0911507606506,9000000000
Qwen3.5-2B,awq,b4g32,4.51,,11.9827,17.4427,2.92,2.92,281.366149187088,2000000000
Qwen3.5-9B,awq,b4g64,4.25,,8.4082,12,10.77,10.77,855.5035943984985,9000000000
Qwen3.5-2B,fp16,base,16,,11.6791,16.8597,3.51,4.24,,2000000000
Qwen3.5-9B,fp16,base,16,,8.2408,11.6886,16.68,17.98,,9000000000
Qwen3.5-9B,gptq,b3g64,3.25,,8.8916,12.7683,7.8,7.76,613.6590588092804,9000000000
Qwen3.5-9B,gptq,b3g32,3.51,,8.4275,12.5773,8.11,8,616.423992395401,9000000000
Qwen3.5-2B,gptq,b4g64,4.25,,12.4316,17.4447,2.41,2.37,216.45211029052732,2000000000
Qwen3.5-4B,gptq,b8g64,8.25,,9.1399,13.3946,5.56,5.52,411.6405487060547,4000000000
Qwen3.5-2B,gptq,b4g32,4.51,,12.3378,17.3926,2.5,2.42,217.4315252304077,2000000000
Qwen3.5-4B,gptq,b4g128,4.13,,9.6924,13.7501,3.82,3.77,409.85187792778015,4000000000
Qwen3.5-9B,gptq,b3g128,3.13,,9.5104,13.0911,7.66,7.64,610.9701697826385,9000000000
Qwen3.5-4B,gptq,b8g32,8.51,,9.15,13.3964,5.76,5.67,414.22618770599365,4000000000
Qwen3.5-2B,gptq,b3g128,3.13,,15.8837,21.5348,2.21,2.19,219.0821537971497,2000000000
Qwen3.5-2B,gptq,b3g64,3.25,,15.1637,20.1265,2.25,2.21,219.7329788208008,2000000000
Qwen3.5-9B,gptq,b4g128,4.13,,8.2114,11.9368,8.49,8.45,600.4276251792908,9000000000
Qwen3.5-2B,gptq,b8g64,8.25,,11.6711,16.86,3.06,3.02,216.84812831878665,2000000000
Qwen3.5-4B,gptq,b8g128,8.13,,9.1307,13.3939,5.46,5.44,410.2384259700775,4000000000
Qwen3.5-4B,gptq,b3g32,3.51,,10.5329,14.7022,3.74,3.53,419.9095797538757,4000000000
Qwen3.5-9B,gptq,b8g128,8.13,,8.2529,11.6904,11.71,11.7,602.732262134552,9000000000
Qwen3.5-2B,gptq,b3g32,3.51,,14.2377,19.4589,2.34,2.26,220.6667387485504,2000000000
Qwen3.5-2B,gptq,b4g128,4.13,,12.5937,17.6903,2.37,2.35,215.84048080444336,2000000000
Qwen3.5-4B,gptq,b3g64,3.25,,10.7528,15.0034,3.51,3.41,418.03338289260864,4000000000
Qwen3.5-2B,gptq,b8g32,8.51,,11.6756,16.8597,3.16,3.08,217.549143075943,2000000000
Qwen3.5-4B,gptq,b3g128,3.13,,11.1321,15.3862,3.4,3.35,416.66697812080383,4000000000
Qwen3.5-9B,gptq,b8g32,8.51,,8.2414,11.6872,12.2,12.15,604.8508956432343,9000000000
Qwen3.5-2B,gptq,b8g128,8.13,,11.6797,16.8564,3.01,2.99,215.73416829109192,2000000000
Qwen3.5-9B,gptq,b8g64,8.25,,8.2441,11.6891,11.87,11.85,603.6496362686157,9000000000
Qwen3.5-4B,gptq,b4g32,4.51,,9.5679,13.6523,4.17,3.96,413.64131712913513,4000000000
Qwen3.5-4B,gptq,b4g64,4.25,,9.4562,13.7171,3.94,3.83,411.06440448760986,4000000000
Qwen3.5-9B,gptq,b4g32,4.51,,8.1705,11.8447,9.01,8.83,605.9588570594788,9000000000
Qwen3.5-9B,gptq,b4g64,4.25,,8.3083,11.8938,8.66,8.58,603.3325672149658,9000000000
Qwen3.5-9B,hqq,b4g128,4.13,,8.7188,12.0514,10.28,10.28,20.406242847442627,9000000000
Qwen3.5-4B,hqq,b3g64,3.25,,10.6503,15.1086,5.98,5.98,10.110746383666992,4000000000
Qwen3.5-2B,hqq,b8g128,8.13,,11.7143,16.8586,4.17,4.17,2.681431293487549,2000000000
Qwen3.5-2B,hqq,b4g128,4.13,,12.3464,17.8274,3.71,3.71,3.1195828914642334,2000000000
Qwen3.5-2B,hqq,b2g64,2.25,,233.5232,224.2397,3.51,3.51,3.108539342880249,2000000000
Qwen3.5-2B,hqq,b8g32,8.51,,11.6727,16.8477,4.26,4.26,2.9126694202423096,2000000000
Qwen3.5-9B,hqq,b8g64,8.25,,8.2468,11.6849,12.9,12.9,18.58454728126526,9000000000
Qwen3.5-9B,hqq,b4g64,4.25,,8.5449,11.9417,10.43,10.43,19.95913004875183,9000000000
Qwen3.5-9B,hqq,b2g64,2.25,,174.843,176.5975,9.2,9.2,19.05396413803101,9000000000
Qwen3.5-2B,hqq,b3g64,3.25,,14.7433,20.7189,3.65,3.65,3.305943727493286,2000000000
Qwen3.5-2B,hqq,b2g16,3.02,,25.4173,33.0995,3.68,3.68,3.2044620513916016,2000000000
Qwen3.5-9B,hqq,b3g32,3.51,,9.224,12.6108,10.25,10.24,21.77856707572937,9000000000
Qwen3.5-4B,hqq,b2g64,2.25,,49.172,61.6054,5.62,5.62,8.68039846420288,4000000000
Qwen3.5-4B,hqq,b4g128,4.13,,9.4226,13.8313,6.14,6.14,9.779460668563845,4000000000
Qwen3.5-4B,hqq,b3g32,3.51,,10.1777,14.5357,6.13,6.12,9.729926824569702,4000000000
Qwen3.5-2B,hqq,b4g64,4.25,,12.3989,17.6626,3.74,3.74,3.259502410888672,2000000000
Qwen3.5-9B,hqq,b3g128,3.13,,8.8892,13.6882,9.78,9.78,23.26959872245789,9000000000
Qwen3.5-4B,hqq,b8g32,8.51,,9.1452,13.3912,7.56,7.55,7.975534915924072,4000000000
Qwen3.5-9B,hqq,b3g64,3.25,,9.4473,13.1499,9.94,9.94,21.89649534225464,9000000000
Qwen3.5-9B,hqq,b8g32,8.51,,8.2396,11.6862,13.21,13.21,16.984254121780396,9000000000
Qwen3.5-2B,hqq,b4g32,4.51,,11.9541,17.3535,3.8,3.8,3.1990320682525635,2000000000
Qwen3.5-4B,hqq,b8g64,8.25,,9.1606,13.3917,7.41,7.41,8.434076309204102,4000000000
Qwen3.5-4B,hqq,b3g128,3.13,,10.7862,15.7781,5.9,5.9,9.647890329360962,4000000000
Qwen3.5-2B,hqq,b2g32,2.51,,50.5691,62.4298,3.57,3.57,3.3378498554229736,2000000000
Qwen3.5-4B,hqq,b8g128,8.13,,9.1418,13.3923,7.33,7.33,7.469387531280518,4000000000
Qwen3.5-2B,hqq,b8g64,8.25,,11.6834,16.851,4.2,4.2,2.833146333694458,2000000000
Qwen3.5-9B,hqq,b2g16,3.02,,13.3256,18.1732,10.12,10.12,18.145265102386475,9000000000
Qwen3.5-4B,hqq,b4g64,4.25,,9.3762,13.7116,6.21,6.21,9.583334922790527,4000000000
Qwen3.5-9B,hqq,b4g32,4.51,,8.4251,11.8977,10.74,10.74,18.97926139831543,9000000000
Qwen3.5-2B,hqq,b3g128,3.13,,16.5348,22.7264,3.62,3.62,3.156493186950684,2000000000
Qwen3.5-4B,hqq,b2g32,2.51,,23.0058,28.1977,5.77,5.77,8.18926453590393,4000000000
Qwen3.5-9B,hqq,b2g32,2.51,,25.7023,36.6323,9.5,9.5,18.458730459213257,9000000000
Qwen3.5-9B,hqq,b8g128,8.13,,8.2395,11.6865,12.74,12.74,15.849071979522703,9000000000
Qwen3.5-2B,hqq,b3g32,3.51,,13.2129,19.3689,3.71,3.7,3.248537540435791,2000000000
Qwen3.5-4B,hqq,b4g32,4.51,,9.2625,13.6249,6.36,6.36,8.857075691223145,4000000000
Qwen3.5-4B,hqq,b2g16,3.02,,14.2922,19.3776,6.07,6.07,8.676561832427979,4000000000
Qwen3.5-4B,fp16,base,16,,9.1582,13.3954,7.83,8.68,,4000000000
Qwen3.5-4B,mxq,4_25,4.25,kurt-boost-2-0,9.3637,13.7047,6.32,6.25,8.258919954299927,4000000000
Qwen3.5-9B,mxq,3_25,3.25,kurt-boost-2-0,8.8708,12.8604,10.07,9.98,22.424005270004272,9000000000
Qwen3.5-2B,mxq,4_13,4.13,kurt-boost-2-0,12.4255,17.7743,3.72,3.72,2.8315365314483643,2000000000
Qwen3.5-2B,mxq,4_51,4.51,kurt-boost-2-0,11.9649,17.3473,3.84,3.83,2.7825253009796143,2000000000
Qwen3.5-2B,mxq,3_13,3.13,kurt-boost-2-0,14.93,20.8112,3.65,3.64,3.068188428878784,2000000000
Qwen3.5-2B,mxq,3_25,3.25,kurt-boost-2-0,13.5734,19.4111,3.67,3.66,2.985569715499878,2000000000
Qwen3.5-2B,mxq,3_51,3.51,kurt-boost-2-0,12.5623,18.5489,3.72,3.71,3.0046725273132324,2000000000
Qwen3.5-4B,mxq,3_51,3.51,kurt-boost-2-0,10.0354,14.3514,6.17,6.13,8.263712882995605,4000000000
Qwen3.5-4B,mxq,3_13,3.13,kurt-boost-2-0,10.3228,15.3229,5.95,5.93,8.841165781021118,4000000000
Qwen3.5-9B,mxq,4_13,4.13,kurt-boost-2-0,8.6975,12.0396,10.32,10.3,20.62171959877014,9000000000
Qwen3.5-4B,mxq,4_51,4.51,kurt-boost-2-0,9.2834,13.6222,6.46,6.38,9.144691228866575,4000000000
Qwen3.5-9B,mxq,4_25,4.25,kurt-boost-2-0,8.5377,11.9354,10.54,10.52,19.83076119422913,9000000000
Qwen3.5-9B,mxq,3_51,3.51,kurt-boost-2-0,9.1175,12.4651,10.35,10.26,21.3854296207428,9000000000
Qwen3.5-4B,mxq,3_25,3.25,kurt-boost-2-0,10.3717,14.8023,6.01,6,10.011680364608765,4000000000
Qwen3.5-2B,mxq,4_25,4.25,kurt-boost-2-0,12.3841,17.5469,3.78,3.78,2.750650644302368,2000000000
Qwen3.5-9B,mxq,3_13,3.13,kurt-boost-2-0,8.5539,13.2885,9.93,9.84,22.806918144226078,9000000000
Qwen3.5-4B,mxq,4_13,4.13,kurt-boost-2-0,9.4054,13.807,6.23,6.15,9.616393804550173,4000000000
Qwen3.5-9B,mxq,4_51,4.51,kurt-boost-2-0,8.5025,11.8966,10.82,10.8,19.811094760894772,9000000000
Qwen3.5-4B,mxq,4_25,4.25,kurt-boost-2-1,9.3702,13.7089,6.3,6.22,8.017542123794556,4000000000
Qwen3.5-9B,mxq,3_25,3.25,kurt-boost-2-1,8.8813,12.8741,10.07,9.98,22.6012601852417,9000000000
Qwen3.5-2B,mxq,4_13,4.13,kurt-boost-2-1,12.3078,17.7876,3.72,3.72,2.8406405448913574,2000000000
Qwen3.5-2B,mxq,4_51,4.51,kurt-boost-2-1,11.9911,17.3821,3.81,3.81,3.673916101455689,2000000000
Qwen3.5-2B,mxq,3_13,3.13,kurt-boost-2-1,15.0731,20.9652,3.65,3.63,3.06430983543396,2000000000
Qwen3.5-2B,mxq,3_25,3.25,kurt-boost-2-1,13.7935,19.5254,3.67,3.66,3.0002880096435547,2000000000
Qwen3.5-2B,mxq,3_51,3.51,kurt-boost-2-1,12.566,18.6358,3.72,3.71,3.0168864727020264,2000000000
Qwen3.5-4B,mxq,3_51,3.51,kurt-boost-2-1,10.0415,14.3639,6.17,6.13,8.294418811798096,4000000000
Qwen3.5-4B,mxq,3_13,3.13,kurt-boost-2-1,10.3253,15.3315,5.94,5.93,8.80625295639038,4000000000
Qwen3.5-9B,mxq,4_13,4.13,kurt-boost-2-1,8.6859,12.0407,10.31,10.29,20.925400733947757,9000000000
Qwen3.5-4B,mxq,4_51,4.51,kurt-boost-2-1,9.2883,13.6255,6.44,6.36,10.254414558410645,4000000000
Qwen3.5-9B,mxq,4_25,4.25,kurt-boost-2-1,8.5307,11.9381,10.5,10.47,20.06926918029785,9000000000
Qwen3.5-9B,mxq,3_51,3.51,kurt-boost-2-1,9.1529,12.4746,10.35,10.26,20.08773159980774,9000000000
Qwen3.5-4B,mxq,3_25,3.25,kurt-boost-2-1,10.3856,14.8196,6.01,6,10.222440004348757,4000000000
Qwen3.5-2B,mxq,4_25,4.25,kurt-boost-2-1,12.3852,17.6211,3.76,3.76,2.800053834915161,2000000000
Qwen3.5-9B,mxq,3_13,3.13,kurt-boost-2-1,8.5539,13.295,9.92,9.83,23.137766122817997,9000000000
Qwen3.5-4B,mxq,4_13,4.13,kurt-boost-2-1,9.4054,13.8091,6.22,6.15,9.904314517974854,4000000000
Qwen3.5-9B,mxq,4_51,4.51,kurt-boost-2-1,8.5049,11.8983,10.77,10.76,22.85524845123291,9000000000
Qwen3.5-4B,mxq,4_25,4.25,kurt-boost-2-2,9.3673,13.7076,6.31,6.23,8.257847309112549,4000000000
Qwen3.5-9B,mxq,3_25,3.25,kurt-boost-2-2,8.8792,12.8676,10.07,9.98,22.31786561012268,9000000000
Qwen3.5-2B,mxq,4_13,4.13,kurt-boost-2-2,12.3252,17.777,3.72,3.72,2.836350202560425,2000000000
Qwen3.5-2B,mxq,4_51,4.51,kurt-boost-2-2,11.9927,17.3712,3.83,3.82,2.778954029083252,2000000000
Qwen3.5-2B,mxq,3_13,3.13,kurt-boost-2-2,15.1225,20.8964,3.65,3.63,3.0801234245300293,2000000000
Qwen3.5-2B,mxq,3_25,3.25,kurt-boost-2-2,13.8106,19.4588,3.67,3.66,3.706468105316162,2000000000
Qwen3.5-2B,mxq,3_51,3.51,kurt-boost-2-2,12.5541,18.5966,3.72,3.71,3.0272884368896484,2000000000
Qwen3.5-4B,mxq,3_51,3.51,kurt-boost-2-2,10.0384,14.359,6.17,6.13,8.325087547302246,4000000000
Qwen3.5-4B,mxq,3_13,3.13,kurt-boost-2-2,10.3278,15.3285,5.95,5.93,10.438029050827026,4000000000
Qwen3.5-9B,mxq,4_13,4.13,kurt-boost-2-2,8.693,12.0391,10.31,10.3,20.5791654586792,9000000000
Qwen3.5-4B,mxq,4_51,4.51,kurt-boost-2-2,9.2856,13.6242,6.45,6.37,9.188554763793944,4000000000
Qwen3.5-9B,mxq,4_25,4.25,kurt-boost-2-2,8.5368,11.937,10.52,10.5,19.589141845703125,9000000000
Qwen3.5-9B,mxq,3_51,3.51,kurt-boost-2-2,9.1259,12.469,10.35,10.26,21.470040321350098,9000000000
Qwen3.5-4B,mxq,3_25,3.25,kurt-boost-2-2,10.3726,14.8117,6.01,6,10.23829174041748,4000000000
Qwen3.5-2B,mxq,4_25,4.25,kurt-boost-2-2,12.3745,17.5848,3.77,3.77,3.2712295055389404,2000000000
Qwen3.5-9B,mxq,3_13,3.13,kurt-boost-2-2,8.5569,13.2958,9.93,9.84,22.890414714813232,9000000000
Qwen3.5-4B,mxq,4_13,4.13,kurt-boost-2-2,9.4082,13.8083,6.22,6.15,9.535375118255615,4000000000
Qwen3.5-9B,mxq,4_51,4.51,kurt-boost-2-2,8.5056,11.898,10.8,10.78,19.48755788803101,9000000000
Qwen3.5-4B,mxq,4_25,4.25,kurt-boost-2-3,9.3637,13.7047,6.32,6.25,7.957371234893799,4000000000
Qwen3.5-9B,mxq,3_25,3.25,kurt-boost-2-3,8.8708,12.8604,10.07,9.98,22.18706083297729,9000000000
Qwen3.5-2B,mxq,4_13,4.13,kurt-boost-2-3,12.4255,17.7743,3.72,3.72,2.846707344055176,2000000000
Qwen3.5-2B,mxq,4_51,4.51,kurt-boost-2-3,11.9649,17.3473,3.84,3.83,2.774712562561035,2000000000
Qwen3.5-2B,mxq,3_13,3.13,kurt-boost-2-3,14.93,20.8112,3.65,3.64,3.076554775238037,2000000000
Qwen3.5-2B,mxq,3_25,3.25,kurt-boost-2-3,13.5734,19.4111,3.67,3.66,2.949051856994629,2000000000
Qwen3.5-2B,mxq,3_51,3.51,kurt-boost-2-3,12.5623,18.5489,3.72,3.71,3.0193231105804443,2000000000
Qwen3.5-4B,mxq,3_51,3.51,kurt-boost-2-3,10.0354,14.3514,6.17,6.13,8.26595950126648,4000000000
Qwen3.5-4B,mxq,3_13,3.13,kurt-boost-2-3,10.3228,15.3229,5.95,5.93,8.827926397323608,4000000000
Qwen3.5-9B,mxq,4_13,4.13,kurt-boost-2-3,8.6975,12.0396,10.32,10.3,20.340593814849854,9000000000
Qwen3.5-4B,mxq,4_51,4.51,kurt-boost-2-3,9.2834,13.6222,6.46,6.38,9.023015022277832,4000000000
Qwen3.5-9B,mxq,4_25,4.25,kurt-boost-2-3,8.5377,11.9354,10.54,10.52,19.76762008666992,9000000000
Qwen3.5-9B,mxq,3_51,3.51,kurt-boost-2-3,9.1175,12.4651,10.35,10.26,21.47712755203247,9000000000
Qwen3.5-4B,mxq,3_25,3.25,kurt-boost-2-3,10.3717,14.8023,6.01,6,8.503159999847412,4000000000
Qwen3.5-2B,mxq,4_25,4.25,kurt-boost-2-3,12.3841,17.5469,3.78,3.78,2.814797163009644,2000000000
Qwen3.5-9B,mxq,3_13,3.13,kurt-boost-2-3,8.5539,13.2885,9.93,9.84,22.49357557296753,9000000000
Qwen3.5-4B,mxq,4_13,4.13,kurt-boost-2-3,9.4054,13.807,6.23,6.15,9.553017377853394,4000000000
Qwen3.5-9B,mxq,4_51,4.51,kurt-boost-2-3,8.5025,11.8966,10.82,10.8,19.60882139205933,9000000000
Qwen3.5-4B,mxq,4_25,4.25,kurt-boost-3-0,9.3633,13.7047,6.32,6.25,7.957388877868652,4000000000
Qwen3.5-9B,mxq,3_25,3.25,kurt-boost-3-0,8.919,12.8608,10.08,9.99,22.40153479576111,9000000000
Qwen3.5-2B,mxq,4_13,4.13,kurt-boost-3-0,12.4207,17.7075,3.76,3.76,2.804124355316162,2000000000
Qwen3.5-2B,mxq,4_51,4.51,kurt-boost-3-0,11.9674,17.347,3.84,3.84,2.8224897384643555,2000000000
Qwen3.5-2B,mxq,3_13,3.13,kurt-boost-3-0,14.5859,20.3724,3.65,3.64,3.763980865478516,2000000000
Qwen3.5-2B,mxq,3_25,3.25,kurt-boost-3-0,13.6938,19.4011,3.68,3.66,3.71304988861084,2000000000
Qwen3.5-2B,mxq,3_51,3.51,kurt-boost-3-0,12.5601,18.5044,3.73,3.72,3.684860944747925,2000000000
Qwen3.5-4B,mxq,3_51,3.51,kurt-boost-3-0,10.0317,14.3507,6.17,6.14,8.322108745574951,4000000000
Qwen3.5-4B,mxq,3_13,3.13,kurt-boost-3-0,10.3075,15.3039,5.95,5.93,8.852587938308716,4000000000
Qwen3.5-9B,mxq,4_13,4.13,kurt-boost-3-0,8.6999,12.0271,10.39,10.38,21.098408699035645,9000000000
Qwen3.5-4B,mxq,4_51,4.51,kurt-boost-3-0,9.2838,13.6222,6.46,6.38,9.321361780166626,4000000000
Qwen3.5-9B,mxq,4_25,4.25,kurt-boost-3-0,8.5378,11.9355,10.54,10.52,20.595695734024048,9000000000
Qwen3.5-9B,mxq,3_51,3.51,kurt-boost-3-0,9.0934,12.4701,10.36,10.28,22.13469386100769,9000000000
Qwen3.5-4B,mxq,3_25,3.25,kurt-boost-3-0,10.3849,14.8034,6.02,6,10.467967987060549,4000000000
Qwen3.5-2B,mxq,4_25,4.25,kurt-boost-3-0,12.388,17.543,3.79,3.79,3.2813189029693604,2000000000
Qwen3.5-9B,mxq,3_13,3.13,kurt-boost-3-0,8.5142,13.2511,9.93,9.84,23.22411298751831,9000000000
Qwen3.5-4B,mxq,4_13,4.13,kurt-boost-3-0,9.3986,13.8015,6.25,6.18,9.782310009002686,4000000000
Qwen3.5-9B,mxq,4_51,4.51,kurt-boost-3-0,8.4996,11.8969,10.82,10.81,19.817223072052,9000000000
Qwen3.5-4B,mxq,4_25,4.25,kurt-boost-3-1,9.3696,13.709,6.3,6.23,8.315963506698608,4000000000
Qwen3.5-9B,mxq,3_25,3.25,kurt-boost-3-1,8.9281,12.8742,10.07,9.98,22.423298597335812,9000000000
Qwen3.5-2B,mxq,4_13,4.13,kurt-boost-3-1,12.2989,17.753,3.73,3.73,2.851167917251587,2000000000
Qwen3.5-2B,mxq,4_51,4.51,kurt-boost-3-1,11.9902,17.3814,3.81,3.81,2.818180561065674,2000000000
Qwen3.5-2B,mxq,3_13,3.13,kurt-boost-3-1,14.8599,20.6797,3.64,3.63,3.0858378410339355,2000000000
Qwen3.5-2B,mxq,3_25,3.25,kurt-boost-3-1,13.7544,19.4968,3.67,3.66,3.686896085739136,2000000000
Qwen3.5-2B,mxq,3_51,3.51,kurt-boost-3-1,12.5798,18.6406,3.72,3.71,3.7262351512908936,2000000000
Qwen3.5-4B,mxq,3_51,3.51,kurt-boost-3-1,10.0375,14.3637,6.17,6.13,8.65302562713623,4000000000
Qwen3.5-4B,mxq,3_13,3.13,kurt-boost-3-1,10.3167,15.3254,5.94,5.93,8.796403408050537,4000000000
Qwen3.5-9B,mxq,4_13,4.13,kurt-boost-3-1,8.6907,12.0301,10.35,10.33,20.62231397628784,9000000000
Qwen3.5-4B,mxq,4_51,4.51,kurt-boost-3-1,9.2888,13.6257,6.44,6.36,9.143951416015623,4000000000
Qwen3.5-9B,mxq,4_25,4.25,kurt-boost-3-1,8.5305,11.9382,10.5,10.48,20.113149642944336,9000000000
Qwen3.5-9B,mxq,3_51,3.51,kurt-boost-3-1,9.1181,12.481,10.35,10.27,21.393142223358154,9000000000
Qwen3.5-4B,mxq,3_25,3.25,kurt-boost-3-1,10.3925,14.8201,6.01,6,10.20039176940918,4000000000
Qwen3.5-2B,mxq,4_25,4.25,kurt-boost-3-1,12.3854,17.6189,3.76,3.76,2.799495220184326,2000000000
Qwen3.5-9B,mxq,3_13,3.13,kurt-boost-3-1,8.5231,13.2691,9.92,9.83,22.42395329475403,9000000000
Qwen3.5-4B,mxq,4_13,4.13,kurt-boost-3-1,9.4025,13.8067,6.23,6.16,8.175026893615723,4000000000
Qwen3.5-9B,mxq,4_51,4.51,kurt-boost-3-1,8.502,11.8984,10.78,10.76,19.706084489822388,9000000000
Qwen3.5-4B,mxq,4_25,4.25,kurt-boost-3-2,9.3669,13.7075,6.31,6.24,8.001006603240967,4000000000
Qwen3.5-9B,mxq,3_25,3.25,kurt-boost-3-2,8.9279,12.8677,10.08,9.98,20.391255378723145,9000000000
Qwen3.5-2B,mxq,4_13,4.13,kurt-boost-3-2,12.3235,17.7351,3.75,3.75,2.814215421676636,2000000000
Qwen3.5-2B,mxq,4_51,4.51,kurt-boost-3-2,11.9887,17.371,3.83,3.83,2.806952953338623,2000000000
Qwen3.5-2B,mxq,3_13,3.13,kurt-boost-3-2,14.905,20.5072,3.65,3.63,3.1000635623931885,2000000000
Qwen3.5-2B,mxq,3_25,3.25,kurt-boost-3-2,13.8068,19.438,3.67,3.66,3.0063283443450928,2000000000
Qwen3.5-2B,mxq,3_51,3.51,kurt-boost-3-2,12.5588,18.5717,3.73,3.71,3.014484405517578,2000000000
Qwen3.5-4B,mxq,3_51,3.51,kurt-boost-3-2,10.0351,14.3593,6.17,6.14,8.26167893409729,4000000000
Qwen3.5-4B,mxq,3_13,3.13,kurt-boost-3-2,10.3131,15.3164,5.95,5.93,8.825608968734741,4000000000
Qwen3.5-9B,mxq,4_13,4.13,kurt-boost-3-2,8.6982,12.0282,10.37,10.36,20.751089334487915,9000000000
Qwen3.5-4B,mxq,4_51,4.51,kurt-boost-3-2,9.2863,13.6242,6.45,6.37,7.720495462417602,4000000000
Qwen3.5-9B,mxq,4_25,4.25,kurt-boost-3-2,8.5373,11.937,10.52,10.5,20.063719034194943,9000000000
Qwen3.5-9B,mxq,3_51,3.51,kurt-boost-3-2,9.0978,12.4745,10.36,10.27,19.469263553619385,9000000000
Qwen3.5-4B,mxq,3_25,3.25,kurt-boost-3-2,10.3856,14.8116,6.01,6,8.488263607025146,4000000000
Qwen3.5-2B,mxq,4_25,4.25,kurt-boost-3-2,12.3784,17.5812,3.78,3.77,2.7908451557159424,2000000000
Qwen3.5-9B,mxq,3_13,3.13,kurt-boost-3-2,8.5197,13.2632,9.92,9.84,20.86660671234131,9000000000
Qwen3.5-4B,mxq,4_13,4.13,kurt-boost-3-2,9.4034,13.8044,6.24,6.17,8.17042350769043,4000000000
Qwen3.5-9B,mxq,4_51,4.51,kurt-boost-3-2,8.5025,11.8982,10.8,10.79,20.08002996444702,9000000000
Qwen3.5-4B,mxq,4_25,4.25,kurt-boost-3-3,9.3633,13.7047,6.32,6.25,7.965713739395142,4000000000
Qwen3.5-9B,mxq,3_25,3.25,kurt-boost-3-3,8.919,12.8608,10.08,9.99,21.99840021133423,9000000000
Qwen3.5-2B,mxq,4_13,4.13,kurt-boost-3-3,12.4207,17.7075,3.76,3.76,2.7701117992401123,2000000000
Qwen3.5-2B,mxq,4_51,4.51,kurt-boost-3-3,11.9674,17.347,3.84,3.84,2.803539514541626,2000000000
Qwen3.5-2B,mxq,3_13,3.13,kurt-boost-3-3,14.5859,20.3724,3.65,3.64,3.039069414138794,2000000000
Qwen3.5-2B,mxq,3_25,3.25,kurt-boost-3-3,13.6938,19.4011,3.68,3.66,3.759380578994751,2000000000
Qwen3.5-2B,mxq,3_51,3.51,kurt-boost-3-3,12.5601,18.5044,3.73,3.72,3.654306888580322,2000000000
Qwen3.5-4B,mxq,3_51,3.51,kurt-boost-3-3,10.0317,14.3507,6.17,6.14,10.021857976913452,4000000000
Qwen3.5-4B,mxq,3_13,3.13,kurt-boost-3-3,10.3075,15.3039,5.95,5.93,8.853377103805542,4000000000
Qwen3.5-9B,mxq,4_13,4.13,kurt-boost-3-3,8.6999,12.0271,10.39,10.38,20.497496843338013,9000000000
Qwen3.5-4B,mxq,4_51,4.51,kurt-boost-3-3,9.2838,13.6222,6.46,6.38,8.882904291152954,4000000000
Qwen3.5-9B,mxq,4_25,4.25,kurt-boost-3-3,8.5378,11.9355,10.54,10.52,19.92428660392761,9000000000
Qwen3.5-9B,mxq,3_51,3.51,kurt-boost-3-3,9.0934,12.4701,10.36,10.28,21.87646102905273,9000000000
Qwen3.5-4B,mxq,3_25,3.25,kurt-boost-3-3,10.3849,14.8034,6.02,6,10.24904751777649,4000000000
Qwen3.5-2B,mxq,4_25,4.25,kurt-boost-3-3,12.388,17.543,3.79,3.79,2.764030694961548,2000000000
Qwen3.5-9B,mxq,3_13,3.13,kurt-boost-3-3,8.5142,13.2511,9.93,9.84,23.01667261123657,9000000000
Qwen3.5-4B,mxq,4_13,4.13,kurt-boost-3-3,9.3986,13.8015,6.25,6.18,8.12333631515503,4000000000
Qwen3.5-9B,mxq,4_51,4.51,kurt-boost-3-3,8.4996,11.8969,10.82,10.81,19.84774374961853,9000000000
