model,algo,config,config_detail,quant_duration,model_storage_size,load_mem_allot,load_mem_reserved,ppl_mem_allot,ppl_mem_reserved,leaderboard_mem_allot,leaderboard_mem_reserved,ppl_wikitext,ppl_c4,duration_wikitext,duration_c4
Qwen3.5-4B,awq,b4g32,"{'w_bit': 4, 'q_group_size': 32, 'zero_point': True, 'version': 'GEMM'}",259.2676739692688,0,0,0,0,0,0,0,0,0,0,0
Qwen3.5-9B,awq,b4g32,"{'w_bit': 4, 'q_group_size': 32, 'zero_point': True, 'version': 'GEMM'}",362.9969618320465,0,0,0,0,0,0,0,0,0,0,0
Qwen3.5-4B,awq,b4g128,"{'w_bit': 4, 'q_group_size': 128, 'zero_point': True, 'version': 'GEMM'}",259.78319931030273,0,0,0,0,0,0,0,0,0,0,0
Qwen3.5-4B,awq,b4g64,"{'w_bit': 4, 'q_group_size': 64, 'zero_point': True, 'version': 'GEMM'}",259.6480851173401,0,0,0,0,0,0,0,0,0,0,0
Qwen3.5-2B,awq,b4g128,"{'w_bit': 4, 'q_group_size': 128, 'zero_point': True, 'version': 'GEMM'}",150.3070468902588,0,0,0,0,0,0,0,0,0,0,0
Qwen3.5-2B,awq,b4g64,"{'w_bit': 4, 'q_group_size': 64, 'zero_point': True, 'version': 'GEMM'}",189.57534003257751,0,0,0,0,0,0,0,0,0,0,0
Qwen3.5-9B,awq,b4g128,"{'w_bit': 4, 'q_group_size': 128, 'zero_point': True, 'version': 'GEMM'}",363.8979706764221,0,0,0,0,0,0,0,0,0,0,0
Qwen3.5-2B,awq,b4g32,"{'w_bit': 4, 'q_group_size': 32, 'zero_point': True, 'version': 'GEMM'}",149.97759294509888,0,0,0,0,0,0,0,0,0,0,0
Qwen3.5-9B,awq,b4g64,"{'w_bit': 4, 'q_group_size': 64, 'zero_point': True, 'version': 'GEMM'}",410.0025768280029,0,0,0,0,0,0,0,0,0,0,0
