layer,module,nbit1,gsize1,nbit2,gsize2,fnorm,memmb,params,kurtosis
0,vision.mlp.c_fc,2,32,8,128,9.128504753112791,0.705322265625,2359296,7.5647333557116845
0,vision.mlp.c_fc,2,64,8,128,10.76142692565918,0.6339111328125,2359296,7.5647333557116845
0,vision.mlp.c_fc,2,128,8,128,12.15142059326172,0.59820556640625,2359296,7.5647333557116845
0,vision.mlp.c_fc,3,32,8,128,4.122710227966309,0.986572265625,2359296,7.5647333557116845
0,vision.mlp.c_fc,3,64,8,128,5.038382530212402,0.9151611328125,2359296,7.5647333557116845
0,vision.mlp.c_fc,3,128,8,128,5.910652160644531,0.87945556640625,2359296,7.5647333557116845
0,vision.mlp.c_fc,4,32,8,128,1.938106060028076,1.267822265625,2359296,7.5647333557116845
0,vision.mlp.c_fc,4,64,8,128,2.3859243392944336,1.1964111328125,2359296,7.5647333557116845
0,vision.mlp.c_fc,4,128,8,128,2.824324131011963,1.16070556640625,2359296,7.5647333557116845
0,vision.mlp.c_fc,8,32,8,128,0.11737483739852904,2.392822265625,2359296,7.5647333557116845
0,vision.mlp.c_fc,8,64,8,128,0.14461086690425873,2.3214111328125,2359296,7.5647333557116845
0,vision.mlp.c_fc,8,128,8,128,0.171279177069664,2.28570556640625,2359296,7.5647333557116845
0,vision.mlp.c_proj,2,32,8,128,6.839951992034912,0.705322265625,2359296,8.024042788345657
0,vision.mlp.c_proj,2,64,8,128,8.144723892211914,0.6339111328125,2359296,8.024042788345657
0,vision.mlp.c_proj,2,128,8,128,9.282066345214844,0.59820556640625,2359296,8.024042788345657
0,vision.mlp.c_proj,3,32,8,128,2.976739406585694,0.986572265625,2359296,8.024042788345657
0,vision.mlp.c_proj,3,64,8,128,3.607946395874023,0.9151611328125,2359296,8.024042788345657
0,vision.mlp.c_proj,3,128,8,128,4.226345539093018,0.87945556640625,2359296,8.024042788345657
0,vision.mlp.c_proj,4,32,8,128,1.3918942213058472,1.267822265625,2359296,8.024042788345657
0,vision.mlp.c_proj,4,64,8,128,1.6903578042984009,1.1964111328125,2359296,8.024042788345657
0,vision.mlp.c_proj,4,128,8,128,1.9883592128753664,1.16070556640625,2359296,8.024042788345657
0,vision.mlp.c_proj,8,32,8,128,0.0842554122209549,2.392822265625,2359296,8.024042788345657
0,vision.mlp.c_proj,8,64,8,128,0.10231027752161026,2.3214111328125,2359296,8.024042788345657
0,vision.mlp.c_proj,8,128,8,128,0.11994849145412444,2.28570556640625,2359296,8.024042788345657
1,vision.mlp.c_fc,2,32,8,128,9.103703498840332,0.705322265625,2359296,5.556482388585281
1,vision.mlp.c_fc,2,64,8,128,10.854814529418944,0.6339111328125,2359296,5.556482388585281
1,vision.mlp.c_fc,2,128,8,128,12.433868408203123,0.59820556640625,2359296,5.556482388585281
1,vision.mlp.c_fc,3,32,8,128,4.004519939422607,0.986572265625,2359296,5.556482388585281
1,vision.mlp.c_fc,3,64,8,128,4.869235992431641,0.9151611328125,2359296,5.556482388585281
1,vision.mlp.c_fc,3,128,8,128,5.696018218994141,0.87945556640625,2359296,5.556482388585281
1,vision.mlp.c_fc,4,32,8,128,1.875130295753479,1.267822265625,2359296,5.556482388585281
1,vision.mlp.c_fc,4,64,8,128,2.288634777069092,1.1964111328125,2359296,5.556482388585281
1,vision.mlp.c_fc,4,128,8,128,2.692777395248413,1.16070556640625,2359296,5.556482388585281
1,vision.mlp.c_fc,8,32,8,128,0.1136341467499733,2.392822265625,2359296,5.556482388585281
1,vision.mlp.c_fc,8,64,8,128,0.13860879838466644,2.3214111328125,2359296,5.556482388585281
1,vision.mlp.c_fc,8,128,8,128,0.16262513399124146,2.28570556640625,2359296,5.556482388585281
1,vision.mlp.c_proj,2,32,8,128,6.911839962005615,0.705322265625,2359296,10.127617353490804
1,vision.mlp.c_proj,2,64,8,128,8.261187553405762,0.6339111328125,2359296,10.127617353490804
1,vision.mlp.c_proj,2,128,8,128,9.480621337890623,0.59820556640625,2359296,10.127617353490804
1,vision.mlp.c_proj,3,32,8,128,2.991220712661743,0.986572265625,2359296,10.127617353490804
1,vision.mlp.c_proj,3,64,8,128,3.6111984252929688,0.9151611328125,2359296,10.127617353490804
1,vision.mlp.c_proj,3,128,8,128,4.218574523925781,0.87945556640625,2359296,10.127617353490804
1,vision.mlp.c_proj,4,32,8,128,1.3967558145523071,1.267822265625,2359296,10.127617353490804
1,vision.mlp.c_proj,4,64,8,128,1.6911554336547852,1.1964111328125,2359296,10.127617353490804
1,vision.mlp.c_proj,4,128,8,128,1.983748197555542,1.16070556640625,2359296,10.127617353490804
1,vision.mlp.c_proj,8,32,8,128,0.08465902507305145,2.392822265625,2359296,10.127617353490804
1,vision.mlp.c_proj,8,64,8,128,0.10233005881309508,2.3214111328125,2359296,10.127617353490804
1,vision.mlp.c_proj,8,128,8,128,0.11965607851743698,2.28570556640625,2359296,10.127617353490804
2,vision.mlp.c_fc,2,32,8,128,8.82172966003418,0.705322265625,2359296,4.752866879979445
2,vision.mlp.c_fc,2,64,8,128,10.50925350189209,0.6339111328125,2359296,4.752866879979445
2,vision.mlp.c_fc,2,128,8,128,12.03489589691162,0.59820556640625,2359296,4.752866879979445
2,vision.mlp.c_fc,3,32,8,128,3.823518753051758,0.986572265625,2359296,4.752866879979445
2,vision.mlp.c_fc,3,64,8,128,4.6140289306640625,0.9151611328125,2359296,4.752866879979445
2,vision.mlp.c_fc,3,128,8,128,5.374442100524902,0.87945556640625,2359296,4.752866879979445
2,vision.mlp.c_fc,4,32,8,128,1.785937786102295,1.267822265625,2359296,4.752866879979445
2,vision.mlp.c_fc,4,64,8,128,2.158376693725586,1.1964111328125,2359296,4.752866879979445
2,vision.mlp.c_fc,4,128,8,128,2.523719310760498,1.16070556640625,2359296,4.752866879979445
2,vision.mlp.c_fc,8,32,8,128,0.10810095071792604,2.392822265625,2359296,4.752866879979445
2,vision.mlp.c_fc,8,64,8,128,0.13063114881515503,2.3214111328125,2359296,4.752866879979445
2,vision.mlp.c_fc,8,128,8,128,0.15222015976905823,2.28570556640625,2359296,4.752866879979445
2,vision.mlp.c_proj,2,32,8,128,6.639797687530518,0.705322265625,2359296,5.964957611759415
2,vision.mlp.c_proj,2,64,8,128,7.880718231201172,0.6339111328125,2359296,5.964957611759415
2,vision.mlp.c_proj,2,128,8,128,9.019220352172852,0.59820556640625,2359296,5.964957611759415
2,vision.mlp.c_proj,3,32,8,128,2.859175443649292,0.986572265625,2359296,5.964957611759415
2,vision.mlp.c_proj,3,64,8,128,3.413665294647217,0.9151611328125,2359296,5.964957611759415
2,vision.mlp.c_proj,3,128,8,128,3.95273756980896,0.87945556640625,2359296,5.964957611759415
2,vision.mlp.c_proj,4,32,8,128,1.333265781402588,1.267822265625,2359296,5.964957611759415
2,vision.mlp.c_proj,4,64,8,128,1.5933430194854736,1.1964111328125,2359296,5.964957611759415
2,vision.mlp.c_proj,4,128,8,128,1.8488850593566897,1.16070556640625,2359296,5.964957611759415
2,vision.mlp.c_proj,8,32,8,128,0.08075807988643646,2.392822265625,2359296,5.964957611759415
2,vision.mlp.c_proj,8,64,8,128,0.09648673981428146,2.3214111328125,2359296,5.964957611759415
2,vision.mlp.c_proj,8,128,8,128,0.11135073751211166,2.28570556640625,2359296,5.964957611759415
3,vision.mlp.c_fc,2,32,8,128,8.47494125366211,0.705322265625,2359296,4.378746321591061
3,vision.mlp.c_fc,2,64,8,128,10.082805633544922,0.6339111328125,2359296,4.378746321591061
3,vision.mlp.c_fc,2,128,8,128,11.549962043762209,0.59820556640625,2359296,4.378746321591061
3,vision.mlp.c_fc,3,32,8,128,3.6546263694763184,0.986572265625,2359296,4.378746321591061
3,vision.mlp.c_fc,3,64,8,128,4.391681671142578,0.9151611328125,2359296,4.378746321591061
3,vision.mlp.c_fc,3,128,8,128,5.095606327056885,0.87945556640625,2359296,4.378746321591061
3,vision.mlp.c_fc,4,32,8,128,1.706535577774048,1.267822265625,2359296,4.378746321591061
3,vision.mlp.c_fc,4,64,8,128,2.050750970840454,1.1964111328125,2359296,4.378746321591061
3,vision.mlp.c_fc,4,128,8,128,2.3856451511383057,1.16070556640625,2359296,4.378746321591061
3,vision.mlp.c_fc,8,32,8,128,0.10344040393829346,2.392822265625,2359296,4.378746321591061
3,vision.mlp.c_fc,8,64,8,128,0.12399496138095856,2.3214111328125,2359296,4.378746321591061
3,vision.mlp.c_fc,8,128,8,128,0.1439141482114792,2.28570556640625,2359296,4.378746321591061
3,vision.mlp.c_proj,2,32,8,128,6.277030944824219,0.705322265625,2359296,5.006922011163274
3,vision.mlp.c_proj,2,64,8,128,7.414824485778809,0.6339111328125,2359296,5.006922011163274
3,vision.mlp.c_proj,2,128,8,128,8.46260929107666,0.59820556640625,2359296,5.006922011163274
3,vision.mlp.c_proj,3,32,8,128,2.693903923034668,0.986572265625,2359296,5.006922011163274
3,vision.mlp.c_proj,3,64,8,128,3.1912341117858887,0.9151611328125,2359296,5.006922011163274
3,vision.mlp.c_proj,3,128,8,128,3.6711747646331783,0.87945556640625,2359296,5.006922011163274
3,vision.mlp.c_proj,4,32,8,128,1.256372094154358,1.267822265625,2359296,5.006922011163274
3,vision.mlp.c_proj,4,64,8,128,1.489571452140808,1.1964111328125,2359296,5.006922011163274
3,vision.mlp.c_proj,4,128,8,128,1.7132800817489624,1.16070556640625,2359296,5.006922011163274
3,vision.mlp.c_proj,8,32,8,128,0.0760984867811203,2.392822265625,2359296,5.006922011163274
3,vision.mlp.c_proj,8,64,8,128,0.09016053378582,2.3214111328125,2359296,5.006922011163274
3,vision.mlp.c_proj,8,128,8,128,0.10330581665039062,2.28570556640625,2359296,5.006922011163274
4,vision.mlp.c_fc,2,32,8,128,8.274068832397461,0.705322265625,2359296,3.918504223899523
4,vision.mlp.c_fc,2,64,8,128,9.78947639465332,0.6339111328125,2359296,3.918504223899523
4,vision.mlp.c_fc,2,128,8,128,11.202027320861816,0.59820556640625,2359296,3.918504223899523
4,vision.mlp.c_fc,3,32,8,128,3.5570082664489746,0.986572265625,2359296,3.918504223899523
4,vision.mlp.c_fc,3,64,8,128,4.2356367111206055,0.9151611328125,2359296,3.918504223899523
4,vision.mlp.c_fc,3,128,8,128,4.884209632873535,0.87945556640625,2359296,3.918504223899523
4,vision.mlp.c_fc,4,32,8,128,1.6616051197052002,1.267822265625,2359296,3.918504223899523
4,vision.mlp.c_fc,4,64,8,128,1.979529857635498,1.1964111328125,2359296,3.918504223899523
4,vision.mlp.c_fc,4,128,8,128,2.284747838973999,1.16070556640625,2359296,3.918504223899523
4,vision.mlp.c_fc,8,32,8,128,0.10057099163532256,2.392822265625,2359296,3.918504223899523
4,vision.mlp.c_fc,8,64,8,128,0.11972232908010484,2.3214111328125,2359296,3.918504223899523
4,vision.mlp.c_fc,8,128,8,128,0.13779735565185547,2.28570556640625,2359296,3.918504223899523
4,vision.mlp.c_proj,2,32,8,128,6.439798831939697,0.705322265625,2359296,4.362240481953023
4,vision.mlp.c_proj,2,64,8,128,7.564638137817383,0.6339111328125,2359296,4.362240481953023
4,vision.mlp.c_proj,2,128,8,128,8.594568252563477,0.59820556640625,2359296,4.362240481953023
4,vision.mlp.c_proj,3,32,8,128,2.7584915161132812,0.986572265625,2359296,4.362240481953023
4,vision.mlp.c_proj,3,64,8,128,3.251418113708496,0.9151611328125,2359296,4.362240481953023
4,vision.mlp.c_proj,3,128,8,128,3.716466665267944,0.87945556640625,2359296,4.362240481953023
4,vision.mlp.c_proj,4,32,8,128,1.2862253189086914,1.267822265625,2359296,4.362240481953023
4,vision.mlp.c_proj,4,64,8,128,1.516956448554993,1.1964111328125,2359296,4.362240481953023
4,vision.mlp.c_proj,4,128,8,128,1.7344794273376465,1.16070556640625,2359296,4.362240481953023
4,vision.mlp.c_proj,8,32,8,128,0.07793856412172318,2.392822265625,2359296,4.362240481953023
4,vision.mlp.c_proj,8,64,8,128,0.0918104276061058,2.3214111328125,2359296,4.362240481953023
4,vision.mlp.c_proj,8,128,8,128,0.10458982735872269,2.28570556640625,2359296,4.362240481953023
5,vision.mlp.c_fc,2,32,8,128,8.392443656921387,0.705322265625,2359296,3.714197056179566
5,vision.mlp.c_fc,2,64,8,128,9.947240829467772,0.6339111328125,2359296,3.714197056179566
5,vision.mlp.c_fc,2,128,8,128,11.396702766418455,0.59820556640625,2359296,3.714197056179566
5,vision.mlp.c_fc,3,32,8,128,3.599330425262451,0.986572265625,2359296,3.714197056179566
5,vision.mlp.c_fc,3,64,8,128,4.279275417327881,0.9151611328125,2359296,3.714197056179566
5,vision.mlp.c_fc,3,128,8,128,4.932392597198486,0.87945556640625,2359296,3.714197056179566
5,vision.mlp.c_fc,4,32,8,128,1.6796408891677856,1.267822265625,2359296,3.714197056179566
5,vision.mlp.c_fc,4,64,8,128,1.997564435005188,1.1964111328125,2359296,3.714197056179566
5,vision.mlp.c_fc,4,128,8,128,2.30387020111084,1.16070556640625,2359296,3.714197056179566
5,vision.mlp.c_fc,8,32,8,128,0.10184947401285172,2.392822265625,2359296,3.714197056179566
5,vision.mlp.c_fc,8,64,8,128,0.12093502283096312,2.3214111328125,2359296,3.714197056179566
5,vision.mlp.c_fc,8,128,8,128,0.13896310329437256,2.28570556640625,2359296,3.714197056179566
5,vision.mlp.c_proj,2,32,8,128,6.786053657531738,0.705322265625,2359296,4.504410342372665
5,vision.mlp.c_proj,2,64,8,128,7.957103252410889,0.6339111328125,2359296,4.504410342372665
5,vision.mlp.c_proj,2,128,8,128,9.033921241760254,0.59820556640625,2359296,4.504410342372665
5,vision.mlp.c_proj,3,32,8,128,2.905226469039917,0.986572265625,2359296,4.504410342372665
5,vision.mlp.c_proj,3,64,8,128,3.4214489459991455,0.9151611328125,2359296,4.504410342372665
5,vision.mlp.c_proj,3,128,8,128,3.9075539112091064,0.87945556640625,2359296,4.504410342372665
5,vision.mlp.c_proj,4,32,8,128,1.355237364768982,1.267822265625,2359296,4.504410342372665
5,vision.mlp.c_proj,4,64,8,128,1.5957733392715454,1.1964111328125,2359296,4.504410342372665
5,vision.mlp.c_proj,4,128,8,128,1.8257287740707395,1.16070556640625,2359296,4.504410342372665
5,vision.mlp.c_proj,8,32,8,128,0.0820372924208641,2.392822265625,2359296,4.504410342372665
5,vision.mlp.c_proj,8,64,8,128,0.09651072323322296,2.3214111328125,2359296,4.504410342372665
5,vision.mlp.c_proj,8,128,8,128,0.10990241914987564,2.28570556640625,2359296,4.504410342372665
6,vision.mlp.c_fc,2,32,8,128,8.521951675415039,0.705322265625,2359296,3.614600960861904
6,vision.mlp.c_fc,2,64,8,128,10.0691499710083,0.6339111328125,2359296,3.614600960861904
6,vision.mlp.c_fc,2,128,8,128,11.54863739013672,0.59820556640625,2359296,3.614600960861904
6,vision.mlp.c_fc,3,32,8,128,3.649571895599365,0.986572265625,2359296,3.614600960861904
6,vision.mlp.c_fc,3,64,8,128,4.324981689453125,0.9151611328125,2359296,3.614600960861904
6,vision.mlp.c_fc,3,128,8,128,4.97314977645874,0.87945556640625,2359296,3.614600960861904
6,vision.mlp.c_fc,4,32,8,128,1.7034014463424685,1.267822265625,2359296,3.614600960861904
6,vision.mlp.c_fc,4,64,8,128,2.0181891918182373,1.1964111328125,2359296,3.614600960861904
6,vision.mlp.c_fc,4,128,8,128,2.3228890895843506,1.16070556640625,2359296,3.614600960861904
6,vision.mlp.c_fc,8,32,8,128,0.10322079807519911,2.392822265625,2359296,3.614600960861904
6,vision.mlp.c_fc,8,64,8,128,0.12220923602581024,2.3214111328125,2359296,3.614600960861904
6,vision.mlp.c_fc,8,128,8,128,0.14006850123405457,2.28570556640625,2359296,3.614600960861904
6,vision.mlp.c_proj,2,32,8,128,7.034173488616943,0.705322265625,2359296,3.703802696792269
6,vision.mlp.c_proj,2,64,8,128,8.234294891357422,0.6339111328125,2359296,3.703802696792269
6,vision.mlp.c_proj,2,128,8,128,9.333321571350098,0.59820556640625,2359296,3.703802696792269
6,vision.mlp.c_proj,3,32,8,128,3.009636878967285,0.986572265625,2359296,3.703802696792269
6,vision.mlp.c_proj,3,64,8,128,3.5273571014404297,0.9151611328125,2359296,3.703802696792269
6,vision.mlp.c_proj,3,128,8,128,4.010415077209473,0.87945556640625,2359296,3.703802696792269
6,vision.mlp.c_proj,4,32,8,128,1.404062271118164,1.267822265625,2359296,3.703802696792269
6,vision.mlp.c_proj,4,64,8,128,1.6456388235092163,1.1964111328125,2359296,3.703802696792269
6,vision.mlp.c_proj,4,128,8,128,1.8724839687347412,1.16070556640625,2359296,3.703802696792269
6,vision.mlp.c_proj,8,32,8,128,0.08510661125183105,2.392822265625,2359296,3.703802696792269
6,vision.mlp.c_proj,8,64,8,128,0.09971028566360474,2.3214111328125,2359296,3.703802696792269
6,vision.mlp.c_proj,8,128,8,128,0.1129401922225952,2.28570556640625,2359296,3.703802696792269
7,vision.mlp.c_fc,2,32,8,128,8.388879776000977,0.705322265625,2359296,3.4103181441120247
7,vision.mlp.c_fc,2,64,8,128,9.876380920410156,0.6339111328125,2359296,3.4103181441120247
7,vision.mlp.c_fc,2,128,8,128,11.25124740600586,0.59820556640625,2359296,3.4103181441120247
7,vision.mlp.c_fc,3,32,8,128,3.5898404121398926,0.986572265625,2359296,3.4103181441120247
7,vision.mlp.c_fc,3,64,8,128,4.232213020324707,0.9151611328125,2359296,3.4103181441120247
7,vision.mlp.c_fc,3,128,8,128,4.836949348449707,0.87945556640625,2359296,3.4103181441120247
7,vision.mlp.c_fc,4,32,8,128,1.674543380737305,1.267822265625,2359296,3.4103181441120247
7,vision.mlp.c_fc,4,64,8,128,1.9748677015304563,1.1964111328125,2359296,3.4103181441120247
7,vision.mlp.c_fc,4,128,8,128,2.2568445205688477,1.16070556640625,2359296,3.4103181441120247
7,vision.mlp.c_fc,8,32,8,128,0.10150232911109924,2.392822265625,2359296,3.4103181441120247
7,vision.mlp.c_fc,8,64,8,128,0.11956389248371124,2.3214111328125,2359296,3.4103181441120247
7,vision.mlp.c_fc,8,128,8,128,0.1361236423254013,2.28570556640625,2359296,3.4103181441120247
7,vision.mlp.c_proj,2,32,8,128,7.932621479034424,0.705322265625,2359296,3.7265741474392886
7,vision.mlp.c_proj,2,64,8,128,9.285072326660156,0.6339111328125,2359296,3.7265741474392886
7,vision.mlp.c_proj,2,128,8,128,10.539323806762695,0.59820556640625,2359296,3.7265741474392886
7,vision.mlp.c_proj,3,32,8,128,3.394057273864746,0.986572265625,2359296,3.7265741474392886
7,vision.mlp.c_proj,3,64,8,128,3.9794647693634033,0.9151611328125,2359296,3.7265741474392886
7,vision.mlp.c_proj,3,128,8,128,4.525967597961426,0.87945556640625,2359296,3.7265741474392886
7,vision.mlp.c_proj,4,32,8,128,1.583614945411682,1.267822265625,2359296,3.7265741474392886
7,vision.mlp.c_proj,4,64,8,128,1.8572959899902344,1.1964111328125,2359296,3.7265741474392886
7,vision.mlp.c_proj,4,128,8,128,2.113091468811035,1.16070556640625,2359296,3.7265741474392886
7,vision.mlp.c_proj,8,32,8,128,0.09593687206506728,2.392822265625,2359296,3.7265741474392886
7,vision.mlp.c_proj,8,64,8,128,0.11239387094974518,2.3214111328125,2359296,3.7265741474392886
7,vision.mlp.c_proj,8,128,8,128,0.12745003402233124,2.28570556640625,2359296,3.7265741474392886
8,vision.mlp.c_fc,2,32,8,128,8.285651206970215,0.705322265625,2359296,3.734153132112317
8,vision.mlp.c_fc,2,64,8,128,9.778728485107422,0.6339111328125,2359296,3.734153132112317
8,vision.mlp.c_fc,2,128,8,128,11.152859687805176,0.59820556640625,2359296,3.734153132112317
8,vision.mlp.c_fc,3,32,8,128,3.547513008117676,0.986572265625,2359296,3.734153132112317
8,vision.mlp.c_fc,3,64,8,128,4.191949367523193,0.9151611328125,2359296,3.734153132112317
8,vision.mlp.c_fc,3,128,8,128,4.793965816497803,0.87945556640625,2359296,3.734153132112317
8,vision.mlp.c_fc,4,32,8,128,1.6551411151885986,1.267822265625,2359296,3.734153132112317
8,vision.mlp.c_fc,4,64,8,128,1.956448316574097,1.1964111328125,2359296,3.734153132112317
8,vision.mlp.c_fc,4,128,8,128,2.2382309436798096,1.16070556640625,2359296,3.734153132112317
8,vision.mlp.c_fc,8,32,8,128,0.100438229739666,2.392822265625,2359296,3.734153132112317
8,vision.mlp.c_fc,8,64,8,128,0.11862816661596298,2.3214111328125,2359296,3.734153132112317
8,vision.mlp.c_fc,8,128,8,128,0.13508424162864685,2.28570556640625,2359296,3.734153132112317
8,vision.mlp.c_proj,2,32,8,128,8.032468795776367,0.705322265625,2359296,3.770444941283215
8,vision.mlp.c_proj,2,64,8,128,9.38332176208496,0.6339111328125,2359296,3.770444941283215
8,vision.mlp.c_proj,2,128,8,128,10.626753807067873,0.59820556640625,2359296,3.770444941283215
8,vision.mlp.c_proj,3,32,8,128,3.433583498001098,0.986572265625,2359296,3.770444941283215
8,vision.mlp.c_proj,3,64,8,128,4.0180745124816895,0.9151611328125,2359296,3.770444941283215
8,vision.mlp.c_proj,3,128,8,128,4.556089878082275,0.87945556640625,2359296,3.770444941283215
8,vision.mlp.c_proj,4,32,8,128,1.602971076965332,1.267822265625,2359296,3.770444941283215
8,vision.mlp.c_proj,4,64,8,128,1.875213384628296,1.1964111328125,2359296,3.770444941283215
8,vision.mlp.c_proj,4,128,8,128,2.125036239624023,1.16070556640625,2359296,3.770444941283215
8,vision.mlp.c_proj,8,32,8,128,0.09719990193843842,2.392822265625,2359296,3.770444941283215
8,vision.mlp.c_proj,8,64,8,128,0.1135389283299446,2.3214111328125,2359296,3.770444941283215
8,vision.mlp.c_proj,8,128,8,128,0.1282404214143753,2.28570556640625,2359296,3.770444941283215
9,vision.mlp.c_fc,2,32,8,128,8.818232536315918,0.705322265625,2359296,3.406923087940011
9,vision.mlp.c_fc,2,64,8,128,10.373499870300291,0.6339111328125,2359296,3.406923087940011
9,vision.mlp.c_fc,2,128,8,128,11.801898002624512,0.59820556640625,2359296,3.406923087940011
9,vision.mlp.c_fc,3,32,8,128,3.7690412998199463,0.986572265625,2359296,3.406923087940011
9,vision.mlp.c_fc,3,64,8,128,4.43658447265625,0.9151611328125,2359296,3.406923087940011
9,vision.mlp.c_fc,3,128,8,128,5.0595269203186035,0.87945556640625,2359296,3.406923087940011
9,vision.mlp.c_fc,4,32,8,128,1.759302854537964,1.267822265625,2359296,3.406923087940011
9,vision.mlp.c_fc,4,64,8,128,2.071089506149292,1.1964111328125,2359296,3.406923087940011
9,vision.mlp.c_fc,4,128,8,128,2.3599820137023926,1.16070556640625,2359296,3.406923087940011
9,vision.mlp.c_fc,8,32,8,128,0.10690240561962128,2.392822265625,2359296,3.406923087940011
9,vision.mlp.c_fc,8,64,8,128,0.1255631297826767,2.3214111328125,2359296,3.406923087940011
9,vision.mlp.c_fc,8,128,8,128,0.14248855412006378,2.28570556640625,2359296,3.406923087940011
9,vision.mlp.c_proj,2,32,8,128,9.092228889465332,0.705322265625,2359296,3.7473560752962425
9,vision.mlp.c_proj,2,64,8,128,10.604211807250977,0.6339111328125,2359296,3.7473560752962425
9,vision.mlp.c_proj,2,128,8,128,11.983688354492188,0.59820556640625,2359296,3.7473560752962425
9,vision.mlp.c_proj,3,32,8,128,3.8891754150390625,0.986572265625,2359296,3.7473560752962425
9,vision.mlp.c_proj,3,64,8,128,4.537405967712402,0.9151611328125,2359296,3.7473560752962425
9,vision.mlp.c_proj,3,128,8,128,5.127986431121826,0.87945556640625,2359296,3.7473560752962425
9,vision.mlp.c_proj,4,32,8,128,1.8149250745773315,1.267822265625,2359296,3.7473560752962425
9,vision.mlp.c_proj,4,64,8,128,2.1180083751678467,1.1964111328125,2359296,3.7473560752962425
9,vision.mlp.c_proj,4,128,8,128,2.3949661254882812,1.16070556640625,2359296,3.7473560752962425
9,vision.mlp.c_proj,8,32,8,128,0.10990245640277864,2.392822265625,2359296,3.7473560752962425
9,vision.mlp.c_proj,8,64,8,128,0.12820811569690704,2.3214111328125,2359296,3.7473560752962425
9,vision.mlp.c_proj,8,128,8,128,0.14443348348140717,2.28570556640625,2359296,3.7473560752962425
10,vision.mlp.c_fc,2,32,8,128,9.356571197509766,0.705322265625,2359296,3.506843786702064
10,vision.mlp.c_fc,2,64,8,128,10.991547584533691,0.6339111328125,2359296,3.506843786702064
10,vision.mlp.c_fc,2,128,8,128,12.464940071105955,0.59820556640625,2359296,3.506843786702064
10,vision.mlp.c_fc,3,32,8,128,3.9996769428253174,0.986572265625,2359296,3.506843786702064
10,vision.mlp.c_fc,3,64,8,128,4.703681468963623,0.9151611328125,2359296,3.506843786702064
10,vision.mlp.c_fc,3,128,8,128,5.345017910003662,0.87945556640625,2359296,3.506843786702064
10,vision.mlp.c_fc,4,32,8,128,1.865874171257019,1.267822265625,2359296,3.506843786702064
10,vision.mlp.c_fc,4,64,8,128,2.195168972015381,1.1964111328125,2359296,3.506843786702064
10,vision.mlp.c_fc,4,128,8,128,2.495924472808838,1.16070556640625,2359296,3.506843786702064
10,vision.mlp.c_fc,8,32,8,128,0.11316034197807312,2.392822265625,2359296,3.506843786702064
10,vision.mlp.c_fc,8,64,8,128,0.13293932378292084,2.3214111328125,2359296,3.506843786702064
10,vision.mlp.c_fc,8,128,8,128,0.15064848959445953,2.28570556640625,2359296,3.506843786702064
10,vision.mlp.c_proj,2,32,8,128,9.723986625671388,0.705322265625,2359296,3.7916828549200345
10,vision.mlp.c_proj,2,64,8,128,11.35032558441162,0.6339111328125,2359296,3.7916828549200345
10,vision.mlp.c_proj,2,128,8,128,12.832988739013672,0.59820556640625,2359296,3.7916828549200345
10,vision.mlp.c_proj,3,32,8,128,4.1578369140625,0.986572265625,2359296,3.7916828549200345
10,vision.mlp.c_proj,3,64,8,128,4.862079620361328,0.9151611328125,2359296,3.7916828549200345
10,vision.mlp.c_proj,3,128,8,128,5.495484352111816,0.87945556640625,2359296,3.7916828549200345
10,vision.mlp.c_proj,4,32,8,128,1.9391449689865112,1.267822265625,2359296,3.7916828549200345
10,vision.mlp.c_proj,4,64,8,128,2.2657644748687744,1.1964111328125,2359296,3.7916828549200345
10,vision.mlp.c_proj,4,128,8,128,2.5652666091918945,1.16070556640625,2359296,3.7916828549200345
10,vision.mlp.c_proj,8,32,8,128,0.11764831840991974,2.392822265625,2359296,3.7916828549200345
10,vision.mlp.c_proj,8,64,8,128,0.13722199201583862,2.3214111328125,2359296,3.7916828549200345
10,vision.mlp.c_proj,8,128,8,128,0.1546991765499115,2.28570556640625,2359296,3.7916828549200345
11,vision.mlp.c_fc,2,32,8,128,8.082159042358398,0.705322265625,2359296,3.336296405622262
11,vision.mlp.c_fc,2,64,8,128,9.489198684692385,0.6339111328125,2359296,3.336296405622262
11,vision.mlp.c_fc,2,128,8,128,10.802061080932615,0.59820556640625,2359296,3.336296405622262
11,vision.mlp.c_fc,3,32,8,128,3.4594030380249023,0.986572265625,2359296,3.336296405622262
11,vision.mlp.c_fc,3,64,8,128,4.068918704986572,0.9151611328125,2359296,3.336296405622262
11,vision.mlp.c_fc,3,128,8,128,4.641410827636719,0.87945556640625,2359296,3.336296405622262
11,vision.mlp.c_fc,4,32,8,128,1.6126223802566528,1.267822265625,2359296,3.336296405622262
11,vision.mlp.c_fc,4,64,8,128,1.8982433080673216,1.1964111328125,2359296,3.336296405622262
11,vision.mlp.c_fc,4,128,8,128,2.1648974418640137,1.16070556640625,2359296,3.336296405622262
11,vision.mlp.c_fc,8,32,8,128,0.09783997386693954,2.392822265625,2359296,3.336296405622262
11,vision.mlp.c_fc,8,64,8,128,0.11497506499290466,2.3214111328125,2359296,3.336296405622262
11,vision.mlp.c_fc,8,128,8,128,0.1306662559509277,2.28570556640625,2359296,3.336296405622262
11,vision.mlp.c_proj,2,32,8,128,7.7494797706604,0.705322265625,2359296,3.5289485578856628
11,vision.mlp.c_proj,2,64,8,128,9.04317855834961,0.6339111328125,2359296,3.5289485578856628
11,vision.mlp.c_proj,2,128,8,128,10.23215389251709,0.59820556640625,2359296,3.5289485578856628
11,vision.mlp.c_proj,3,32,8,128,3.3150153160095215,0.986572265625,2359296,3.5289485578856628
11,vision.mlp.c_proj,3,64,8,128,3.8718862533569336,0.9151611328125,2359296,3.5289485578856628
11,vision.mlp.c_proj,3,128,8,128,4.384607315063477,0.87945556640625,2359296,3.5289485578856628
11,vision.mlp.c_proj,4,32,8,128,1.545481562614441,1.267822265625,2359296,3.5289485578856628
11,vision.mlp.c_proj,4,64,8,128,1.806149125099182,1.1964111328125,2359296,3.5289485578856628
11,vision.mlp.c_proj,4,128,8,128,2.0433690547943115,1.16070556640625,2359296,3.5289485578856628
11,vision.mlp.c_proj,8,32,8,128,0.0937107503414154,2.392822265625,2359296,3.5289485578856628
11,vision.mlp.c_proj,8,64,8,128,0.10938263684511185,2.3214111328125,2359296,3.5289485578856628
11,vision.mlp.c_proj,8,128,8,128,0.1232990100979805,2.28570556640625,2359296,3.5289485578856628
0,text.mlp.c_fc,2,32,8,128,6.464750289916992,0.3134765625,1048576,18.89034464279892
0,text.mlp.c_fc,2,64,8,128,7.523227214813232,0.28173828125,1048576,18.89034464279892
0,text.mlp.c_fc,2,128,8,128,8.498074531555176,0.265869140625,1048576,18.89034464279892
0,text.mlp.c_fc,3,32,8,128,2.7694246768951416,0.4384765625,1048576,18.89034464279892
0,text.mlp.c_fc,3,64,8,128,3.2232933044433594,0.40673828125,1048576,18.89034464279892
0,text.mlp.c_fc,3,128,8,128,3.6492912769317623,0.390869140625,1048576,18.89034464279892
0,text.mlp.c_fc,4,32,8,128,1.2936551570892334,0.5634765625,1048576,18.89034464279892
0,text.mlp.c_fc,4,64,8,128,1.5072178840637207,0.53173828125,1048576,18.89034464279892
0,text.mlp.c_fc,4,128,8,128,1.7056944370269775,0.515869140625,1048576,18.89034464279892
0,text.mlp.c_fc,8,32,8,128,0.07893156260251999,1.0634765625,1048576,18.89034464279892
0,text.mlp.c_fc,8,64,8,128,0.09200920909643172,1.03173828125,1048576,18.89034464279892
0,text.mlp.c_fc,8,128,8,128,0.10402266681194304,1.015869140625,1048576,18.89034464279892
0,text.mlp.c_proj,2,32,8,128,4.214115142822266,0.3134765625,1048576,8.257733339213775
0,text.mlp.c_proj,2,64,8,128,4.919820785522461,0.28173828125,1048576,8.257733339213775
0,text.mlp.c_proj,2,128,8,128,5.572372913360596,0.265869140625,1048576,8.257733339213775
0,text.mlp.c_proj,3,32,8,128,1.801061511039734,0.4384765625,1048576,8.257733339213775
0,text.mlp.c_proj,3,64,8,128,2.1083173751831055,0.40673828125,1048576,8.257733339213775
0,text.mlp.c_proj,3,128,8,128,2.391723871231079,0.390869140625,1048576,8.257733339213775
0,text.mlp.c_proj,4,32,8,128,0.8409978151321411,0.5634765625,1048576,8.257733339213775
0,text.mlp.c_proj,4,64,8,128,0.9834749698638916,0.53173828125,1048576,8.257733339213775
0,text.mlp.c_proj,4,128,8,128,1.1154149770736694,0.515869140625,1048576,8.257733339213775
0,text.mlp.c_proj,8,32,8,128,0.05123524367809296,1.0634765625,1048576,8.257733339213775
0,text.mlp.c_proj,8,64,8,128,0.05990749597549438,1.03173828125,1048576,8.257733339213775
0,text.mlp.c_proj,8,128,8,128,0.0680227056145668,1.015869140625,1048576,8.257733339213775
1,text.mlp.c_fc,2,32,8,128,6.351968765258789,0.3134765625,1048576,3.0800089847603167
1,text.mlp.c_fc,2,64,8,128,7.389888286590576,0.28173828125,1048576,3.0800089847603167
1,text.mlp.c_fc,2,128,8,128,8.325387001037598,0.265869140625,1048576,3.0800089847603167
1,text.mlp.c_fc,3,32,8,128,2.71328067779541,0.4384765625,1048576,3.0800089847603167
1,text.mlp.c_fc,3,64,8,128,3.1635944843292236,0.40673828125,1048576,3.0800089847603167
1,text.mlp.c_fc,3,128,8,128,3.561861991882324,0.390869140625,1048576,3.0800089847603167
1,text.mlp.c_fc,4,32,8,128,1.266817927360535,0.5634765625,1048576,3.0800089847603167
1,text.mlp.c_fc,4,64,8,128,1.4758033752441406,0.53173828125,1048576,3.0800089847603167
1,text.mlp.c_fc,4,128,8,128,1.664614200592041,0.515869140625,1048576,3.0800089847603167
1,text.mlp.c_fc,8,32,8,128,0.07674290984869003,1.0634765625,1048576,3.0800089847603167
1,text.mlp.c_fc,8,64,8,128,0.08936163038015366,1.03173828125,1048576,3.0800089847603167
1,text.mlp.c_fc,8,128,8,128,0.10043232887983322,1.015869140625,1048576,3.0800089847603167
1,text.mlp.c_proj,2,32,8,128,4.492769718170166,0.3134765625,1048576,3.2167251445240903
1,text.mlp.c_proj,2,64,8,128,5.24850606918335,0.28173828125,1048576,3.2167251445240903
1,text.mlp.c_proj,2,128,8,128,5.924077033996582,0.265869140625,1048576,3.2167251445240903
1,text.mlp.c_proj,3,32,8,128,1.9200174808502195,0.4384765625,1048576,3.2167251445240903
1,text.mlp.c_proj,3,64,8,128,2.2457592487335205,0.40673828125,1048576,3.2167251445240903
1,text.mlp.c_proj,3,128,8,128,2.539240598678589,0.390869140625,1048576,3.2167251445240903
1,text.mlp.c_proj,4,32,8,128,0.8956782817840576,0.5634765625,1048576,3.2167251445240903
1,text.mlp.c_proj,4,64,8,128,1.047521471977234,0.53173828125,1048576,3.2167251445240903
1,text.mlp.c_proj,4,128,8,128,1.18568217754364,0.515869140625,1048576,3.2167251445240903
1,text.mlp.c_proj,8,32,8,128,0.0543127991259098,1.0634765625,1048576,3.2167251445240903
1,text.mlp.c_proj,8,64,8,128,0.06340169906616211,1.03173828125,1048576,3.2167251445240903
1,text.mlp.c_proj,8,128,8,128,0.0714043602347374,1.015869140625,1048576,3.2167251445240903
2,text.mlp.c_fc,2,32,8,128,6.2713623046875,0.3134765625,1048576,3.112510371474206
2,text.mlp.c_fc,2,64,8,128,7.308136940002441,0.28173828125,1048576,3.112510371474206
2,text.mlp.c_fc,2,128,8,128,8.229869842529297,0.265869140625,1048576,3.112510371474206
2,text.mlp.c_fc,3,32,8,128,2.6817820072174072,0.4384765625,1048576,3.112510371474206
2,text.mlp.c_fc,3,64,8,128,3.1245784759521484,0.40673828125,1048576,3.112510371474206
2,text.mlp.c_fc,3,128,8,128,3.5175602436065674,0.390869140625,1048576,3.112510371474206
2,text.mlp.c_fc,4,32,8,128,1.2500064373016355,0.5634765625,1048576,3.112510371474206
2,text.mlp.c_fc,4,64,8,128,1.4578500986099243,0.53173828125,1048576,3.112510371474206
2,text.mlp.c_fc,4,128,8,128,1.6433409452438354,0.515869140625,1048576,3.112510371474206
2,text.mlp.c_fc,8,32,8,128,0.07576245814561844,1.0634765625,1048576,3.112510371474206
2,text.mlp.c_fc,8,64,8,128,0.08829101175069809,1.03173828125,1048576,3.112510371474206
2,text.mlp.c_fc,8,128,8,128,0.0992748960852623,1.015869140625,1048576,3.112510371474206
2,text.mlp.c_proj,2,32,8,128,4.444961071014404,0.3134765625,1048576,3.292999208834084
2,text.mlp.c_proj,2,64,8,128,5.180168628692627,0.28173828125,1048576,3.292999208834084
2,text.mlp.c_proj,2,128,8,128,5.851198196411133,0.265869140625,1048576,3.292999208834084
2,text.mlp.c_proj,3,32,8,128,1.899754285812378,0.4384765625,1048576,3.292999208834084
2,text.mlp.c_proj,3,64,8,128,2.2183635234832764,0.40673828125,1048576,3.292999208834084
2,text.mlp.c_proj,3,128,8,128,2.505136013031006,0.390869140625,1048576,3.292999208834084
2,text.mlp.c_proj,4,32,8,128,0.8862735033035278,0.5634765625,1048576,3.292999208834084
2,text.mlp.c_proj,4,64,8,128,1.0349557399749756,0.53173828125,1048576,3.292999208834084
2,text.mlp.c_proj,4,128,8,128,1.1686416864395142,0.515869140625,1048576,3.292999208834084
2,text.mlp.c_proj,8,32,8,128,0.05371652543544769,1.0634765625,1048576,3.292999208834084
2,text.mlp.c_proj,8,64,8,128,0.06263848394155502,1.03173828125,1048576,3.292999208834084
2,text.mlp.c_proj,8,128,8,128,0.07050774246454239,1.015869140625,1048576,3.292999208834084
3,text.mlp.c_fc,2,32,8,128,6.199350357055664,0.3134765625,1048576,3.124703500598623
3,text.mlp.c_fc,2,64,8,128,7.228718757629395,0.28173828125,1048576,3.124703500598623
3,text.mlp.c_fc,2,128,8,128,8.150893211364746,0.265869140625,1048576,3.124703500598623
3,text.mlp.c_fc,3,32,8,128,2.648998737335205,0.4384765625,1048576,3.124703500598623
3,text.mlp.c_fc,3,64,8,128,3.0911576747894287,0.40673828125,1048576,3.124703500598623
3,text.mlp.c_fc,3,128,8,128,3.488417863845825,0.390869140625,1048576,3.124703500598623
3,text.mlp.c_fc,4,32,8,128,1.2359066009521484,0.5634765625,1048576,3.124703500598623
3,text.mlp.c_fc,4,64,8,128,1.441812515258789,0.53173828125,1048576,3.124703500598623
3,text.mlp.c_fc,4,128,8,128,1.6281919479370115,0.515869140625,1048576,3.124703500598623
3,text.mlp.c_fc,8,32,8,128,0.07503717392683029,1.0634765625,1048576,3.124703500598623
3,text.mlp.c_fc,8,64,8,128,0.0874534398317337,1.03173828125,1048576,3.124703500598623
3,text.mlp.c_fc,8,128,8,128,0.09830143302679062,1.015869140625,1048576,3.124703500598623
3,text.mlp.c_proj,2,32,8,128,4.45910120010376,0.3134765625,1048576,3.365812129846043
3,text.mlp.c_proj,2,64,8,128,5.196355819702148,0.28173828125,1048576,3.365812129846043
3,text.mlp.c_proj,2,128,8,128,5.872509479522705,0.265869140625,1048576,3.365812129846043
3,text.mlp.c_proj,3,32,8,128,1.904448628425598,0.4384765625,1048576,3.365812129846043
3,text.mlp.c_proj,3,64,8,128,2.2250046730041504,0.40673828125,1048576,3.365812129846043
3,text.mlp.c_proj,3,128,8,128,2.5161800384521484,0.390869140625,1048576,3.365812129846043
3,text.mlp.c_proj,4,32,8,128,0.8890355229377747,0.5634765625,1048576,3.365812129846043
3,text.mlp.c_proj,4,64,8,128,1.0387694835662842,0.53173828125,1048576,3.365812129846043
3,text.mlp.c_proj,4,128,8,128,1.1744872331619265,0.515869140625,1048576,3.365812129846043
3,text.mlp.c_proj,8,32,8,128,0.05386906117200851,1.0634765625,1048576,3.365812129846043
3,text.mlp.c_proj,8,64,8,128,0.06280947476625443,1.03173828125,1048576,3.365812129846043
3,text.mlp.c_proj,8,128,8,128,0.07080750912427902,1.015869140625,1048576,3.365812129846043
4,text.mlp.c_fc,2,32,8,128,6.147647857666016,0.3134765625,1048576,3.1205782672974403
4,text.mlp.c_fc,2,64,8,128,7.176209449768066,0.28173828125,1048576,3.1205782672974403
4,text.mlp.c_fc,2,128,8,128,8.08156967163086,0.265869140625,1048576,3.1205782672974403
4,text.mlp.c_fc,3,32,8,128,2.6306636333465576,0.4384765625,1048576,3.1205782672974403
4,text.mlp.c_fc,3,64,8,128,3.0671095848083496,0.40673828125,1048576,3.1205782672974403
4,text.mlp.c_fc,3,128,8,128,3.458563804626465,0.390869140625,1048576,3.1205782672974403
4,text.mlp.c_fc,4,32,8,128,1.2271418571472168,0.5634765625,1048576,3.1205782672974403
4,text.mlp.c_fc,4,64,8,128,1.4321166276931765,0.53173828125,1048576,3.1205782672974403
4,text.mlp.c_fc,4,128,8,128,1.6170594692230225,0.515869140625,1048576,3.1205782672974403
4,text.mlp.c_fc,8,32,8,128,0.07444850355386734,1.0634765625,1048576,3.1205782672974403
4,text.mlp.c_fc,8,64,8,128,0.08672907203435898,1.03173828125,1048576,3.1205782672974403
4,text.mlp.c_fc,8,128,8,128,0.09753215312957764,1.015869140625,1048576,3.1205782672974403
4,text.mlp.c_proj,2,32,8,128,4.5684428215026855,0.3134765625,1048576,3.3007157471391952
4,text.mlp.c_proj,2,64,8,128,5.32727575302124,0.28173828125,1048576,3.3007157471391952
4,text.mlp.c_proj,2,128,8,128,6.010774612426758,0.265869140625,1048576,3.3007157471391952
4,text.mlp.c_proj,3,32,8,128,1.953374981880188,0.4384765625,1048576,3.3007157471391952
4,text.mlp.c_proj,3,64,8,128,2.280749797821045,0.40673828125,1048576,3.3007157471391952
4,text.mlp.c_proj,3,128,8,128,2.575989007949829,0.390869140625,1048576,3.3007157471391952
4,text.mlp.c_proj,4,32,8,128,0.9109432697296144,0.5634765625,1048576,3.3007157471391952
4,text.mlp.c_proj,4,64,8,128,1.0641778707504272,0.53173828125,1048576,3.3007157471391952
4,text.mlp.c_proj,4,128,8,128,1.2020576000213623,0.515869140625,1048576,3.3007157471391952
4,text.mlp.c_proj,8,32,8,128,0.05520271509885788,1.0634765625,1048576,3.3007157471391952
4,text.mlp.c_proj,8,64,8,128,0.06432124227285385,1.03173828125,1048576,3.3007157471391952
4,text.mlp.c_proj,8,128,8,128,0.07244100421667099,1.015869140625,1048576,3.3007157471391952
5,text.mlp.c_fc,2,32,8,128,6.13761568069458,0.3134765625,1048576,3.12209161166918
5,text.mlp.c_fc,2,64,8,128,7.154106140136719,0.28173828125,1048576,3.12209161166918
5,text.mlp.c_fc,2,128,8,128,8.066065788269043,0.265869140625,1048576,3.12209161166918
5,text.mlp.c_fc,3,32,8,128,2.622965097427368,0.4384765625,1048576,3.12209161166918
5,text.mlp.c_fc,3,64,8,128,3.059314012527466,0.40673828125,1048576,3.12209161166918
5,text.mlp.c_fc,3,128,8,128,3.4494223594665527,0.390869140625,1048576,3.12209161166918
5,text.mlp.c_fc,4,32,8,128,1.2235389947891235,0.5634765625,1048576,3.12209161166918
5,text.mlp.c_fc,4,64,8,128,1.4277613162994385,0.53173828125,1048576,3.12209161166918
5,text.mlp.c_fc,4,128,8,128,1.6116138696670532,0.515869140625,1048576,3.12209161166918
5,text.mlp.c_fc,8,32,8,128,0.0742468386888504,1.0634765625,1048576,3.12209161166918
5,text.mlp.c_fc,8,64,8,128,0.08646093308925629,1.03173828125,1048576,3.12209161166918
5,text.mlp.c_fc,8,128,8,128,0.09725197404623032,1.015869140625,1048576,3.12209161166918
5,text.mlp.c_proj,2,32,8,128,4.701293468475342,0.3134765625,1048576,3.399940581104202
5,text.mlp.c_proj,2,64,8,128,5.488790988922119,0.28173828125,1048576,3.399940581104202
5,text.mlp.c_proj,2,128,8,128,6.199483871459961,0.265869140625,1048576,3.399940581104202
5,text.mlp.c_proj,3,32,8,128,2.0124988555908203,0.4384765625,1048576,3.399940581104202
5,text.mlp.c_proj,3,64,8,128,2.3516228199005127,0.40673828125,1048576,3.399940581104202
5,text.mlp.c_proj,3,128,8,128,2.659825086593628,0.390869140625,1048576,3.399940581104202
5,text.mlp.c_proj,4,32,8,128,0.9377811551094056,0.5634765625,1048576,3.399940581104202
5,text.mlp.c_proj,4,64,8,128,1.0970691442489624,0.53173828125,1048576,3.399940581104202
5,text.mlp.c_proj,4,128,8,128,1.2429126501083374,0.515869140625,1048576,3.399940581104202
5,text.mlp.c_proj,8,32,8,128,0.05688211694359779,1.0634765625,1048576,3.399940581104202
5,text.mlp.c_proj,8,64,8,128,0.06637991219758987,1.03173828125,1048576,3.399940581104202
5,text.mlp.c_proj,8,128,8,128,0.0749565064907074,1.015869140625,1048576,3.399940581104202
6,text.mlp.c_fc,2,32,8,128,6.08525276184082,0.3134765625,1048576,3.104312609554148
6,text.mlp.c_fc,2,64,8,128,7.091857433319092,0.28173828125,1048576,3.104312609554148
6,text.mlp.c_fc,2,128,8,128,8.011824607849121,0.265869140625,1048576,3.104312609554148
6,text.mlp.c_fc,3,32,8,128,2.600118398666382,0.4384765625,1048576,3.104312609554148
6,text.mlp.c_fc,3,64,8,128,3.0300920009613037,0.40673828125,1048576,3.104312609554148
6,text.mlp.c_fc,3,128,8,128,3.4273650646209717,0.390869140625,1048576,3.104312609554148
6,text.mlp.c_fc,4,32,8,128,1.2133545875549316,0.5634765625,1048576,3.104312609554148
6,text.mlp.c_fc,4,64,8,128,1.4163140058517456,0.53173828125,1048576,3.104312609554148
6,text.mlp.c_fc,4,128,8,128,1.5989820957183838,0.515869140625,1048576,3.104312609554148
6,text.mlp.c_fc,8,32,8,128,0.07371968030929565,1.0634765625,1048576,3.104312609554148
6,text.mlp.c_fc,8,64,8,128,0.08582986146211624,1.03173828125,1048576,3.104312609554148
6,text.mlp.c_fc,8,128,8,128,0.09657172113656998,1.015869140625,1048576,3.104312609554148
6,text.mlp.c_proj,2,32,8,128,4.809174060821533,0.3134765625,1048576,3.418852076553872
6,text.mlp.c_proj,2,64,8,128,5.619462966918945,0.28173828125,1048576,3.418852076553872
6,text.mlp.c_proj,2,128,8,128,6.347733974456787,0.265869140625,1048576,3.418852076553872
6,text.mlp.c_proj,3,32,8,128,2.0561914443969727,0.4384765625,1048576,3.418852076553872
6,text.mlp.c_proj,3,64,8,128,2.4042656421661377,0.40673828125,1048576,3.418852076553872
6,text.mlp.c_proj,3,128,8,128,2.7215018272399902,0.390869140625,1048576,3.418852076553872
6,text.mlp.c_proj,4,32,8,128,0.9595969915390016,0.5634765625,1048576,3.418852076553872
6,text.mlp.c_proj,4,64,8,128,1.1221243143081665,0.53173828125,1048576,3.418852076553872
6,text.mlp.c_proj,4,128,8,128,1.2688665390014648,0.515869140625,1048576,3.418852076553872
6,text.mlp.c_proj,8,32,8,128,0.05815136805176735,1.0634765625,1048576,3.418852076553872
6,text.mlp.c_proj,8,64,8,128,0.0679142028093338,1.03173828125,1048576,3.418852076553872
6,text.mlp.c_proj,8,128,8,128,0.07667670398950577,1.015869140625,1048576,3.418852076553872
7,text.mlp.c_fc,2,32,8,128,6.016368865966797,0.3134765625,1048576,3.1152966389066306
7,text.mlp.c_fc,2,64,8,128,7.0210137367248535,0.28173828125,1048576,3.1152966389066306
7,text.mlp.c_fc,2,128,8,128,7.924512386322021,0.265869140625,1048576,3.1152966389066306
7,text.mlp.c_fc,3,32,8,128,2.573953628540039,0.4384765625,1048576,3.1152966389066306
7,text.mlp.c_fc,3,64,8,128,3.004284620285034,0.40673828125,1048576,3.1152966389066306
7,text.mlp.c_fc,3,128,8,128,3.3958704471588135,0.390869140625,1048576,3.1152966389066306
7,text.mlp.c_fc,4,32,8,128,1.2008792161941528,0.5634765625,1048576,3.1152966389066306
7,text.mlp.c_fc,4,64,8,128,1.401782751083374,0.53173828125,1048576,3.1152966389066306
7,text.mlp.c_fc,4,128,8,128,1.5841267108917236,0.515869140625,1048576,3.1152966389066306
7,text.mlp.c_fc,8,32,8,128,0.07277538627386093,1.0634765625,1048576,3.1152966389066306
7,text.mlp.c_fc,8,64,8,128,0.08490202575922012,1.03173828125,1048576,3.1152966389066306
7,text.mlp.c_fc,8,128,8,128,0.09555526822805405,1.015869140625,1048576,3.1152966389066306
7,text.mlp.c_proj,2,32,8,128,4.9375319480896,0.3134765625,1048576,3.563658370504532
7,text.mlp.c_proj,2,64,8,128,5.766933441162109,0.28173828125,1048576,3.563658370504532
7,text.mlp.c_proj,2,128,8,128,6.5257158279418945,0.265869140625,1048576,3.563658370504532
7,text.mlp.c_proj,3,32,8,128,2.1138291358947754,0.4384765625,1048576,3.563658370504532
7,text.mlp.c_proj,3,64,8,128,2.4740889072418213,0.40673828125,1048576,3.563658370504532
7,text.mlp.c_proj,3,128,8,128,2.8029916286468506,0.390869140625,1048576,3.563658370504532
7,text.mlp.c_proj,4,32,8,128,0.985521137714386,0.5634765625,1048576,3.563658370504532
7,text.mlp.c_proj,4,64,8,128,1.152884602546692,0.53173828125,1048576,3.563658370504532
7,text.mlp.c_proj,4,128,8,128,1.3091634511947632,0.515869140625,1048576,3.563658370504532
7,text.mlp.c_proj,8,32,8,128,0.05971698090434074,1.0634765625,1048576,3.563658370504532
7,text.mlp.c_proj,8,64,8,128,0.06980670988559723,1.03173828125,1048576,3.563658370504532
7,text.mlp.c_proj,8,128,8,128,0.07889241725206375,1.015869140625,1048576,3.563658370504532
8,text.mlp.c_fc,2,32,8,128,5.901716709136963,0.3134765625,1048576,3.1079712489156552
8,text.mlp.c_fc,2,64,8,128,6.884827136993408,0.28173828125,1048576,3.1079712489156552
8,text.mlp.c_fc,2,128,8,128,7.761914730072021,0.265869140625,1048576,3.1079712489156552
8,text.mlp.c_fc,3,32,8,128,2.520334243774414,0.4384765625,1048576,3.1079712489156552
8,text.mlp.c_fc,3,64,8,128,2.9441771507263184,0.40673828125,1048576,3.1079712489156552
8,text.mlp.c_fc,3,128,8,128,3.32405948638916,0.390869140625,1048576,3.1079712489156552
8,text.mlp.c_fc,4,32,8,128,1.1775058507919312,0.5634765625,1048576,3.1079712489156552
8,text.mlp.c_fc,4,64,8,128,1.37420654296875,0.53173828125,1048576,3.1079712489156552
8,text.mlp.c_fc,4,128,8,128,1.5516901016235352,0.515869140625,1048576,3.1079712489156552
8,text.mlp.c_fc,8,32,8,128,0.07130877673625946,1.0634765625,1048576,3.1079712489156552
8,text.mlp.c_fc,8,64,8,128,0.0831245630979538,1.03173828125,1048576,3.1079712489156552
8,text.mlp.c_fc,8,128,8,128,0.09355318546295166,1.015869140625,1048576,3.1079712489156552
8,text.mlp.c_proj,2,32,8,128,5.102689266204834,0.3134765625,1048576,3.6947691166226
8,text.mlp.c_proj,2,64,8,128,5.964451789855957,0.28173828125,1048576,3.6947691166226
8,text.mlp.c_proj,2,128,8,128,6.735776901245117,0.265869140625,1048576,3.6947691166226
8,text.mlp.c_proj,3,32,8,128,2.18440318107605,0.4384765625,1048576,3.6947691166226
8,text.mlp.c_proj,3,64,8,128,2.556516647338867,0.40673828125,1048576,3.6947691166226
8,text.mlp.c_proj,3,128,8,128,2.8903772830963135,0.390869140625,1048576,3.6947691166226
8,text.mlp.c_proj,4,32,8,128,1.018601417541504,0.5634765625,1048576,3.6947691166226
8,text.mlp.c_proj,4,64,8,128,1.192069172859192,0.53173828125,1048576,3.6947691166226
8,text.mlp.c_proj,4,128,8,128,1.349886178970337,0.515869140625,1048576,3.6947691166226
8,text.mlp.c_proj,8,32,8,128,0.0618121437728405,1.0634765625,1048576,3.6947691166226
8,text.mlp.c_proj,8,64,8,128,0.07216800004243851,1.03173828125,1048576,3.6947691166226
8,text.mlp.c_proj,8,128,8,128,0.08146006613969803,1.015869140625,1048576,3.6947691166226
9,text.mlp.c_fc,2,32,8,128,5.788586139678955,0.3134765625,1048576,3.1305828189206824
9,text.mlp.c_fc,2,64,8,128,6.742534637451172,0.28173828125,1048576,3.1305828189206824
9,text.mlp.c_fc,2,128,8,128,7.599257946014404,0.265869140625,1048576,3.1305828189206824
9,text.mlp.c_fc,3,32,8,128,2.47590970993042,0.4384765625,1048576,3.1305828189206824
9,text.mlp.c_fc,3,64,8,128,2.887095212936402,0.40673828125,1048576,3.1305828189206824
9,text.mlp.c_fc,3,128,8,128,3.255934953689575,0.390869140625,1048576,3.1305828189206824
9,text.mlp.c_fc,4,32,8,128,1.1548055410385132,0.5634765625,1048576,3.1305828189206824
9,text.mlp.c_fc,4,64,8,128,1.346752047538757,0.53173828125,1048576,3.1305828189206824
9,text.mlp.c_fc,4,128,8,128,1.517864465713501,0.515869140625,1048576,3.1305828189206824
9,text.mlp.c_fc,8,32,8,128,0.06999316066503525,1.0634765625,1048576,3.1305828189206824
9,text.mlp.c_fc,8,64,8,128,0.0815470740199089,1.03173828125,1048576,3.1305828189206824
9,text.mlp.c_fc,8,128,8,128,0.09159331023693083,1.015869140625,1048576,3.1305828189206824
9,text.mlp.c_proj,2,32,8,128,5.207601547241211,0.3134765625,1048576,3.495399170438296
9,text.mlp.c_proj,2,64,8,128,6.071842193603516,0.28173828125,1048576,3.495399170438296
9,text.mlp.c_proj,2,128,8,128,6.8601274490356445,0.265869140625,1048576,3.495399170438296
9,text.mlp.c_proj,3,32,8,128,2.2280025482177734,0.4384765625,1048576,3.495399170438296
9,text.mlp.c_proj,3,64,8,128,2.5987324714660645,0.40673828125,1048576,3.495399170438296
9,text.mlp.c_proj,3,128,8,128,2.939124822616577,0.390869140625,1048576,3.495399170438296
9,text.mlp.c_proj,4,32,8,128,1.0387369394302368,0.5634765625,1048576,3.495399170438296
9,text.mlp.c_proj,4,64,8,128,1.2127223014831543,0.53173828125,1048576,3.495399170438296
9,text.mlp.c_proj,4,128,8,128,1.3731480836868286,0.515869140625,1048576,3.495399170438296
9,text.mlp.c_proj,8,32,8,128,0.06300804764032364,1.0634765625,1048576,3.495399170438296
9,text.mlp.c_proj,8,64,8,128,0.07346633821725845,1.03173828125,1048576,3.495399170438296
9,text.mlp.c_proj,8,128,8,128,0.08280103653669357,1.015869140625,1048576,3.495399170438296
10,text.mlp.c_fc,2,32,8,128,5.7948408126831055,0.3134765625,1048576,3.144641316115429
10,text.mlp.c_fc,2,64,8,128,6.760894298553467,0.28173828125,1048576,3.144641316115429
10,text.mlp.c_fc,2,128,8,128,7.649384498596191,0.265869140625,1048576,3.144641316115429
10,text.mlp.c_fc,3,32,8,128,2.475472211837769,0.4384765625,1048576,3.144641316115429
10,text.mlp.c_fc,3,64,8,128,2.8930392265319824,0.40673828125,1048576,3.144641316115429
10,text.mlp.c_fc,3,128,8,128,3.2758681774139404,0.390869140625,1048576,3.144641316115429
10,text.mlp.c_fc,4,32,8,128,1.1556246280670166,0.5634765625,1048576,3.144641316115429
10,text.mlp.c_fc,4,64,8,128,1.3502486944198608,0.53173828125,1048576,3.144641316115429
10,text.mlp.c_fc,4,128,8,128,1.5289539098739624,0.515869140625,1048576,3.144641316115429
10,text.mlp.c_fc,8,32,8,128,0.0699719563126564,1.0634765625,1048576,3.144641316115429
10,text.mlp.c_fc,8,64,8,128,0.08176594972610474,1.03173828125,1048576,3.144641316115429
10,text.mlp.c_fc,8,128,8,128,0.09224754571914671,1.015869140625,1048576,3.144641316115429
10,text.mlp.c_proj,2,32,8,128,5.407021522521973,0.3134765625,1048576,3.655921840018199
10,text.mlp.c_proj,2,64,8,128,6.310086727142334,0.28173828125,1048576,3.655921840018199
10,text.mlp.c_proj,2,128,8,128,7.1317644119262695,0.265869140625,1048576,3.655921840018199
10,text.mlp.c_proj,3,32,8,128,2.315161943435669,0.4384765625,1048576,3.655921840018199
10,text.mlp.c_proj,3,64,8,128,2.706345558166504,0.40673828125,1048576,3.655921840018199
10,text.mlp.c_proj,3,128,8,128,3.065629720687866,0.390869140625,1048576,3.655921840018199
10,text.mlp.c_proj,4,32,8,128,1.0800068378448486,0.5634765625,1048576,3.655921840018199
10,text.mlp.c_proj,4,64,8,128,1.2637077569961548,0.53173828125,1048576,3.655921840018199
10,text.mlp.c_proj,4,128,8,128,1.432173252105713,0.515869140625,1048576,3.655921840018199
10,text.mlp.c_proj,8,32,8,128,0.06542721390724182,1.0634765625,1048576,3.655921840018199
10,text.mlp.c_proj,8,64,8,128,0.0764131173491478,1.03173828125,1048576,3.655921840018199
10,text.mlp.c_proj,8,128,8,128,0.08641009777784348,1.015869140625,1048576,3.655921840018199
11,text.mlp.c_fc,2,32,8,128,6.029895782470703,0.3134765625,1048576,3.227518868269559
11,text.mlp.c_fc,2,64,8,128,7.065587997436523,0.28173828125,1048576,3.227518868269559
11,text.mlp.c_fc,2,128,8,128,8.00993537902832,0.265869140625,1048576,3.227518868269559
11,text.mlp.c_fc,3,32,8,128,2.577655553817749,0.4384765625,1048576,3.227518868269559
11,text.mlp.c_fc,3,64,8,128,3.0226359367370605,0.40673828125,1048576,3.227518868269559
11,text.mlp.c_fc,3,128,8,128,3.4333667755126953,0.390869140625,1048576,3.227518868269559
11,text.mlp.c_fc,4,32,8,128,1.201055645942688,0.5634765625,1048576,3.227518868269559
11,text.mlp.c_fc,4,64,8,128,1.4092037677764893,0.53173828125,1048576,3.227518868269559
11,text.mlp.c_fc,4,128,8,128,1.6002758741378784,0.515869140625,1048576,3.227518868269559
11,text.mlp.c_fc,8,32,8,128,0.07296200841665268,1.0634765625,1048576,3.227518868269559
11,text.mlp.c_fc,8,64,8,128,0.08532291650772095,1.03173828125,1048576,3.227518868269559
11,text.mlp.c_fc,8,128,8,128,0.09650221467018127,1.015869140625,1048576,3.227518868269559
11,text.mlp.c_proj,2,32,8,128,5.306176662445068,0.3134765625,1048576,3.351559119010831
11,text.mlp.c_proj,2,64,8,128,6.189615726470947,0.28173828125,1048576,3.351559119010831
11,text.mlp.c_proj,2,128,8,128,6.987279891967773,0.265869140625,1048576,3.351559119010831
11,text.mlp.c_proj,3,32,8,128,2.267962694168091,0.4384765625,1048576,3.351559119010831
11,text.mlp.c_proj,3,64,8,128,2.647044897079468,0.40673828125,1048576,3.351559119010831
11,text.mlp.c_proj,3,128,8,128,2.989635467529297,0.390869140625,1048576,3.351559119010831
11,text.mlp.c_proj,4,32,8,128,1.0588033199310305,0.5634765625,1048576,3.351559119010831
11,text.mlp.c_proj,4,64,8,128,1.2367676496505735,0.53173828125,1048576,3.351559119010831
11,text.mlp.c_proj,4,128,8,128,1.3962570428848269,0.515869140625,1048576,3.351559119010831
11,text.mlp.c_proj,8,32,8,128,0.06412201374769211,1.0634765625,1048576,3.351559119010831
11,text.mlp.c_proj,8,64,8,128,0.07475418597459793,1.03173828125,1048576,3.351559119010831
11,text.mlp.c_proj,8,128,8,128,0.0842188373208046,1.015869140625,1048576,3.351559119010831
