type,module,param_count,layer,percentile_0,percentile_99,percentile_999,percentile_9999,percentile_100,kurtosis
text,attn.in_proj_bias,2304,0,1.0696152230593725e-06,0.5089587107300705,3.4014486849308074,4.458011202430564,4.6756696701049805,180.4272567542165
text,attn.in_proj_bias,2304,1,6.584702987311175e-07,2.209994268417343,3.143936019420628,3.3144073591232273,3.3179500102996826,37.865574231393964
text,attn.in_proj_bias,2304,2,2.1209912119957153e-06,1.5546131682395858,3.776341902971275,4.587218546962634,4.72751522064209,73.87215578373208
text,attn.in_proj_bias,2304,3,1.8693364154387382e-06,2.190818741321542,3.8368876645565035,4.169045384526183,4.26303243637085,56.36034245245545
text,attn.in_proj_bias,2304,4,7.825453707255292e-08,1.5178518390655507,4.236561329841617,4.592171791458068,4.6754937171936035,79.88784445316276
text,attn.in_proj_bias,2304,5,2.928483979758312e-07,1.6057447004318235,4.215623708725006,5.655675270318684,6.062265872955322,88.2128281119077
text,attn.in_proj_bias,2304,6,8.197106581064872e-06,1.8510593461990024,4.911879777908326,5.495952234029716,5.568697929382324,93.5695083292074
text,attn.in_proj_bias,2304,7,4.918075319437776e-06,1.3412786495685574,4.831368235588121,5.475400980949358,5.534584999084473,108.44272022078057
text,attn.in_proj_bias,2304,8,1.0202392331848387e-05,1.3538188946246903,5.298764621257853,6.044025307369224,6.055365085601807,130.27749192328892
text,attn.in_proj_bias,2304,9,8.708259429113241e-07,0.9042466622591019,5.156058982372285,5.9962142090797395,6.000050067901611,143.55611721366043
text,attn.in_proj_bias,2304,10,3.756041451197234e-06,1.1806275510787907,3.8117768197060182,4.788362860059664,4.888632297515869,74.85437913723884
text,attn.in_proj_bias,2304,11,6.280170055106282e-07,1.0177689039707183,3.934689165115384,4.702207278108497,4.838075637817383,105.10893600840204
text,attn.in_proj_weight,1769472,0,3.185512298387039e-08,0.0543016190081835,0.07276617497950899,0.09648161958675393,0.38883936405181885,4.064220886068341
text,attn.in_proj_weight,1769472,1,1.550522349402783e-10,0.05073816016316414,0.06877186787128453,0.08597727801501218,0.19558914005756378,3.727507257158044
text,attn.in_proj_weight,1769472,2,6.072500280396298e-09,0.05008394595235588,0.06701218837499645,0.08546078703402896,0.16982842981815338,3.5499619047635695
text,attn.in_proj_weight,1769472,3,4.036348144609292e-09,0.04857291784137488,0.06504348734021212,0.08431424873471059,0.23983372747898102,3.5044086242837866
text,attn.in_proj_weight,1769472,4,2.258680709132932e-08,0.0475370326265693,0.06358766189217571,0.07983763292058445,0.15396243333816528,3.390821495457392
text,attn.in_proj_weight,1769472,5,1.1776164043908466e-08,0.04722144164144993,0.06272604799270681,0.08143684145135553,0.1892750859260559,3.3768210691102505
text,attn.in_proj_weight,1769472,6,1.1967498991793946e-08,0.046893998757004764,0.06209393768757617,0.07836358949690768,0.17140072584152222,3.311291743983598
text,attn.in_proj_weight,1769472,7,6.839499189226217e-09,0.046710617318749446,0.061587759803980666,0.07766375214010221,0.18348973989486694,3.294735164049482
text,attn.in_proj_weight,1769472,8,3.043892249365854e-08,0.04678527761250738,0.06147224265709528,0.07898579709306315,0.18263883888721466,3.2826719873844463
text,attn.in_proj_weight,1769472,9,5.352271958969368e-09,0.046148177683353456,0.060518696930260185,0.07815872434153055,0.18011927604675293,3.2518592115547076
text,attn.in_proj_weight,1769472,10,4.581307333495488e-09,0.044644350521266474,0.05886007476970563,0.0772900524236254,0.18824468553066254,3.224263010785243
text,attn.in_proj_weight,1769472,11,1.9724856414882197e-08,0.04444889687001705,0.05913963173702373,0.07751198661773191,0.17074936628341675,3.2624602191784726
text,attn.out_proj.bias,768,0,0.00017982799909077585,0.38805401235818915,1.2609632091522616,1.714004183578443,1.7643420696258545,22.20330038791143
text,attn.out_proj.bias,768,1,2.4463610316161066e-05,0.26199127078056456,0.681064132928884,1.0859727625131177,1.130962610244751,20.747208064162372
text,attn.out_proj.bias,768,2,0.00031822739401832223,0.17948001608252617,0.5670620531439806,0.5955857607781857,0.5987550616264343,14.02458685467977
text,attn.out_proj.bias,768,3,0.00016547105042263865,0.1663200615346432,0.38019577714803127,0.6399004142015896,0.6687564849853516,10.26055395981569
text,attn.out_proj.bias,768,4,0.00017654415569268167,0.17093942150473598,0.5582257722617037,1.5112951925872742,1.6171917915344238,110.86086300896268
text,attn.out_proj.bias,768,5,1.544349106552545e-05,0.2194002734124661,0.7227712624073945,1.7621551667927589,1.877642273902893,117.98697876032733
text,attn.out_proj.bias,768,6,0.000181887939106673,0.23896918952465065,0.6133637682199903,1.0941079761146988,1.1475239992141724,22.926007019758785
text,attn.out_proj.bias,768,7,6.002550071571022e-05,0.2538350877165797,0.7552150986195313,1.5506068607329475,1.6389837265014648,79.61315094759843
text,attn.out_proj.bias,768,8,0.0001041881405399181,0.19179811924696,0.8187073771954414,1.760875436711211,1.86556077003479,176.75934188455648
text,attn.out_proj.bias,768,9,4.435590199136641e-06,0.28536498755216627,1.502228324413426,2.9333681051729585,3.092383623123169,211.42268738160067
text,attn.out_proj.bias,768,10,0.0008810901781544089,0.4819635003805169,2.156624493360708,4.293681019282113,4.531131744384766,133.36519837307654
text,attn.out_proj.bias,768,11,0.0014565089950338006,0.8060726046562201,1.0371271194219598,1.0457961422324171,1.0467593669891357,3.130257395114175
text,attn.out_proj.weight,589824,0,1.3878777238574003e-08,0.037517843097448364,0.04934474993124611,0.06226749264746849,0.16656091809272766,3.280873743848349
text,attn.out_proj.weight,589824,1,3.577688190148365e-08,0.035098263062536744,0.046435622796417365,0.06311870917826735,0.14626795053482056,3.308143074837133
text,attn.out_proj.weight,589824,2,2.425443623721435e-09,0.03550472579896451,0.046352520909160734,0.057499309572946994,0.10771994292736053,3.1712349225487024
text,attn.out_proj.weight,589824,3,4.803906250572254e-08,0.035831780023872856,0.046633837226778344,0.057475996030489744,0.09235966205596924,3.125443215853669
text,attn.out_proj.weight,589824,4,1.1884321082789029e-08,0.03619786620140076,0.04731255350634529,0.06471594994141296,0.15512575209140778,3.2179325485617665
text,attn.out_proj.weight,589824,5,1.5826886468062185e-08,0.03708166711032396,0.0487740591354669,0.06287345431968207,0.10593320429325104,3.157055920876941
text,attn.out_proj.weight,589824,6,3.190194064472962e-08,0.03903456952422858,0.051817593149840906,0.06624632118641816,0.16710998117923737,3.217723739842273
text,attn.out_proj.weight,589824,7,1.2144432126603988e-08,0.038265303969383255,0.0500457642972478,0.06255913892387717,0.12618300318717957,3.153326002518718
text,attn.out_proj.weight,589824,8,2.2823698486718058e-08,0.04016962621361017,0.05338046337664129,0.06661022963896332,0.1476743072271347,3.2650768274382944
text,attn.out_proj.weight,589824,9,1.3389565900467915e-08,0.040413293913006784,0.05330558428540865,0.06584777171090159,0.14601433277130127,3.1994751089589935
text,attn.out_proj.weight,589824,10,9.495381902979716e-08,0.040712448284029965,0.0532078216187656,0.068169116783137,0.14150269329547882,3.1620664158711063
text,attn.out_proj.weight,589824,11,1.31757635912777e-08,0.04334176260977984,0.05649589797481897,0.06940541993826489,0.1276630014181137,3.17523160999169
text,ln_1.bias,768,0,6.0583661252167076e-05,0.39820566892623943,3.331770092249066,5.021454778313457,5.209197521209717,183.2210620205124
text,ln_1.bias,768,1,6.481836317107081e-05,0.5073706167936329,2.319270491600223,4.435279870033039,4.670392036437988,241.21606815801348
text,ln_1.bias,768,2,0.000404675753088668,0.528573889136316,3.319315273761966,5.774361928224303,6.047144889831543,280.2442574254612
text,ln_1.bias,768,3,8.015662024263293e-05,0.4809329313039808,3.2204624979498053,5.545174520897618,5.803475856781006,320.69727786265025
text,ln_1.bias,768,4,0.0001526095438748598,0.3697654354572327,4.559857074260945,7.20813619532557,7.502389430999756,359.67788030087445
text,ln_1.bias,768,5,0.00013868256064597517,0.42364365547895455,4.918618200302345,7.423008346366616,7.7012739181518555,332.24814910990335
text,ln_1.bias,768,6,0.0003144736110698432,0.49592574357986474,5.653135078430482,9.130978466796504,9.51740550994873,367.97868688514745
text,ln_1.bias,768,7,2.9673536118934862e-05,0.5209351730346682,5.641499773979483,8.99663403196299,9.369426727294922,357.4536634578135
text,ln_1.bias,768,8,0.00026437590713612735,0.5424773728847523,5.23506786108047,8.634111167668934,9.0117826461792,340.10330491731366
text,ln_1.bias,768,9,0.0006125394138507545,0.5164773970842365,4.489508368969212,7.306509993314443,7.619510173797607,296.85636512519403
text,ln_1.bias,768,10,4.081095175934024e-05,0.5386025273799901,2.880862875461847,5.923337058591518,6.26138973236084,276.69371080471785
text,ln_1.bias,768,11,5.091385537525639e-05,0.5097912597656257,1.8743642935754574,3.806560376977715,4.021248817443848,102.84822505675137
text,ln_1.weight,768,0,0.8285518288612366,1.5951989984512331,3.0896551532745593,3.3528678409576136,3.3821136951446533,198.74344214380406
text,ln_1.weight,768,1,0.30520862340927124,1.3116656637191775,3.410164435386675,3.6064765294074803,3.628288984298706,127.74591010212451
text,ln_1.weight,768,2,0.35095536708831787,1.601939412355423,3.3344377834797307,3.7912306960343827,3.8419854640960693,104.09474121845459
text,ln_1.weight,768,3,0.3759666979312897,1.481412179470063,2.7052914979458107,2.989364908957451,3.0209286212921143,69.72047990083132
text,ln_1.weight,768,4,0.47710245847702026,1.5269291985034952,2.085389343738568,2.22228760399817,2.2374985218048096,27.985849640934436
text,ln_1.weight,768,5,0.48844635486602783,1.5564975404739383,2.0026269164085417,2.035566355848309,2.0392262935638428,21.584519598157698
text,ln_1.weight,768,6,0.5286198258399963,1.7307419943809514,2.0251764717102105,2.0880580133438045,2.0950448513031006,26.45044574274234
text,ln_1.weight,768,7,0.552239179611206,1.7275596415996552,2.197601692199724,2.388431944084147,2.409635305404663,41.640863910248704
text,ln_1.weight,768,8,0.6204640865325928,1.8272093701362613,2.012998525500302,2.063433760821814,2.069037675857544,33.80142055662133
text,ln_1.weight,768,9,0.6366084814071655,1.7794755840301522,2.0735302462577914,2.1812944938182715,2.193268299102783,33.89181532889878
text,ln_1.weight,768,10,0.6931385397911072,1.617167984247208,2.335430998802187,2.3532484669685343,2.3552281856536865,43.902947165819796
text,ln_1.weight,768,11,0.42940041422843933,1.7170052659511583,2.2029226300716624,2.455965404486629,2.484081268310547,24.05921436104291
text,ln_2.bias,768,0,0.0012175305746495724,1.6544545817375202,2.1023632082939234,2.199359951353063,2.210137367248535,2.853931984478936
text,ln_2.bias,768,1,1.8844602891476825e-05,1.682283424139025,3.513762387752731,5.757204142522573,6.006475448608398,10.788978286757743
text,ln_2.bias,768,2,0.0007178031955845654,1.5886724352836636,3.3662746725084993,6.309403999423667,6.636418342590332,22.29817374256406
text,ln_2.bias,768,3,0.001148852752521634,1.6348165106773427,2.956698561191683,4.363201203393786,4.519479274749756,6.167671100909008
text,ln_2.bias,768,4,0.0002798014029394835,1.7839260089397515,3.152960453271939,3.980302063012035,4.072228908538818,5.645721906556296
text,ln_2.bias,768,5,0.0007975345361046493,1.8230859410762832,3.341170786857674,4.125957679653085,4.213156223297119,5.905226076252561
text,ln_2.bias,768,6,0.002047783462330699,1.7678978121280746,3.7623578958514385,7.198052019404999,7.579795837402344,24.616970555014674
text,ln_2.bias,768,7,0.001163809560239315,1.4622050046920778,3.633759663582127,6.79299830656018,7.144024848937988,35.566646580974265
text,ln_2.bias,768,8,0.0020336899906396866,1.378626210689545,3.341775907516795,6.916828347587205,7.314056396484375,70.62615536879468
text,ln_2.bias,768,9,0.00010247738100588322,1.0257685780525216,2.900500597477347,7.291491908025274,7.779379844665527,128.52383253057553
text,ln_2.bias,768,10,0.00018017592083197087,0.8669131720066087,2.1430691771508523,3.570874980020371,3.729520082473755,21.303063286653774
text,ln_2.bias,768,11,0.0002314269804628566,0.9177818202972415,1.697347809076312,1.7302449513673748,1.7339001893997192,4.744615724070183
text,ln_2.weight,768,0,0.6531808972358704,1.9291561460495006,5.4094765195848264,7.342075705623421,7.556808948516846,300.15050414904346
text,ln_2.weight,768,1,0.7083797454833984,2.0198535490036016,3.0319547779560123,3.0702264559984167,3.0744788646698,43.176208858808
text,ln_2.weight,768,2,0.7770055532455444,1.9994926452636725,2.16241979813576,2.1899167301416367,2.19297194480896,218.93632626031484
text,ln_2.weight,768,3,0.1162114366889,1.9874605941772463,2.3147424254417586,2.502258358335475,2.5230934619903564,96.02939018652107
text,ln_2.weight,768,4,0.19813686609268188,2.0200315785408023,2.21659405183793,2.3183550667285813,2.3296618461608887,101.47697777943716
text,ln_2.weight,768,5,0.2996373176574707,2.0491069960594177,2.128106645822532,2.2096807293176566,2.2187445163726807,139.61995208780445
text,ln_2.weight,768,6,0.4465842545032501,2.0521202635765077,2.1393509409427724,2.232416682457914,2.2427573204040527,50.547350468934276
text,ln_2.weight,768,7,0.3839109241962433,2.1634348034858704,2.342339051008231,2.4153710854291837,2.42348575592041,40.10313654325239
text,ln_2.weight,768,8,0.5795567035675049,2.207450387477875,2.3714931111335833,2.4626169691562554,2.4727418422698975,26.577232252537346
text,ln_2.weight,768,9,0.5945287346839905,2.3183004474639897,2.680491436481505,3.013229774332011,3.0502007007598877,19.08827416422678
text,ln_2.weight,768,10,0.47370749711990356,2.2505768752098114,2.709557758331306,2.792632649993888,2.801863193511963,40.14937090433848
text,ln_2.weight,768,11,0.9043678045272827,2.0632326340675364,2.348518716812152,2.558664118003823,2.5820136070251465,20.611620445019078
text,mlp.c_fc.bias,3072,0,0.006692409515380859,1.8679491150379175,4.32179822635652,4.383456021928778,4.390042304992676,30.47767058412541
text,mlp.c_fc.bias,3072,1,0.0053394329734146595,1.7514139580726624,2.1411762316227163,2.9938760457990377,3.143807888031006,11.68876827664327
text,mlp.c_fc.bias,3072,2,0.016361892223358154,1.6277127540111542,1.8649206830263279,2.4116843033191637,2.6115376949310303,14.787485733270305
text,mlp.c_fc.bias,3072,3,0.013429118320345879,1.6335504186153411,1.9810901248455126,2.5242650262830457,2.6746256351470947,21.110717536201324
text,mlp.c_fc.bias,3072,4,0.05216442793607712,1.6633967065811157,2.174869732856839,2.5221776358841552,2.6115963459014893,8.41280910023224
text,mlp.c_fc.bias,3072,5,0.016984442248940468,1.688687146902084,2.115111588716507,2.429941763639354,2.4962563514709473,9.116353457863603
text,mlp.c_fc.bias,3072,6,0.007882026955485344,1.6880353462696076,2.151999238014269,2.3960162576198183,2.423330068588257,16.339044452832322
text,mlp.c_fc.bias,3072,7,0.00630479259416461,1.7566103649139402,2.1598052589893566,2.358314214157991,2.4044764041900635,15.422603487961497
text,mlp.c_fc.bias,3072,8,0.026346085593104362,1.7454344272613525,2.1402228424549277,2.323338684677964,2.401906728744507,10.55808805392928
text,mlp.c_fc.bias,3072,9,0.044323407113552094,1.80447634100914,2.163625484466561,2.2684419996738416,2.269655227661133,8.078607373657197
text,mlp.c_fc.bias,3072,10,0.02596428245306015,1.7923057723045348,2.2567900764942936,2.445353499078746,2.448486804962158,6.5950256987042355
text,mlp.c_fc.bias,3072,11,0.04377053305506706,1.846627892255783,2.169694014310878,2.7868370075461835,2.952946662902832,3.220320043545719
text,mlp.c_fc.weight,2359296,0,7.66566365939525e-09,0.04544644113630049,0.05844750201329601,0.0711337260827414,0.22465436160564423,3.111321629333239
text,mlp.c_fc.weight,2359296,1,5.586087148401475e-09,0.04465155303478227,0.05758341433480383,0.0691411749385282,0.22590062022209167,3.1040094243226832
text,mlp.c_fc.weight,2359296,2,1.2977849017659082e-08,0.04418620504438873,0.05691236345097463,0.06778724841028297,0.15527620911598206,3.0476798189406455
text,mlp.c_fc.weight,2359296,3,4.411251364189184e-09,0.04386268928647041,0.056550406925380256,0.06841218749061198,0.11660998314619064,3.0567396405641647
text,mlp.c_fc.weight,2359296,4,3.6006975179248e-09,0.04364177342504244,0.05626586506143228,0.06724618472903918,0.1330268234014511,3.072398311749821
text,mlp.c_fc.weight,2359296,5,1.7130085794292427e-08,0.04339122902601951,0.05595724213868393,0.06725049309804969,0.10034710168838501,3.0581450022889753
text,mlp.c_fc.weight,2359296,6,7.327323636729943e-09,0.04320866856724022,0.05569313541054738,0.06650129101425392,0.15546706318855286,3.053470998692992
text,mlp.c_fc.weight,2359296,7,7.163083903805045e-09,0.04302960876375429,0.05544129135087137,0.0665756941102413,0.11708729714155197,3.0531601497538126
text,mlp.c_fc.weight,2359296,8,3.0764708558450593e-09,0.042566261999309046,0.05487891737371721,0.06655216237902525,0.1768134981393814,3.0696775698776992
text,mlp.c_fc.weight,2359296,9,7.762695375390649e-09,0.04197013117372988,0.05411653364077219,0.06575956388190175,0.1277666836977005,3.065453985089178
text,mlp.c_fc.weight,2359296,10,1.3770979911953418e-08,0.04147594738751645,0.05382933828979765,0.06542079937085499,0.12984123826026917,3.067657384247557
text,mlp.c_fc.weight,2359296,11,1.0393673477437915e-08,0.042158518917858434,0.05481837792322044,0.06601844821124678,0.09801994264125824,3.086129858871849
text,mlp.c_proj.bias,768,0,0.0009129099198617041,0.5667590850591696,1.5007486431599002,1.8840050825357029,1.9265891313552856,16.831738076720704
text,mlp.c_proj.bias,768,1,5.930741463089362e-05,0.2416326241195205,0.4992467918992226,0.707264210373141,0.7303772568702698,8.344886340889138
text,mlp.c_proj.bias,768,2,0.00030713091837242246,0.18633459523320242,0.5171822862923294,0.6862007256060658,0.7049805521965027,13.224992055440767
text,mlp.c_proj.bias,768,3,0.0010588178411126137,0.22244167029857714,0.4419116547108008,0.794905583763085,0.8341271281242371,12.870565912618279
text,mlp.c_proj.bias,768,4,0.00011479786917334422,0.22766899347305306,0.780931032300088,1.829664529025443,1.9461904764175415,132.8441593955421
text,mlp.c_proj.bias,768,5,0.00022290066408459097,0.22228827461600317,0.771227724671446,1.7013302571891749,1.8046749830245972,102.14636089118392
text,mlp.c_proj.bias,768,6,2.8330268833087757e-05,0.2569223222136499,0.6862027727366324,1.6266883500694227,1.7311867475509644,76.80225121589606
text,mlp.c_proj.bias,768,7,0.00025265870499424636,0.2577195654809485,0.6944447453618205,0.8707193880855849,0.8903054594993591,14.688838516044061
text,mlp.c_proj.bias,768,8,1.8389859178569168e-05,0.21323944643139842,0.4689188652634622,0.47076352291703205,0.47096848487854004,6.408565829178184
text,mlp.c_proj.bias,768,9,3.777915480895899e-05,0.2882645237445834,1.216685053825512,2.7313980159281073,2.8996994495391846,198.18516727901834
text,mlp.c_proj.bias,768,10,5.04180061398074e-05,0.4420873931050301,0.9031223137379469,1.7823682256459255,1.880062222480774,22.975134952090812
text,mlp.c_proj.bias,768,11,0.0008459092350676656,1.1360516095161455,3.4978847668172377,5.139062358593766,5.321415424346924,21.100636846089042
text,mlp.c_proj.weight,2359296,0,3.6461869967752136e-08,0.03483122903853654,0.04544332375749959,0.05784516386501452,0.46030914783477783,16.411416535361464
text,mlp.c_proj.weight,2359296,1,4.983752646681161e-11,0.0362028883770108,0.046720242127776285,0.05717893642373273,0.6378786563873291,10.636934397271798
text,mlp.c_proj.weight,2359296,2,5.490522259066211e-09,0.03602153751999135,0.04672876089811334,0.056276631902902066,0.6717720627784729,5.467879831695406
text,mlp.c_proj.weight,2359296,3,6.525334717011333e-10,0.03586400281637904,0.04646580923348666,0.055612155903130275,0.16487760841846466,3.117101945617834
text,mlp.c_proj.weight,2359296,4,8.303033816048355e-09,0.03622759077697989,0.04705401787534392,0.05690968301147139,0.20961448550224304,3.162125318135728
text,mlp.c_proj.weight,2359296,5,4.080533244632534e-09,0.03661732561886304,0.047453186586499246,0.05747428999468683,0.14183540642261505,3.114353715482094
text,mlp.c_proj.weight,2359296,6,7.425929204885051e-09,0.03770591355860226,0.049023723341524786,0.05971896103396976,0.19791823625564575,3.1560610360682673
text,mlp.c_proj.weight,2359296,7,1.887977774117644e-08,0.038180144131183605,0.04972187228500849,0.06059974528290097,0.2603257894515991,3.230989551532942
text,mlp.c_proj.weight,2359296,8,5.998733065837314e-09,0.03906297422945495,0.05112636994570534,0.06288751182332578,0.2637234628200531,3.273957420333387
text,mlp.c_proj.weight,2359296,9,1.2995676534899303e-08,0.04005257710814465,0.052660664524883265,0.06594046931712993,0.33416393399238586,3.322224898837691
text,mlp.c_proj.weight,2359296,10,2.0737919825819517e-08,0.039853739738464275,0.052638177145272504,0.06764834443852229,0.2835558354854584,3.252371370612472
text,mlp.c_proj.weight,2359296,11,2.4624116079507985e-09,0.03709378987550735,0.049512718021869684,0.06266289445757053,0.12175226211547852,3.2207147468979427
vision,attn.in_proj_bias,3072,0,5.527176085706742e-07,2.992020449638366,3.5217941217422695,3.7840632298468577,3.850445032119751,10.82132088830159
vision,attn.in_proj_bias,3072,1,1.4315409316623118e-05,2.6431659293174743,3.489130483627367,3.563113314533225,3.56887149810791,9.876405404494594
vision,attn.in_proj_bias,3072,2,9.139986332229455e-07,2.386156513690948,2.9535084407329926,3.149219389033317,3.149564027786255,7.055475270069865
vision,attn.in_proj_bias,3072,3,1.960770987352589e-06,2.45252641916275,3.304507227659256,3.526875975775655,3.5706944465637207,13.271188826719778
vision,attn.in_proj_bias,3072,4,5.948645593889523e-06,2.2335862350463844,3.707934258699494,4.702688479971301,5.105088233947754,28.74249051834802
vision,attn.in_proj_bias,3072,5,1.3571303497883491e-05,1.5485287141799926,3.1018803856373793,4.571973549460597,5.100860118865967,40.71128352298505
vision,attn.in_proj_bias,3072,6,2.4724331524339505e-05,2.054623315334316,3.979877401352043,4.716603885269108,4.756189823150635,56.956747271323586
vision,attn.in_proj_bias,3072,7,6.949684120627353e-06,1.3817056500911684,3.4963901314735892,3.911768709421155,3.913602828979492,66.58286377929183
vision,attn.in_proj_bias,3072,8,7.1661374931863975e-06,1.5729117012023908,3.9630269198420818,5.1452528747078015,5.402955532073975,76.69980762604372
vision,attn.in_proj_bias,3072,9,1.9670975234475918e-05,1.6335116982459994,3.653958764553085,4.682306404161256,4.818019390106201,78.6383012776626
vision,attn.in_proj_bias,3072,10,7.38660673960112e-07,1.5845774090290061,3.581890632629402,3.830154525423049,3.830941915512085,72.16921716052704
vision,attn.in_proj_bias,3072,11,3.7519607758440543e-06,1.5223194646835323,3.988293877840108,4.5500274767874656,4.619858741760254,50.96752647072731
vision,attn.in_proj_bias,3072,12,7.169909622462001e-06,1.6051393568515775,4.386363681793253,4.811541224575038,4.814867973327637,60.068806675741484
vision,attn.in_proj_bias,3072,13,8.634056030132342e-06,2.0395379257202144,4.0102431378364605,4.625866147565674,4.741527557373047,38.82510528096836
vision,attn.in_proj_bias,3072,14,6.806241435697302e-05,2.0131079173088064,4.459848038673422,4.859032039928387,4.892919540405273,63.92519658786974
vision,attn.in_proj_bias,3072,15,3.9184436900541186e-05,2.067592079639434,4.808279876709052,5.466851856422272,5.572057247161865,68.94446454252073
vision,attn.in_proj_bias,3072,16,5.039539132667414e-07,1.8156021130084938,4.449680070400317,6.005674664449377,6.222443580627441,85.37577336757504
vision,attn.in_proj_bias,3072,17,1.3371843124332372e-05,2.426555056571959,5.133088948726815,7.958217449377956,8.65471076965332,79.16779601793793
vision,attn.in_proj_bias,3072,18,2.4215876692323945e-05,2.73594566106796,4.634850318908803,7.117525749872628,8.141816139221191,54.07142658655353
vision,attn.in_proj_bias,3072,19,2.3123193386709318e-05,3.575061202049255,7.445253598690241,10.882107742308182,11.837905883789062,67.39692600315617
vision,attn.in_proj_bias,3072,20,1.2262354175618384e-05,4.529726090431213,8.8039160232545,17.871786012358065,21.568021774291992,118.72974921923277
vision,attn.in_proj_bias,3072,21,1.8668692064238712e-05,3.1129417800903303,6.7778681302073,11.730149551150472,13.596431732177734,83.75878218231685
vision,attn.in_proj_bias,3072,22,3.933451444027014e-05,4.95035949230194,10.698958162307886,16.24552118730334,17.698291778564453,32.102674325493325
vision,attn.in_proj_bias,3072,23,1.6422980479546823e-05,0.6520154786109917,4.765597127914445,4.927575703716214,4.9716997146606445,147.47473689357668
vision,attn.in_proj_weight,3145728,0,4.008139306566072e-12,0.03826864346861839,0.06863558577001375,0.09662569009512205,0.18926407396793365,33.198020917247995
vision,attn.in_proj_weight,3145728,1,5.962722069569049e-12,0.03861892495304346,0.06712859480828208,0.09853685214890825,0.16417984664440155,28.132612206340166
vision,attn.in_proj_weight,3145728,2,6.200212652324177e-12,0.03587333157658576,0.07338890442252556,0.11308136397822252,0.2506415545940399,49.365854428740604
vision,attn.in_proj_weight,3145728,3,2.8120669681719335e-10,0.03544704809784889,0.06435832858831077,0.10411296241134248,0.226259246468544,10.206783810747183
vision,attn.in_proj_weight,3145728,4,7.287954684187525e-10,0.03646632730960846,0.0578748854659504,0.0996976952023767,0.24553106725215912,5.944011098188433
vision,attn.in_proj_weight,3145728,5,2.783611785517337e-09,0.03987817499786615,0.06317791961878556,0.10075855334848004,0.20090097188949585,5.144017140195187
vision,attn.in_proj_weight,3145728,6,2.5325086472349767e-09,0.03947710763663053,0.06005597646162085,0.0990329351879086,0.2503563463687897,4.688081859084867
vision,attn.in_proj_weight,3145728,7,9.893181829312425e-10,0.04125724773854017,0.061264942571521284,0.09525940020678297,0.17879731953144073,4.146721087198267
vision,attn.in_proj_weight,3145728,8,4.746656845355801e-09,0.040769977755844594,0.05908306113258006,0.09685811398622107,0.24924622476100922,4.1131793901250315
vision,attn.in_proj_weight,3145728,9,1.2551063521826222e-09,0.04136037405580282,0.058095162089914464,0.08560470775138943,0.17433905601501465,3.6639217118651897
vision,attn.in_proj_weight,3145728,10,1.334547761189242e-08,0.0417827670276165,0.05944026028364904,0.09225066784462964,0.19352063536643982,3.7993475764894042
vision,attn.in_proj_weight,3145728,11,6.535841312604873e-10,0.04218706775456666,0.05884726228565773,0.08839654794401453,0.24475379288196564,3.646893148434645
vision,attn.in_proj_weight,3145728,12,1.3507960305858546e-09,0.041684268675744526,0.05694005183503131,0.08395297584753966,0.17751437425613403,3.4754594705427313
vision,attn.in_proj_weight,3145728,13,1.0100142944224899e-08,0.04111358426511287,0.0554527470692998,0.0796360284723214,0.17128720879554749,3.3866676336169803
vision,attn.in_proj_weight,3145728,14,1.9091423997252832e-09,0.041163247786462305,0.055344765905293504,0.08246117602809952,0.1633554846048355,3.3477283909632276
vision,attn.in_proj_weight,3145728,15,1.623325140975851e-09,0.0412931876257062,0.0548329241871847,0.07651690960450985,0.17896565794944763,3.2706281104529227
vision,attn.in_proj_weight,3145728,16,4.053484214949776e-09,0.041597651652991764,0.055179428528997904,0.07480368727892565,0.1402774304151535,3.2124367093657895
vision,attn.in_proj_weight,3145728,17,1.3381665220357775e-10,0.041654956415295596,0.0548031699545701,0.07047349413707632,0.1461573988199234,3.1685557287455177
vision,attn.in_proj_weight,3145728,18,1.4083896715533228e-08,0.04170898016542196,0.05502860179171091,0.07454617506115234,0.19366392493247986,3.2206467081571906
vision,attn.in_proj_weight,3145728,19,6.41781383592388e-09,0.041578519009053676,0.0546213603913788,0.07412868919595914,0.2670667767524719,3.2508451972398915
vision,attn.in_proj_weight,3145728,20,8.951350771724265e-10,0.04174451194703578,0.05418160091340556,0.06920332776753584,0.15456610918045044,3.132272062185386
vision,attn.in_proj_weight,3145728,21,1.8801157963821424e-08,0.04230608608573674,0.0550316805690533,0.07018882101472021,0.17660914361476898,3.138867617115894
vision,attn.in_proj_weight,3145728,22,1.619494954807621e-10,0.04216233037412166,0.05488362519443068,0.06942025685160923,0.14904579520225525,3.134387266981501
vision,attn.in_proj_weight,3145728,23,3.158833550287454e-08,0.04231473125517368,0.05628188986703911,0.07272814507482672,0.1941724270582199,3.2992904013618616
vision,attn.out_proj.bias,1024,0,0.00016443297499790788,0.4395710054039948,1.106204194426551,1.1891074439644702,1.1981312036514282,35.583201145840206
vision,attn.out_proj.bias,1024,1,4.737753624795005e-05,0.7181720906496043,1.0835907058715935,1.0927751240611068,1.0934864282608032,7.609625822975758
vision,attn.out_proj.bias,1024,2,6.147276144474745e-05,0.8047522711753837,1.1472640039920832,1.3445292998432834,1.3669368028640747,10.374164573841998
vision,attn.out_proj.bias,1024,3,4.7263692977139726e-05,0.558540133833885,1.3707699626088607,1.5416097006439937,1.5597084760665894,26.534618672400356
vision,attn.out_proj.bias,1024,4,0.00020355680317152292,0.3837629660964007,0.7451919224262407,1.2303093701361927,1.285094976425171,23.440354278484815
vision,attn.out_proj.bias,1024,5,2.2520111087942496e-05,0.4123809874057768,0.8694942992925804,0.930090217167131,0.9365266561508179,15.827177967371968
vision,attn.out_proj.bias,1024,6,0.00020139626576565206,0.3001056703925132,0.7068525522351288,0.7413675328850698,0.7452327609062195,17.52718963962054
vision,attn.out_proj.bias,1024,7,8.902995614334941e-05,0.2172966834902763,0.8514383150339372,0.9261082246243857,0.9338960647583008,30.84171488947934
vision,attn.out_proj.bias,1024,8,0.0002701035118661821,0.20883491039276111,0.7636959410905931,0.8790619258344013,0.8919327855110168,27.74059344152334
vision,attn.out_proj.bias,1024,9,2.7958169084740803e-05,0.25766272574663157,1.3161822342873084,1.8958154316186098,1.960502028465271,128.60282780214723
vision,attn.out_proj.bias,1024,10,3.309041858301498e-05,0.3325807648897163,1.4819608796835169,2.915913122713363,3.0786666870117188,258.7413050931343
vision,attn.out_proj.bias,1024,11,2.9233839086373337e-05,0.274264923036098,1.2835879380703101,3.176920345306128,3.3922996520996094,335.39756041633154
vision,attn.out_proj.bias,1024,12,0.000131755878101103,0.2480831220746039,1.4925976814628286,2.738877612423722,2.879023551940918,303.59834608104995
vision,attn.out_proj.bias,1024,13,5.379397771321237e-05,0.2754473343491551,1.153337517499976,1.3024557125329779,1.3179126977920532,62.5586388011927
vision,attn.out_proj.bias,1024,14,0.00015319482190534472,0.22572694107890104,0.6204930577278187,1.1503142576753342,1.2105462551116943,66.00824291373824
vision,attn.out_proj.bias,1024,15,5.949539627181366e-05,0.2581039595603943,0.6191352689862333,0.8076744236409399,0.8289189338684082,9.434143753215874
vision,attn.out_proj.bias,1024,16,7.710987847531214e-05,0.23683282822370524,0.8987301455736536,1.3586484605371312,1.4099549055099487,50.90537930681021
vision,attn.out_proj.bias,1024,17,6.968245725147426e-05,0.192979381084442,0.6259866771400264,1.9333430198667587,2.081474781036377,205.30615443795648
vision,attn.out_proj.bias,1024,18,0.00019367551431059837,0.21806213513016692,0.8222769535184055,1.5178418530820819,1.5966709852218628,73.64599258022234
vision,attn.out_proj.bias,1024,19,0.00010213122004643083,0.32752877235412586,0.6552109657526048,1.641913480388978,1.7542608976364136,34.01419679097893
vision,attn.out_proj.bias,1024,20,2.5737724627106218e-06,0.29648391962051385,1.1709223597646168,1.2125887354373888,1.21613609790802,17.883670548292013
vision,attn.out_proj.bias,1024,21,7.689352059969679e-05,0.42968481868505476,1.4582269383669244,2.226730612754714,2.31329345703125,31.388703901405
vision,attn.out_proj.bias,1024,22,2.3042873635858996e-06,0.4483251944184303,1.5756875055433184,4.708025280904328,5.062439918518066,213.52342880864754
vision,attn.out_proj.bias,1024,23,0.0001584126439411193,0.6139852690696712,1.284296437144313,2.234194990599022,2.341458559036255,13.67060138404098
vision,attn.out_proj.weight,1048576,0,3.862578257241012e-09,0.04453699570149183,0.07651383951306581,0.11846967469896459,0.31562814116477966,17.73835370045046
vision,attn.out_proj.weight,1048576,1,7.6815087624027e-09,0.03438314329832792,0.06270593740046752,0.09577395780011687,0.26441165804862976,16.008184486885018
vision,attn.out_proj.weight,1048576,2,9.02843222405636e-09,0.03102479735389352,0.0641705013811596,0.13347794651978234,0.2975415885448456,31.155745247825113
vision,attn.out_proj.weight,1048576,3,3.2519126280661226e-10,0.03217599634081125,0.05437226239592079,0.10514904523262616,0.24686555564403534,8.810965688489373
vision,attn.out_proj.weight,1048576,4,2.8556863540529775e-08,0.03395723178982735,0.04986301083117842,0.07934617115184038,0.1875544786453247,4.429134829379009
vision,attn.out_proj.weight,1048576,5,4.4523743025770557e-10,0.03602105472236872,0.04932578327134259,0.06559121498828911,0.13750725984573364,3.5518772959631266
vision,attn.out_proj.weight,1048576,6,1.366796276158766e-08,0.03596422355622053,0.048496146406978705,0.06526877239341945,0.1417815387248993,3.486077368480093
vision,attn.out_proj.weight,1048576,7,1.5932824837250337e-08,0.03609005082398653,0.048032115213576226,0.06177374092861637,0.12424296885728836,3.354604531426482
vision,attn.out_proj.weight,1048576,8,5.161893579241905e-09,0.03676723502576351,0.04979291064664844,0.07035846060141077,0.2674527168273926,3.7317486719245503
vision,attn.out_proj.weight,1048576,9,7.888489861329617e-09,0.03567631542682648,0.04822692060843397,0.06868627028537323,0.13101699948310852,3.3782190373819514
vision,attn.out_proj.weight,1048576,10,4.5054058261939645e-08,0.03535547573119402,0.04605210032314111,0.056290838178246906,0.08945067226886749,3.1473185366263547
vision,attn.out_proj.weight,1048576,11,6.806728514163751e-09,0.03569705691188574,0.048450074996799965,0.07379741292444193,0.15518642961978912,3.4248289981740734
vision,attn.out_proj.weight,1048576,12,1.1221084506018997e-08,0.035341277718544006,0.046490677446127705,0.06144083981401557,0.14499156177043915,3.233652857724925
vision,attn.out_proj.weight,1048576,13,4.769691308581514e-10,0.03603510744869709,0.048041238076985696,0.06339360497890978,0.11056430637836456,3.1748293323393595
vision,attn.out_proj.weight,1048576,14,1.9213981516941203e-08,0.03651127312332392,0.0474409304559244,0.06009558873251018,0.10942403972148895,3.082077089186545
vision,attn.out_proj.weight,1048576,15,6.268353835992002e-09,0.037122136913239956,0.04902316387742798,0.08140439560635519,0.1547899693250656,3.371690105290851
vision,attn.out_proj.weight,1048576,16,2.2232526930565655e-09,0.03744194284081459,0.05066331727430245,0.10393960326908594,0.2882234454154968,4.188691371187775
vision,attn.out_proj.weight,1048576,17,3.152267424866295e-08,0.037685099989175797,0.05019261445850276,0.0960726959444473,0.2027309685945511,3.886931138695074
vision,attn.out_proj.weight,1048576,18,3.047152574708889e-08,0.03829220216721296,0.050181362126022755,0.06865493731570484,0.2656647562980652,3.3381145064346542
vision,attn.out_proj.weight,1048576,19,2.526098441535396e-08,0.03902401961386204,0.05223090285435405,0.09193659240370392,0.18603627383708954,3.5893402525062856
vision,attn.out_proj.weight,1048576,20,8.755738356569509e-10,0.03923666849732399,0.05191315663978496,0.09105332009488654,0.20691432058811188,3.9381807326811282
vision,attn.out_proj.weight,1048576,21,3.4214760802342425e-08,0.04051969479769468,0.05454282797873078,0.11523951990529789,0.29115191102027893,4.542117508739984
vision,attn.out_proj.weight,1048576,22,4.857013014003542e-09,0.04362202249467373,0.05844036098569696,0.10723972309372319,0.20225726068019867,3.654804236258658
vision,attn.out_proj.weight,1048576,23,8.146037799861006e-08,0.04694180842489004,0.061429526284338516,0.08034695765002843,0.16418246924877167,3.215941956299498
vision,ln_1.bias,1024,0,1.7545677621910727e-07,0.8311970967054353,1.9231458594799211,2.472270928215903,2.5343520641326904,86.0507148590057
vision,ln_1.bias,1024,1,3.360307516686589e-07,0.44295389175415023,1.6789441480636944,2.048146005296656,2.089198112487793,149.72868516783942
vision,ln_1.bias,1024,2,2.467666604388796e-07,0.2665607303380965,0.8875979805588878,1.8999568439720629,2.0148656368255615,292.74859858760334
vision,ln_1.bias,1024,3,4.826326858164975e-06,0.35967716485261836,1.9174572885037067,3.318604816365045,3.476520299911499,278.80146123972594
vision,ln_1.bias,1024,4,6.1686691879003774e-06,0.3770595055818555,2.0664045991898568,2.6510347892998856,2.714761972427368,178.0143473861963
vision,ln_1.bias,1024,5,1.6397251556554693e-06,0.5857983058691021,2.24398555040369,2.4337676994085076,2.4525938034057617,80.19238490312084
vision,ln_1.bias,1024,6,0.0002344803069718182,0.5018860912322997,2.2731209925413793,3.4344527297972007,3.5648553371429443,150.23956530499473
vision,ln_1.bias,1024,7,0.00029449063003994524,0.6062411123514156,1.9790161221027642,3.0806908573506706,3.2054443359375,105.71931222446956
vision,ln_1.bias,1024,8,8.961335697676986e-05,0.5046226966381071,2.3433002288342157,2.4165604701042094,2.4230477809906006,74.66318884250637
vision,ln_1.bias,1024,9,0.0001068299898179248,0.5021534872055023,1.8533032270670353,2.8125216315268124,2.92060923576355,127.11590081777264
vision,ln_1.bias,1024,10,7.977767381817102e-05,0.4451055991649616,2.0556564899683805,2.9599264285801588,3.0605990886688232,132.94950118310967
vision,ln_1.bias,1024,11,2.2516867829835974e-05,0.48226221501827143,2.0480482513905325,3.9056049464461577,4.115070819854736,236.02547048680597
vision,ln_1.bias,1024,12,3.0088322091614828e-05,0.45196257978677723,2.765818530440472,4.6426365181443465,4.852363586425781,290.3784344331198
vision,ln_1.bias,1024,13,0.0002673931885510683,0.5320469078421585,2.9057266256810474,4.602821210956337,4.7925705909729,239.90144389081928
vision,ln_1.bias,1024,14,0.0004439515760168433,0.5761388540267941,2.6915883073807323,4.641066259026252,4.8615827560424805,256.59746297690094
vision,ln_1.bias,1024,15,0.0001482731313444674,0.6613010042905804,1.9418983039856075,3.976708612799356,4.208242416381836,167.30846105079624
vision,ln_1.bias,1024,16,0.0002478205133229494,0.821338184475898,1.5248779361248164,3.1964707964060324,3.386528968811035,54.268821157994076
vision,ln_1.bias,1024,17,9.896955452859402e-05,0.7685484713315963,1.1380857057571412,3.222458516931238,3.459989070892334,70.36931807039207
vision,ln_1.bias,1024,18,0.0003139991604257375,0.7477795010805125,1.6572316269874863,2.9237357617614865,3.0672128200531006,36.4537042160116
vision,ln_1.bias,1024,19,0.00035659162676893175,0.769958100318908,1.7889868308306116,2.74966876238571,2.858041524887085,31.272495283200353
vision,ln_1.bias,1024,20,5.651306310028303e-06,0.7195733016729352,2.4252323536873543,2.485720090842241,2.490614891052246,24.57100737637157
vision,ln_1.bias,1024,21,0.00020948212477378547,1.0321857291460028,2.944326956748983,3.6669218009947713,3.7486653327941895,25.4717910312905
vision,ln_1.bias,1024,22,6.02031359449029e-05,1.0770246315002427,4.107875705957479,4.465431422996472,4.504238605499268,55.85947615084136
vision,ln_1.bias,1024,23,2.6272668037563562e-05,0.7792628830671303,2.2990191709995287,2.792535430931975,2.848719596862793,27.68993363115077
vision,ln_1.weight,1024,0,2.774756922008237e-07,0.845091768503189,0.9756532015800512,1.01466087674498,1.018999695777893,2.5960021566221916
vision,ln_1.weight,1024,1,2.4165558443201007e-08,1.3049219393730163,1.5276659548282687,1.538083803772925,1.5390853881835938,2.5801781157322052
vision,ln_1.weight,1024,2,1.9210192547802762e-08,1.5512241506576538,1.6548349777460107,1.695247213804716,1.6998260021209717,3.560203691712629
vision,ln_1.weight,1024,3,9.42612223298056e-06,1.7918699622154206,2.2533577744960853,2.34432365210055,2.3544936180114746,10.05669575281863
vision,ln_1.weight,1024,4,1.095401694328757e-05,1.6756663513183576,2.1120843908786835,2.237235016870481,2.2513136863708496,17.42314119063048
vision,ln_1.weight,1024,5,5.242228871793486e-05,1.9801663613319394,2.5056205737590793,2.614626227307304,2.627040386199951,19.19492117966036
vision,ln_1.weight,1024,6,0.16730263829231262,1.4423726654052733,1.6944299452304856,1.980968265461881,2.0135746002197266,10.528165169153366
vision,ln_1.weight,1024,7,0.09787598997354507,1.522092843055724,1.7403293225765266,1.9411797195195868,1.963955283164978,9.841528681963295
vision,ln_1.weight,1024,8,0.16837503015995026,1.5262486016750323,1.8795549676418384,1.9100660543441732,1.9133089780807495,8.713106982550256
vision,ln_1.weight,1024,9,0.30454134941101074,1.5117937517166136,1.7177966328859366,1.7189293880105019,1.7189457416534424,6.021179323584203
vision,ln_1.weight,1024,10,0.32201436161994934,1.4947467935085292,1.6658362588882476,1.835967341864085,1.8552651405334473,4.972579440877991
vision,ln_1.weight,1024,11,0.3884202539920807,1.6848651957511902,1.923872339725509,1.9530948154449428,1.9559919834136963,4.197742901646919
vision,ln_1.weight,1024,12,0.558119535446167,1.6381439113616942,1.815568138837822,1.9417329546212974,1.955886721611023,4.368923208264114
vision,ln_1.weight,1024,13,0.5115712881088257,1.7968994927406303,2.23433523511888,2.2403707794904704,2.24063777923584,7.4579556999622865
vision,ln_1.weight,1024,14,0.4924452006816864,1.6144538676738738,1.775617271661761,1.930493529009797,1.9480615854263306,7.025691494818478
vision,ln_1.weight,1024,15,0.4319153130054474,1.560253050327301,1.6848023918867134,1.7218780724286982,1.7260383367538452,11.27484307679124
vision,ln_1.weight,1024,16,0.3332430124282837,1.5839073526859282,1.6533329383134847,1.7054743769884035,1.7113980054855347,20.040612891121846
vision,ln_1.weight,1024,17,0.30202871561050415,1.5510376965999602,1.7290013338327495,1.7395336662650096,1.7404810190200806,30.943113795826154
vision,ln_1.weight,1024,18,0.24410735070705414,1.6032392287254333,1.7963068197965668,1.8608042169570833,1.8680176734924316,44.94159874826317
vision,ln_1.weight,1024,19,0.21345804631710052,1.67285262465477,2.043846729159379,2.0718233007669418,2.0743062496185303,54.5682265014252
vision,ln_1.weight,1024,20,0.23329241573810577,1.6502415561676025,1.7543388507366189,2.075057506048634,2.1115787029266357,42.418322726368594
vision,ln_1.weight,1024,21,0.353436142206192,1.6455954396724701,2.2683941509724015,2.4272621377706316,2.444326877593994,35.87615267972062
vision,ln_1.weight,1024,22,0.4092566967010498,1.671306917667389,2.6818021214008647,2.9523907929420097,2.9822983741760254,49.124287186581796
vision,ln_1.weight,1024,23,0.24159620702266693,1.6634385502338407,2.36778948771957,2.7620345706462315,2.8059470653533936,58.100327300011124
vision,ln_2.bias,1024,0,9.810300127810478e-08,0.7133274859189986,1.6635807566643015,1.7958359337925733,1.810160517692566,28.228903519612096
vision,ln_2.bias,1024,1,2.156332584490883e-06,0.38146240055561065,1.352434937953986,1.5339418469905608,1.5535417795181274,84.89645837521603
vision,ln_2.bias,1024,2,4.286051989765838e-06,0.33155410021543485,0.8370763487219836,2.299882848620207,2.4665069580078125,207.70214951442566
vision,ln_2.bias,1024,3,7.421975169563666e-05,0.42432215005159346,1.2519566760659708,1.5449065572380623,1.5768502950668335,31.799819001283495
vision,ln_2.bias,1024,4,3.735591963049956e-05,0.377452278137207,1.4431918042898326,2.012937884735981,2.0774285793304443,55.8554012773283
vision,ln_2.bias,1024,5,1.9052369680139236e-05,0.4095533236861227,1.6017853861451827,1.6523752272248222,1.6561485528945923,34.22870692465415
vision,ln_2.bias,1024,6,0.00013752699305769056,0.42909948885440813,1.1194672247767727,1.7679445379852337,1.8410229682922363,20.631885048336276
vision,ln_2.bias,1024,7,0.0001424481306457892,0.4488154283165929,1.1684594216346835,1.8131217215060276,1.8863062858581543,21.05541401089091
vision,ln_2.bias,1024,8,0.0001716299302643165,0.47884206771850557,2.112531966328656,3.9097902272698724,4.1135759353637695,129.5406724268263
vision,ln_2.bias,1024,9,7.932488369988278e-05,0.7437117242813108,3.7750890908243426,5.510273982906103,5.70167350769043,149.23265395588118
vision,ln_2.bias,1024,10,6.0672213294310495e-05,0.844737013578414,3.388891727447633,6.504850739430943,6.8563151359558105,184.0697732243121
vision,ln_2.bias,1024,11,2.163103999919258e-05,0.7713371759653088,3.4561965699196167,7.411420990609562,7.861256122589111,237.97527160686062
vision,ln_2.bias,1024,12,0.0004121789534110576,0.8249018329381933,3.584363824844419,6.174125398420922,6.467516899108887,173.66759121593486
vision,ln_2.bias,1024,13,6.941737228771672e-05,0.8406151258945456,3.7420784633160715,4.291077519011424,4.350467681884766,53.000052866824106
vision,ln_2.bias,1024,14,7.573012408101931e-05,1.810063805580139,3.3512422451973896,3.644611124873123,3.675294876098633,6.96633807613529
vision,ln_2.bias,1024,15,0.0017626711633056402,3.359320583343503,5.4079556279182945,6.520349155664288,6.645613670349121,4.213893466733724
vision,ln_2.bias,1024,16,0.0011505302973091602,2.861867887973785,5.842492653846841,7.833855773210247,8.057847023010254,6.299664556582554
vision,ln_2.bias,1024,17,0.0027035532984882593,2.288824923038482,5.229776427269022,5.995161675834549,6.081212520599365,5.777360070958633
vision,ln_2.bias,1024,18,9.084538760362193e-05,1.97543351650238,5.011917325973542,5.762472013807192,5.847078323364258,10.408859369204443
vision,ln_2.bias,1024,19,0.0018127645598724484,2.80912355184555,8.356222781658467,9.340454344844689,9.44397258758545,7.683438570006159
vision,ln_2.bias,1024,20,0.0004311434749979526,3.2806681489944456,8.497150176048557,9.172829415035162,9.241636276245117,6.634960891764653
vision,ln_2.bias,1024,21,0.0011980963172391057,3.252103102207179,8.443461063385271,9.255011078548327,9.339778900146484,8.365601937626904
vision,ln_2.bias,1024,22,0.0006655587349087,1.8104566061496727,6.1441857914926965,9.99519700894302,10.42714786529541,67.88167161484422
vision,ln_2.bias,1024,23,0.00048664427595213056,0.8607567876577374,1.8059436563253999,2.0568860110044143,2.083728790283203,5.360091229047741
vision,ln_2.weight,1024,0,2.474607072144863e-06,1.6788784861564623,3.220362593650861,4.070089991855502,4.165653705596924,10.148911426459797
vision,ln_2.weight,1024,1,5.94903895034804e-06,2.366096920967102,2.546159762620932,2.729946227335904,2.7507131099700928,3.7043946224662436
vision,ln_2.weight,1024,2,1.0993479008902796e-05,2.8370632433891294,2.9260833935737627,2.980777513957016,2.9869625568389893,4.08603418503852
vision,ln_2.weight,1024,3,4.673011426348239e-05,2.4952318644523617,2.9632208118438736,3.062352778625474,3.0736050605773926,9.170776126166682
vision,ln_2.weight,1024,4,0.1293398141860962,1.476042704582214,1.6747178304195465,2.096143803739488,2.1439895629882812,4.030256490598495
vision,ln_2.weight,1024,5,0.000530838209670037,1.6566332995891564,1.980476134061814,2.0100616568803744,2.0134153366088867,7.7512168950196525
vision,ln_2.weight,1024,6,0.17479588091373444,1.3335093867778776,1.6126683088541056,1.6135327429771422,1.613555669784546,4.8088377606776325
vision,ln_2.weight,1024,7,0.226152703166008,1.301956844329834,1.4217090693712249,1.6173065327644072,1.6395540237426758,4.510622403628678
vision,ln_2.weight,1024,8,0.2373521327972412,1.3575981974601745,1.494088010787971,1.5304434450983952,1.5343754291534424,7.697768279069404
vision,ln_2.weight,1024,9,0.3998693525791168,1.4673109877109527,1.6275715537071282,1.6471436551213239,1.649217128753662,6.547025086001133
vision,ln_2.weight,1024,10,0.2070855349302292,1.7475590634346008,1.8399596980810171,1.906008330750456,1.913516640663147,7.408794072312494
vision,ln_2.weight,1024,11,0.4419925808906555,1.7659306120872498,1.8713244429826752,1.9260422092318459,1.932228922843933,5.039970749391282
vision,ln_2.weight,1024,12,0.43243178725242615,1.8579969441890714,1.9422941080331804,1.9657750658392872,1.9684476852416992,6.806173916372486
vision,ln_2.weight,1024,13,0.3971444070339203,1.818195036649704,2.0589959725141616,2.0925122922658876,2.0960628986358643,10.568331808043697
vision,ln_2.weight,1024,14,0.007386759854853153,3.028432042598724,3.2557675831317945,3.3775565090894526,3.391303300857544,13.384309613022442
vision,ln_2.weight,1024,15,0.03243143483996391,6.3894806432724,7.004395109653502,7.2382764915942825,7.264072418212891,14.294302734600118
vision,ln_2.weight,1024,16,0.03862299025058746,6.240198817253113,6.5976633391380455,6.670415971946706,6.678276062011719,17.235074102827085
vision,ln_2.weight,1024,17,0.06606943905353546,5.561844968795776,5.733327098369599,5.772580807638163,5.777032852172852,20.00216633301818
vision,ln_2.weight,1024,18,0.11626160889863968,4.181877436637878,4.286959561347964,4.351672900152197,4.358963966369629,23.466651162856834
vision,ln_2.weight,1024,19,0.05827360600233078,7.867879271507263,8.09422804927826,8.17715882539748,8.186575889587402,17.707302286226774
vision,ln_2.weight,1024,20,0.02451460249722004,10.04817135810852,10.457177958488472,10.74541782388683,10.778014183044434,16.38961436657997
vision,ln_2.weight,1024,21,0.11669721454381943,9.152584829330443,9.477934328079225,9.656616139507268,9.676924705505371,18.44833498935084
vision,ln_2.weight,1024,22,0.10941163450479507,3.739225344657898,5.081128283023916,6.673495704364553,6.852560997009277,50.08470672747489
vision,ln_2.weight,1024,23,0.1546851098537445,2.1423134064674367,2.394182425737383,2.431350537943835,2.435535192489624,57.34249851317972
vision,mlp.c_fc.bias,4096,0,0.000839135202113539,2.2322611927986147,2.2777710974216463,2.2850337357521053,2.285912036895752,1.551024024660629
vision,mlp.c_fc.bias,4096,1,0.033738620579242706,2.243603801727295,2.290954819917679,2.3086720180511464,2.310601234436035,1.879508497261855
vision,mlp.c_fc.bias,4096,2,0.07927656173706055,2.0466555953025827,2.173017375469209,2.229399676322929,2.245134115219116,1.728835655685769
vision,mlp.c_fc.bias,4096,3,0.011113271117210388,1.7319408893585206,1.9655156606435806,2.1880443960427858,2.263536214828491,3.013969682207729
vision,mlp.c_fc.bias,4096,4,0.03302407264709473,1.7125586092472085,1.9036492508649836,2.16696072471137,2.2617316246032715,3.1360879817670653
vision,mlp.c_fc.bias,4096,5,0.0030632028356194496,1.7047340214252475,2.027891875505458,2.1332962583303443,2.1352527141571045,3.1539270808354076
vision,mlp.c_fc.bias,4096,6,0.011351258493959904,1.6389792203903213,1.8209970080852524,1.8695589794516556,1.8708713054656982,2.646264184481573
vision,mlp.c_fc.bias,4096,7,0.008957412093877792,1.7004473745822914,1.8541678416728997,1.9742687177061864,2.007751703262329,2.2668855394224776
vision,mlp.c_fc.bias,4096,8,0.005980747751891613,1.6663163661956788,1.9568995088338939,2.1716066746711613,2.1944921016693115,2.3196820293176343
vision,mlp.c_fc.bias,4096,9,0.00479217991232872,1.6534518837928773,2.196416031122243,2.3113296945095057,2.312822103500366,2.478033055685692
vision,mlp.c_fc.bias,4096,10,0.0001893777953227982,1.543026292324067,1.7894608312845532,2.1027066776752283,2.14027738571167,2.8897386277961994
vision,mlp.c_fc.bias,4096,11,0.0043814172968268394,1.4820709586143495,1.6745265066623776,1.7131049963831875,1.7183603048324585,3.7363449677050196
vision,mlp.c_fc.bias,4096,12,0.00020062470866832882,1.5147138297557834,1.6746166419982933,1.83682864165306,1.838663935661316,4.93498603867998
vision,mlp.c_fc.bias,4096,13,0.005334054119884968,1.4896071314811707,1.6652325636148477,1.8017404589652917,1.8211290836334229,5.360367089060439
vision,mlp.c_fc.bias,4096,14,0.015837805345654488,1.4920428633689882,1.7809025913477177,1.8675005704164502,1.868059515953064,5.3464911415560366
vision,mlp.c_fc.bias,4096,15,0.012957713566720486,1.3572240352630625,1.5506457269191785,1.615259684205044,1.6374504566192627,6.686766557989702
vision,mlp.c_fc.bias,4096,16,0.007508303504437208,1.395943528413773,1.6263890308141802,2.312836229681804,2.6378817558288574,29.29996925858354
vision,mlp.c_fc.bias,4096,17,0.00462866248562932,1.4518080949783327,1.772747102975883,2.459919453620802,2.674492835998535,24.82969580876194
vision,mlp.c_fc.bias,4096,18,0.010499665513634682,1.6446487367153173,1.9659398984909222,3.2508132187124987,3.859339714050293,30.310661048607308
vision,mlp.c_fc.bias,4096,19,0.005458544939756393,1.4869470059871683,1.9965650194883513,2.544722227096431,2.794492483139038,27.617059585626127
vision,mlp.c_fc.bias,4096,20,0.01947271265089512,1.4460890233516694,1.8167057180404917,2.3783116679785863,2.7279698848724365,15.995680191748257
vision,mlp.c_fc.bias,4096,21,0.04705454036593437,1.5361737132072455,1.9422058337927322,2.1794734464883607,2.218425750732422,11.258180104641328
vision,mlp.c_fc.bias,4096,22,0.011244158260524273,1.8160859823226934,2.5424022114276976,2.8495303212404113,2.8767335414886475,7.468127246435521
vision,mlp.c_fc.bias,4096,23,0.015203215181827545,1.9532832443714143,2.1903512668609713,2.310390406727773,2.3454627990722656,2.9950903145730643
vision,mlp.c_fc.weight,4194304,0,6.816778044815841e-12,0.03563319668173788,0.0732024759054184,0.1684038228257944,0.33952540159225464,82.60432030937712
vision,mlp.c_fc.weight,4194304,1,1.6341787298368438e-11,0.03639930773526416,0.0712164633795622,0.09732800980359149,0.18220706284046173,12.176342485174775
vision,mlp.c_fc.weight,4194304,2,3.2393565607691244e-10,0.0385354038700461,0.06291447564959685,0.1061061564139959,0.23085995018482208,9.386186464371631
vision,mlp.c_fc.weight,4194304,3,2.950855115813056e-09,0.04086835160851471,0.06479386778176216,0.09785423642022258,0.20879529416561127,6.0384986521099115
vision,mlp.c_fc.weight,4194304,4,3.943659176997016e-09,0.040739021301269523,0.06137053117156066,0.09787978871537784,0.19813066720962524,5.121874436272312
vision,mlp.c_fc.weight,4194304,5,4.3870490573638676e-10,0.039604184441268425,0.05741726455465092,0.08327495000213281,0.20416942238807678,4.184969377709542
vision,mlp.c_fc.weight,4194304,6,7.402342627749192e-10,0.03945004366338251,0.05647644876316456,0.09111225269361745,0.2953466773033142,4.256117717855523
vision,mlp.c_fc.weight,4194304,7,6.778444472388401e-09,0.03967336267232889,0.05593209228292108,0.09034051625948274,0.23286376893520355,3.953278547908379
vision,mlp.c_fc.weight,4194304,8,1.9901629233487483e-09,0.03956221040338272,0.0549100625105204,0.08187088242014887,0.3268011510372162,3.923302040046366
vision,mlp.c_fc.weight,4194304,9,2.2945769728721643e-09,0.0402462000399827,0.054981062024831884,0.0767659024804646,0.2860235571861267,3.640527020435186
vision,mlp.c_fc.weight,4194304,10,1.2068504418039083e-08,0.04046325787901872,0.05647066913545146,0.09932034127786024,0.27269309759140015,3.8766116638521972
vision,mlp.c_fc.weight,4194304,11,2.894902317862602e-09,0.03996416989713901,0.053226685490460376,0.07121725224703099,0.26028910279273987,3.364467358103123
vision,mlp.c_fc.weight,4194304,12,2.1715042264336404e-10,0.03954797215759754,0.05199206816777678,0.06776820461600191,0.2075483500957489,3.2501048983174172
vision,mlp.c_fc.weight,4194304,13,4.7615831277880716e-09,0.03909977618604896,0.05092998583242307,0.06337052502930064,0.16015265882015228,3.144904609090658
vision,mlp.c_fc.weight,4194304,14,1.9941464035611034e-09,0.03740251868963239,0.04882468463853003,0.059180597877496716,0.1792561262845993,3.1176022019209833
vision,mlp.c_fc.weight,4194304,15,1.4641275969395906e-09,0.03928472846746445,0.051084365308286084,0.06163807642235482,0.11477842181921005,3.170790033142059
vision,mlp.c_fc.weight,4194304,16,9.828069913453419e-09,0.039415762461721834,0.05159034131467405,0.0622086590293779,0.13016024231910706,3.1901952176386157
vision,mlp.c_fc.weight,4194304,17,3.416972260694706e-09,0.03886081337928769,0.05092297923937451,0.06137679074368567,0.09987474232912064,3.1728736833856566
vision,mlp.c_fc.weight,4194304,18,3.6178775530970597e-09,0.037522716186940655,0.048726898256689424,0.05911263027413628,0.15760451555252075,3.1092420753715064
vision,mlp.c_fc.weight,4194304,19,1.9376220627975727e-09,0.03997840993106364,0.05176997252553703,0.061917245446143014,0.09759989380836487,3.1289105323616995
vision,mlp.c_fc.weight,4194304,20,3.632567802114295e-09,0.041245226189494104,0.05380118652805753,0.0649674738176044,0.14023125171661377,3.1633778054509616
vision,mlp.c_fc.weight,4194304,21,1.2675199556611005e-08,0.041163185723125884,0.05383948730305006,0.06594085369929344,0.1613699495792389,3.1948778928908625
vision,mlp.c_fc.weight,4194304,22,2.1448627596232228e-11,0.03772711910307399,0.04914282173663412,0.059836689541488755,0.1972925215959549,3.153364851937131
vision,mlp.c_fc.weight,4194304,23,4.8873758373702e-09,0.039275284633040426,0.05135085672885223,0.06495774357020793,0.17722919583320618,3.1481862277653847
vision,mlp.c_proj.bias,1024,0,0.00017250461678486317,0.4760534253716467,1.1448100266456727,1.4645945026039628,1.5006757974624634,29.279769919207315
vision,mlp.c_proj.bias,1024,1,0.0001193619318655692,0.45416194796562104,2.1364889340401505,2.7384295014619,2.8046445846557617,120.41818476391717
vision,mlp.c_proj.bias,1024,2,2.112249239871744e-05,0.7324937492609019,2.694129568934554,3.0969820467471547,3.139559030532837,66.14668112023084
vision,mlp.c_proj.bias,1024,3,0.00019612153118941933,0.45647856831550515,1.9212100684643694,1.9503063938856116,1.9509669542312622,65.24637249018643
vision,mlp.c_proj.bias,1024,4,2.487142410245724e-05,0.3626858952641485,1.063628887057309,1.5827981042503574,1.6418280601501465,62.94508436253859
vision,mlp.c_proj.bias,1024,5,0.00013067250256426632,0.26728727847337685,0.6962647373676412,1.182216509175232,1.237265944480896,30.755154244507246
vision,mlp.c_proj.bias,1024,6,1.2227469596837182e-05,0.24946009650826423,0.5505394023656854,1.0732845576345178,1.1328270435333252,27.766149686627628
vision,mlp.c_proj.bias,1024,7,4.8327674448955804e-05,0.20878539174795116,0.6426976526975788,0.6954307402074268,0.7009788751602173,15.786532274381747
vision,mlp.c_proj.bias,1024,8,0.00011565222666831687,0.21009849816560724,0.5335898794531884,0.5530567376136755,0.5550929307937622,11.037467581863215
vision,mlp.c_proj.bias,1024,9,0.00011633660324150696,0.27970254629850344,0.7034932277798762,1.0122502698421043,1.0471149682998657,32.954394047767806
vision,mlp.c_proj.bias,1024,10,6.500253948615864e-05,0.22612603902816758,0.441247192621236,0.7739950268178707,0.8117685914039612,16.792175360590115
vision,mlp.c_proj.bias,1024,11,1.746541101965704e-06,0.22275429010391223,0.6844706194400868,0.807054883301241,0.8207873702049255,22.734223025061404
vision,mlp.c_proj.bias,1024,12,6.364485670928843e-06,0.2979470422863957,1.497528803646622,1.9589953663706146,2.009885549545288,114.885964142362
vision,mlp.c_proj.bias,1024,13,9.61005935096182e-06,0.27536769598722427,2.4522281975747395,2.669735108184788,2.6908671855926514,207.30281338024648
vision,mlp.c_proj.bias,1024,14,0.0001014702211250551,0.19029953137040123,0.9486886104345835,1.6827522333144118,1.7648940086364746,201.1878181615068
vision,mlp.c_proj.bias,1024,15,8.481216354994103e-05,0.27994525015354144,0.921944597721138,3.734619843649466,4.054025173187256,340.0167263267724
vision,mlp.c_proj.bias,1024,16,0.00013667599705513567,0.267081776857376,0.8375202715992947,3.3726497097727037,3.6614928245544434,315.4417897716742
vision,mlp.c_proj.bias,1024,17,3.2226977054961026e-05,0.27566330313682536,1.96830406665816,2.411537865304889,2.457935333251953,144.12652704433674
vision,mlp.c_proj.bias,1024,18,0.00013089690764900297,0.2273697111010551,1.0747415207624806,1.115122823619838,1.11863374710083,35.57183576117397
vision,mlp.c_proj.bias,1024,19,0.0003096491564065218,0.36008577674627296,0.6334552812576388,3.0444547413345733,3.3189306259155273,182.20591061909613
vision,mlp.c_proj.bias,1024,20,0.000332160503603518,0.5427117198705672,1.41814957624679,5.540071184729946,6.008279323577881,234.0560073459967
vision,mlp.c_proj.bias,1024,21,3.917508729500696e-05,0.6672137200832365,1.343778053164489,9.740897143172026,10.697614669799805,404.09051643307095
vision,mlp.c_proj.bias,1024,22,1.7208634744747542e-05,0.6127920913696286,1.4387966259718132,7.688742377184934,8.400409698486328,363.32924232352633
vision,mlp.c_proj.bias,1024,23,0.0006591214332729578,1.084945204257965,2.177570060253221,3.9742435913083414,4.176705837249756,8.747635349441438
vision,mlp.c_proj.weight,4194304,0,8.603059931111545e-11,0.029475953374058006,0.0721677299439939,0.1369757426261774,0.3502562344074249,48.91602226406029
vision,mlp.c_proj.weight,4194304,1,4.719870605462972e-10,0.03175326313823461,0.0495437082611032,0.07327021222859145,0.2120572328567505,7.994586159177927
vision,mlp.c_proj.weight,4194304,2,3.5931089215068823e-09,0.03242666650563475,0.052189694777131146,0.0879283486880189,0.3186129331588745,9.259903305960076
vision,mlp.c_proj.weight,4194304,3,1.3297672962764295e-09,0.03208915404975413,0.053288421936339675,0.10784047091147714,0.3601434528827667,12.161504492865403
vision,mlp.c_proj.weight,4194304,4,3.495063793934605e-09,0.03214083481580014,0.05012469438463543,0.10587498911989844,0.3724227845668793,11.137208824577082
vision,mlp.c_proj.weight,4194304,5,2.320825309709562e-09,0.03270145781338211,0.04807400870323597,0.07617681967687562,0.21035894751548767,4.50118105140538
vision,mlp.c_proj.weight,4194304,6,4.499326689000327e-09,0.03252290699630973,0.04530770438164575,0.06514661907105962,0.2046137899160385,3.9747365034192206
vision,mlp.c_proj.weight,4194304,7,1.5779921813674491e-09,0.033340235613286445,0.04659744423255395,0.07276956959217609,0.32353779673576355,4.846873977315018
vision,mlp.c_proj.weight,4194304,8,2.4643520557532383e-09,0.03373322885483493,0.0465052622668453,0.07207134411551412,0.4167141914367676,4.914742513787588
vision,mlp.c_proj.weight,4194304,9,8.936703599360385e-10,0.03462507624179122,0.04752222144231209,0.06815649074688095,0.3539906442165375,5.0506453475209065
vision,mlp.c_proj.weight,4194304,10,7.105859234357581e-10,0.03525300178676842,0.04792077311500963,0.06414535370392899,0.6622503399848938,13.838509154283804
vision,mlp.c_proj.weight,4194304,11,2.6394877394864125e-09,0.036025678291916795,0.0483871987760075,0.06430711281299556,0.41520968079566956,4.258906842824289
vision,mlp.c_proj.weight,4194304,12,1.1240051556171693e-08,0.03745781168341636,0.04980800014734421,0.0643325291849663,0.2820170521736145,3.4482411935554316
vision,mlp.c_proj.weight,4194304,13,2.6665025743000115e-09,0.03773069094866509,0.049893284749240194,0.06593562783671814,0.2734605073928833,3.4563538182296156
vision,mlp.c_proj.weight,4194304,14,3.040781182406249e-09,0.0385140136629343,0.05018250262737323,0.06117630978599069,0.22215630114078522,3.1506796697623156
vision,mlp.c_proj.weight,4194304,15,1.5638855765942594e-09,0.03901772044599055,0.050714851699770164,0.06097386070972805,0.13306114077568054,3.140821870180245
vision,mlp.c_proj.weight,4194304,16,2.311735108895263e-10,0.03935957353562114,0.051406523834913995,0.06186365242264988,0.15128542482852936,3.1870137578290736
vision,mlp.c_proj.weight,4194304,17,9.296368674860389e-10,0.039041585251688916,0.05084053190052512,0.061585752328099395,0.1975948065519333,3.1622263243928037
vision,mlp.c_proj.weight,4194304,18,4.676559139937808e-10,0.038695161566138246,0.050328406382353655,0.061602188191931674,0.2949312627315521,3.1727003318990294
vision,mlp.c_proj.weight,4194304,19,5.373645417527939e-10,0.03988530110567802,0.05174395296350377,0.06227229632101623,0.1837235540151596,3.126420350320576
vision,mlp.c_proj.weight,4194304,20,8.876689605585852e-09,0.04178761649876829,0.05444529258832363,0.06568201189562528,0.254862517118454,3.214422564736524
vision,mlp.c_proj.weight,4194304,21,1.2085565881392313e-10,0.04230695161968459,0.05600574896857184,0.06952032058238161,0.46990594267845154,3.5410765909033515
vision,mlp.c_proj.weight,4194304,22,9.421389890462706e-09,0.04187763471156358,0.055833041030914424,0.07214264866408811,0.5949519276618958,3.885907825953595
vision,mlp.c_proj.weight,4194304,23,2.3373190050079984e-09,0.03575482755899424,0.04744529093429477,0.06092104084081778,0.18191851675510406,3.241221353196137
